event_id,baseline_risk_score,baseline_decision,is_anomaly,anomaly_type
EVT_00000,70.0,CHALLENGE,1,Off_Hours_Privileged
EVT_00001,75.0,BLOCK,1,Off_Hours_Privileged
EVT_00002,75.0,BLOCK,1,Off_Hours_Privileged
EVT_00003,75.0,BLOCK,1,Off_Hours_Privileged
EVT_00004,75.0,BLOCK,1,Off_Hours_Privileged
EVT_00005,75.0,BLOCK,1,Off_Hours_Privileged
EVT_00006,75.0,BLOCK,1,Off_Hours_Privileged
EVT_00007,75.0,BLOCK,1,Off_Hours_Privileged
EVT_00008,70.0,CHALLENGE,1,Off_Hours_Privileged
EVT_00009,70.0,CHALLENGE,1,Off_Hours_Privileged
EVT_00010,75.0,BLOCK,1,Off_Hours_Privileged
EVT_00011,70.0,CHALLENGE,1,Off_Hours_Privileged
EVT_00012,75.0,BLOCK,1,Off_Hours_Privileged
EVT_00013,75.0,BLOCK,1,Off_Hours_Privileged
EVT_00014,70.0,CHALLENGE,1,Off_Hours_Privileged
EVT_00015,70.0,CHALLENGE,1,Off_Hours_Privileged
EVT_00016,75.0,BLOCK,1,Off_Hours_Privileged
EVT_00017,75.0,BLOCK,1,Off_Hours_Privileged
EVT_00018,75.0,BLOCK,1,Off_Hours_Privileged
EVT_00019,25.0,ALLOW,0,
EVT_00020,10.0,ALLOW,0,
EVT_00021,10.0,ALLOW,0,
EVT_00022,35.0,ALLOW,0,
EVT_00023,25.0,ALLOW,0,
EVT_00024,10.0,ALLOW,0,
EVT_00025,10.0,ALLOW,0,
EVT_00026,35.0,ALLOW,0,
EVT_00027,40.0,ALLOW,0,
EVT_00028,10.0,ALLOW,0,
EVT_00029,15.0,ALLOW,0,
EVT_00030,15.0,ALLOW,0,
EVT_00031,25.0,ALLOW,0,
EVT_00032,10.0,ALLOW,0,
EVT_00033,25.0,ALLOW,0,
EVT_00034,10.0,ALLOW,0,
EVT_00035,20.0,ALLOW,0,
EVT_00036,30.0,ALLOW,0,
EVT_00037,25.0,ALLOW,0,
EVT_00038,45.0,CHALLENGE,0,
EVT_00039,45.0,CHALLENGE,0,
EVT_00040,40.0,ALLOW,0,
EVT_00041,20.0,ALLOW,0,
EVT_00042,10.0,ALLOW,0,
EVT_00043,10.0,ALLOW,0,
EVT_00044,10.0,ALLOW,0,
EVT_00045,10.0,ALLOW,0,
EVT_00046,25.0,ALLOW,0,
EVT_00047,25.0,ALLOW,0,
EVT_00048,15.0,ALLOW,0,
EVT_00049,25.0,ALLOW,0,
EVT_00050,10.0,ALLOW,0,
EVT_00051,10.0,ALLOW,0,
EVT_00052,25.0,ALLOW,0,
EVT_00053,25.0,ALLOW,0,
EVT_00054,15.0,ALLOW,0,
EVT_00055,25.0,ALLOW,0,
EVT_00056,25.0,ALLOW,0,
EVT_00057,10.0,ALLOW,0,
EVT_00058,25.0,ALLOW,0,
EVT_00059,10.0,ALLOW,0,
EVT_00060,10.0,ALLOW,0,
EVT_00061,50.0,CHALLENGE,0,
EVT_00062,50.0,CHALLENGE,0,
EVT_00063,10.0,ALLOW,0,
EVT_00064,25.0,ALLOW,0,
EVT_00065,35.0,ALLOW,0,
EVT_00066,10.0,ALLOW,0,
EVT_00067,10.0,ALLOW,0,
EVT_00068,10.0,ALLOW,0,
EVT_00069,60.0,CHALLENGE,0,
EVT_00070,15.0,ALLOW,0,
EVT_00071,10.0,ALLOW,0,
EVT_00072,35.0,ALLOW,0,
EVT_00073,25.0,ALLOW,0,
EVT_00074,10.0,ALLOW,0,
EVT_00075,10.0,ALLOW,0,
EVT_00076,10.0,ALLOW,0,
EVT_00077,25.0,ALLOW,0,
EVT_00078,25.0,ALLOW,0,
EVT_00079,10.0,ALLOW,0,
EVT_00080,25.0,ALLOW,0,
EVT_00081,10.0,ALLOW,0,
EVT_00082,10.0,ALLOW,0,
EVT_00083,25.0,ALLOW,0,
EVT_00084,15.0,ALLOW,0,
EVT_00085,10.0,ALLOW,0,
EVT_00086,15.0,ALLOW,0,
EVT_00087,10.0,ALLOW,0,
EVT_00088,10.0,ALLOW,0,
EVT_00089,15.0,ALLOW,0,
EVT_00090,10.0,ALLOW,0,
EVT_00091,10.0,ALLOW,0,
EVT_00092,10.0,ALLOW,0,
EVT_00093,15.0,ALLOW,0,
EVT_00094,25.0,ALLOW,0,
EVT_00095,70.0,CHALLENGE,1,Privilege_Escalation
EVT_00096,70.0,CHALLENGE,1,Privilege_Escalation
EVT_00097,70.0,CHALLENGE,1,Privilege_Escalation
EVT_00098,70.0,CHALLENGE,1,Privilege_Escalation
EVT_00099,70.0,CHALLENGE,1,Privilege_Escalation
EVT_00100,60.0,CHALLENGE,1,Privilege_Escalation
EVT_00101,10.0,ALLOW,0,
EVT_00102,60.0,CHALLENGE,0,
EVT_00103,25.0,ALLOW,0,
EVT_00104,10.0,ALLOW,0,
EVT_00105,10.0,ALLOW,0,
EVT_00106,80.0,BLOCK,1,New_Device_Sensitive
EVT_00107,10.0,ALLOW,0,
EVT_00108,15.0,ALLOW,0,
EVT_00109,25.0,ALLOW,0,
EVT_00110,35.0,ALLOW,0,
EVT_00111,40.0,ALLOW,0,
EVT_00112,15.0,ALLOW,0,
EVT_00113,25.0,ALLOW,1,Unusual_Resource_Access
EVT_00114,10.0,ALLOW,0,
EVT_00115,10.0,ALLOW,0,
EVT_00116,25.0,ALLOW,0,
EVT_00117,25.0,ALLOW,1,Unusual_Resource_Access
EVT_00118,10.0,ALLOW,0,
EVT_00119,45.0,CHALLENGE,0,
EVT_00120,15.0,ALLOW,0,
EVT_00121,70.0,CHALLENGE,1,New_Device_Sensitive
EVT_00122,45.0,CHALLENGE,1,Impossible_Travel
EVT_00123,10.0,ALLOW,0,
EVT_00124,35.0,ALLOW,0,
EVT_00125,50.0,CHALLENGE,0,
EVT_00126,10.0,ALLOW,0,
EVT_00127,10.0,ALLOW,0,
EVT_00128,10.0,ALLOW,0,
EVT_00129,40.0,ALLOW,0,
EVT_00130,10.0,ALLOW,0,
EVT_00131,10.0,ALLOW,0,
EVT_00132,10.0,ALLOW,0,
EVT_00133,15.0,ALLOW,0,
EVT_00134,10.0,ALLOW,0,
EVT_00135,10.0,ALLOW,0,
EVT_00136,10.0,ALLOW,0,
EVT_00137,25.0,ALLOW,0,
EVT_00138,10.0,ALLOW,0,
EVT_00139,45.0,CHALLENGE,0,
EVT_00140,25.0,ALLOW,0,
EVT_00141,30.0,ALLOW,0,
EVT_00142,10.0,ALLOW,0,
EVT_00143,25.0,ALLOW,0,
EVT_00144,10.0,ALLOW,0,
EVT_00145,10.0,ALLOW,0,
EVT_00146,15.0,ALLOW,0,
EVT_00147,10.0,ALLOW,0,
EVT_00148,10.0,ALLOW,0,
EVT_00149,30.0,ALLOW,0,
EVT_00150,30.0,ALLOW,0,
EVT_00151,20.0,ALLOW,0,
EVT_00152,25.0,ALLOW,0,
EVT_00153,35.0,ALLOW,0,
EVT_00154,10.0,ALLOW,0,
EVT_00155,25.0,ALLOW,0,
EVT_00156,10.0,ALLOW,0,
EVT_00157,95.0,BLOCK,1,New_Device_Sensitive
EVT_00158,25.0,ALLOW,0,
EVT_00159,25.0,ALLOW,0,
EVT_00160,30.0,ALLOW,0,
EVT_00161,40.0,ALLOW,0,
EVT_00162,25.0,ALLOW,0,
EVT_00163,10.0,ALLOW,0,
EVT_00164,10.0,ALLOW,0,
EVT_00165,15.0,ALLOW,0,
EVT_00166,25.0,ALLOW,0,
EVT_00167,45.0,CHALLENGE,0,
EVT_00168,30.0,ALLOW,0,
EVT_00169,15.0,ALLOW,0,
EVT_00170,10.0,ALLOW,0,
EVT_00171,45.0,CHALLENGE,1,Impossible_Travel
EVT_00172,10.0,ALLOW,0,
EVT_00173,10.0,ALLOW,0,
EVT_00174,45.0,CHALLENGE,1,Impossible_Travel
EVT_00175,35.0,ALLOW,0,
EVT_00176,25.0,ALLOW,0,
EVT_00177,25.0,ALLOW,0,
EVT_00178,25.0,ALLOW,0,
EVT_00179,10.0,ALLOW,0,
EVT_00180,10.0,ALLOW,0,
EVT_00181,15.0,ALLOW,0,
EVT_00182,40.0,ALLOW,0,
EVT_00183,10.0,ALLOW,0,
EVT_00184,25.0,ALLOW,0,
EVT_00185,10.0,ALLOW,0,
EVT_00186,10.0,ALLOW,0,
EVT_00187,10.0,ALLOW,0,
EVT_00188,10.0,ALLOW,0,
EVT_00189,25.0,ALLOW,0,
EVT_00190,25.0,ALLOW,0,
EVT_00191,10.0,ALLOW,0,
EVT_00192,10.0,ALLOW,0,
EVT_00193,35.0,ALLOW,0,
EVT_00194,25.0,ALLOW,0,
EVT_00195,30.0,ALLOW,0,
EVT_00196,10.0,ALLOW,0,
EVT_00197,25.0,ALLOW,0,
EVT_00198,10.0,ALLOW,0,
EVT_00199,10.0,ALLOW,0,
EVT_00200,10.0,ALLOW,0,
EVT_00201,25.0,ALLOW,0,
EVT_00202,10.0,ALLOW,0,
EVT_00203,25.0,ALLOW,0,
EVT_00204,10.0,ALLOW,0,
EVT_00205,10.0,ALLOW,0,
EVT_00206,10.0,ALLOW,0,
EVT_00207,25.0,ALLOW,0,
EVT_00208,25.0,ALLOW,0,
EVT_00209,10.0,ALLOW,0,
EVT_00210,10.0,ALLOW,0,
EVT_00211,40.0,ALLOW,0,
EVT_00212,10.0,ALLOW,0,
EVT_00213,10.0,ALLOW,0,
EVT_00214,10.0,ALLOW,0,
EVT_00215,10.0,ALLOW,0,
EVT_00216,15.0,ALLOW,0,
EVT_00217,10.0,ALLOW,0,
EVT_00218,10.0,ALLOW,0,
EVT_00219,10.0,ALLOW,0,
EVT_00220,70.0,CHALLENGE,1,New_Device_Sensitive
EVT_00221,25.0,ALLOW,0,
EVT_00222,25.0,ALLOW,0,
EVT_00223,35.0,ALLOW,0,
EVT_00224,25.0,ALLOW,0,
EVT_00225,10.0,ALLOW,0,
EVT_00226,10.0,ALLOW,0,
EVT_00227,10.0,ALLOW,0,
EVT_00228,15.0,ALLOW,0,
EVT_00229,10.0,ALLOW,0,
EVT_00230,40.0,ALLOW,0,
EVT_00231,10.0,ALLOW,0,
EVT_00232,45.0,CHALLENGE,0,
EVT_00233,10.0,ALLOW,0,
EVT_00234,15.0,ALLOW,0,
EVT_00235,25.0,ALLOW,0,
EVT_00236,10.0,ALLOW,0,
EVT_00237,15.0,ALLOW,0,
EVT_00238,25.0,ALLOW,0,
EVT_00239,10.0,ALLOW,0,
EVT_00240,10.0,ALLOW,0,
EVT_00241,10.0,ALLOW,0,
EVT_00242,10.0,ALLOW,0,
EVT_00243,10.0,ALLOW,0,
EVT_00244,25.0,ALLOW,0,
EVT_00245,10.0,ALLOW,0,
EVT_00246,10.0,ALLOW,0,
EVT_00247,10.0,ALLOW,0,
EVT_00248,25.0,ALLOW,0,
EVT_00249,10.0,ALLOW,0,
EVT_00250,30.0,ALLOW,0,
EVT_00251,25.0,ALLOW,0,
EVT_00252,10.0,ALLOW,0,
EVT_00253,10.0,ALLOW,0,
EVT_00254,15.0,ALLOW,0,
EVT_00255,25.0,ALLOW,0,
EVT_00256,10.0,ALLOW,0,
EVT_00257,30.0,ALLOW,0,
EVT_00258,10.0,ALLOW,0,
EVT_00259,10.0,ALLOW,0,
EVT_00260,15.0,ALLOW,0,
EVT_00261,35.0,ALLOW,0,
EVT_00262,10.0,ALLOW,0,
EVT_00263,45.0,CHALLENGE,0,
EVT_00264,10.0,ALLOW,0,
EVT_00265,10.0,ALLOW,0,
EVT_00266,25.0,ALLOW,1,Unusual_Resource_Access
EVT_00267,10.0,ALLOW,0,
EVT_00268,10.0,ALLOW,0,
EVT_00269,20.0,ALLOW,0,
EVT_00270,40.0,ALLOW,0,
EVT_00271,25.0,ALLOW,0,
EVT_00272,10.0,ALLOW,0,
EVT_00273,10.0,ALLOW,0,
EVT_00274,15.0,ALLOW,0,
EVT_00275,10.0,ALLOW,0,
EVT_00276,10.0,ALLOW,0,
EVT_00277,15.0,ALLOW,0,
EVT_00278,25.0,ALLOW,0,
EVT_00279,60.0,CHALLENGE,0,
EVT_00280,45.0,CHALLENGE,0,
EVT_00281,10.0,ALLOW,0,
EVT_00282,10.0,ALLOW,0,
EVT_00283,35.0,ALLOW,0,
EVT_00284,10.0,ALLOW,0,
EVT_00285,10.0,ALLOW,0,
EVT_00286,25.0,ALLOW,0,
EVT_00287,10.0,ALLOW,0,
EVT_00288,60.0,CHALLENGE,0,
EVT_00289,35.0,ALLOW,0,
EVT_00290,25.0,ALLOW,0,
EVT_00291,35.0,ALLOW,0,
EVT_00292,25.0,ALLOW,0,
EVT_00293,10.0,ALLOW,0,
EVT_00294,10.0,ALLOW,0,
EVT_00295,15.0,ALLOW,0,
EVT_00296,10.0,ALLOW,0,
EVT_00297,10.0,ALLOW,0,
EVT_00298,45.0,CHALLENGE,0,
EVT_00299,10.0,ALLOW,0,
EVT_00300,35.0,ALLOW,0,
EVT_00301,10.0,ALLOW,0,
EVT_00302,10.0,ALLOW,0,
EVT_00303,25.0,ALLOW,0,
EVT_00304,10.0,ALLOW,0,
EVT_00305,25.0,ALLOW,0,
EVT_00306,15.0,ALLOW,0,
EVT_00307,25.0,ALLOW,0,
EVT_00308,10.0,ALLOW,0,
EVT_00309,15.0,ALLOW,0,
EVT_00310,25.0,ALLOW,0,
EVT_00311,25.0,ALLOW,0,
EVT_00312,25.0,ALLOW,0,
EVT_00313,25.0,ALLOW,0,
EVT_00314,10.0,ALLOW,0,
EVT_00315,45.0,CHALLENGE,0,
EVT_00316,10.0,ALLOW,0,
EVT_00317,25.0,ALLOW,0,
EVT_00318,10.0,ALLOW,0,
EVT_00319,10.0,ALLOW,0,
EVT_00320,10.0,ALLOW,0,
EVT_00321,10.0,ALLOW,0,
EVT_00322,10.0,ALLOW,0,
EVT_00323,10.0,ALLOW,0,
EVT_00324,10.0,ALLOW,0,
EVT_00325,10.0,ALLOW,0,
EVT_00326,25.0,ALLOW,0,
EVT_00327,10.0,ALLOW,0,
EVT_00328,10.0,ALLOW,0,
EVT_00329,10.0,ALLOW,0,
EVT_00330,25.0,ALLOW,0,
EVT_00331,10.0,ALLOW,0,
EVT_00332,30.0,ALLOW,0,
EVT_00333,10.0,ALLOW,0,
EVT_00334,25.0,ALLOW,0,
EVT_00335,10.0,ALLOW,0,
EVT_00336,10.0,ALLOW,0,
EVT_00337,25.0,ALLOW,0,
EVT_00338,10.0,ALLOW,0,
EVT_00339,25.0,ALLOW,0,
EVT_00340,50.0,CHALLENGE,0,
EVT_00341,25.0,ALLOW,0,
EVT_00342,10.0,ALLOW,0,
EVT_00343,25.0,ALLOW,0,
EVT_00344,10.0,ALLOW,0,
EVT_00345,15.0,ALLOW,0,
EVT_00346,45.0,CHALLENGE,1,Impossible_Travel
EVT_00347,10.0,ALLOW,0,
EVT_00348,25.0,ALLOW,0,
EVT_00349,10.0,ALLOW,0,
EVT_00350,50.0,CHALLENGE,0,
EVT_00351,10.0,ALLOW,0,
EVT_00352,25.0,ALLOW,0,
EVT_00353,45.0,CHALLENGE,0,
EVT_00354,25.0,ALLOW,0,
EVT_00355,10.0,ALLOW,0,
EVT_00356,25.0,ALLOW,0,
EVT_00357,15.0,ALLOW,0,
EVT_00358,10.0,ALLOW,0,
EVT_00359,10.0,ALLOW,0,
EVT_00360,10.0,ALLOW,0,
EVT_00361,10.0,ALLOW,0,
EVT_00362,10.0,ALLOW,0,
EVT_00363,30.0,ALLOW,0,
EVT_00364,25.0,ALLOW,0,
EVT_00365,35.0,ALLOW,0,
EVT_00366,10.0,ALLOW,0,
EVT_00367,25.0,ALLOW,0,
EVT_00368,10.0,ALLOW,0,
EVT_00369,10.0,ALLOW,0,
EVT_00370,10.0,ALLOW,0,
EVT_00371,15.0,ALLOW,0,
EVT_00372,25.0,ALLOW,0,
EVT_00373,15.0,ALLOW,0,
EVT_00374,50.0,CHALLENGE,0,
EVT_00375,10.0,ALLOW,0,
EVT_00376,25.0,ALLOW,0,
EVT_00377,10.0,ALLOW,0,
EVT_00378,10.0,ALLOW,0,
EVT_00379,10.0,ALLOW,0,
EVT_00380,25.0,ALLOW,0,
EVT_00381,10.0,ALLOW,0,
EVT_00382,25.0,ALLOW,0,
EVT_00383,10.0,ALLOW,0,
EVT_00384,25.0,ALLOW,0,
EVT_00385,10.0,ALLOW,0,
EVT_00386,10.0,ALLOW,0,
EVT_00387,10.0,ALLOW,0,
EVT_00388,25.0,ALLOW,0,
EVT_00389,10.0,ALLOW,0,
EVT_00390,15.0,ALLOW,0,
EVT_00391,10.0,ALLOW,0,
EVT_00392,15.0,ALLOW,0,
EVT_00393,25.0,ALLOW,0,
EVT_00394,25.0,ALLOW,1,Unusual_Resource_Access
EVT_00395,10.0,ALLOW,0,
EVT_00396,10.0,ALLOW,0,
EVT_00397,10.0,ALLOW,0,
EVT_00398,25.0,ALLOW,0,
EVT_00399,20.0,ALLOW,0,
EVT_00400,25.0,ALLOW,0,
EVT_00401,10.0,ALLOW,0,
EVT_00402,25.0,ALLOW,0,
EVT_00403,50.0,CHALLENGE,0,
EVT_00404,45.0,CHALLENGE,0,
EVT_00405,10.0,ALLOW,0,
EVT_00406,10.0,ALLOW,0,
EVT_00407,10.0,ALLOW,0,
EVT_00408,85.0,BLOCK,1,New_Device_Sensitive
EVT_00409,10.0,ALLOW,0,
EVT_00410,35.0,ALLOW,0,
EVT_00411,25.0,ALLOW,0,
EVT_00412,15.0,ALLOW,0,
EVT_00413,35.0,ALLOW,0,
EVT_00414,10.0,ALLOW,0,
EVT_00415,10.0,ALLOW,0,
EVT_00416,30.0,ALLOW,0,
EVT_00417,10.0,ALLOW,0,
EVT_00418,25.0,ALLOW,0,
EVT_00419,50.0,CHALLENGE,0,
EVT_00420,10.0,ALLOW,0,
EVT_00421,10.0,ALLOW,0,
EVT_00422,10.0,ALLOW,0,
EVT_00423,15.0,ALLOW,0,
EVT_00424,15.0,ALLOW,0,
EVT_00425,10.0,ALLOW,0,
EVT_00426,10.0,ALLOW,0,
EVT_00427,25.0,ALLOW,0,
EVT_00428,10.0,ALLOW,0,
EVT_00429,25.0,ALLOW,0,
EVT_00430,25.0,ALLOW,0,
EVT_00431,80.0,BLOCK,1,Privilege_Escalation
EVT_00432,80.0,BLOCK,1,Privilege_Escalation
EVT_00433,80.0,BLOCK,1,Privilege_Escalation
EVT_00434,80.0,BLOCK,1,Privilege_Escalation
EVT_00435,80.0,BLOCK,1,Privilege_Escalation
EVT_00436,70.0,CHALLENGE,1,Privilege_Escalation
EVT_00437,10.0,ALLOW,0,
EVT_00438,25.0,ALLOW,0,
EVT_00439,10.0,ALLOW,0,
EVT_00440,25.0,ALLOW,0,
EVT_00441,25.0,ALLOW,0,
EVT_00442,10.0,ALLOW,0,
EVT_00443,25.0,ALLOW,0,
EVT_00444,10.0,ALLOW,0,
EVT_00445,15.0,ALLOW,0,
EVT_00446,10.0,ALLOW,0,
EVT_00447,15.0,ALLOW,0,
EVT_00448,10.0,ALLOW,0,
EVT_00449,25.0,ALLOW,0,
EVT_00450,25.0,ALLOW,0,
EVT_00451,40.0,ALLOW,0,
EVT_00452,10.0,ALLOW,0,
EVT_00453,10.0,ALLOW,0,
EVT_00454,10.0,ALLOW,0,
EVT_00455,45.0,CHALLENGE,0,
EVT_00456,15.0,ALLOW,0,
EVT_00457,10.0,ALLOW,0,
EVT_00458,10.0,ALLOW,0,
EVT_00459,35.0,ALLOW,0,
EVT_00460,15.0,ALLOW,0,
EVT_00461,10.0,ALLOW,0,
EVT_00462,25.0,ALLOW,0,
EVT_00463,15.0,ALLOW,0,
EVT_00464,10.0,ALLOW,0,
EVT_00465,35.0,ALLOW,0,
EVT_00466,10.0,ALLOW,0,
EVT_00467,15.0,ALLOW,0,
EVT_00468,10.0,ALLOW,0,
EVT_00469,40.0,ALLOW,0,
EVT_00470,10.0,ALLOW,0,
EVT_00471,10.0,ALLOW,0,
EVT_00472,25.0,ALLOW,0,
EVT_00473,10.0,ALLOW,0,
EVT_00474,10.0,ALLOW,0,
EVT_00475,10.0,ALLOW,0,
EVT_00476,35.0,ALLOW,0,
EVT_00477,15.0,ALLOW,0,
EVT_00478,25.0,ALLOW,0,
EVT_00479,10.0,ALLOW,0,
EVT_00480,30.0,ALLOW,0,
EVT_00481,30.0,ALLOW,0,
EVT_00482,10.0,ALLOW,0,
EVT_00483,10.0,ALLOW,0,
EVT_00484,10.0,ALLOW,0,
EVT_00485,40.0,ALLOW,0,
EVT_00486,10.0,ALLOW,0,
EVT_00487,10.0,ALLOW,0,
EVT_00488,10.0,ALLOW,0,
EVT_00489,10.0,ALLOW,0,
EVT_00490,10.0,ALLOW,0,
EVT_00491,10.0,ALLOW,0,
EVT_00492,15.0,ALLOW,0,
EVT_00493,10.0,ALLOW,0,
EVT_00494,20.0,ALLOW,0,
EVT_00495,25.0,ALLOW,0,
EVT_00496,25.0,ALLOW,0,
EVT_00497,45.0,CHALLENGE,0,
EVT_00498,25.0,ALLOW,0,
EVT_00499,10.0,ALLOW,0,
EVT_00500,25.0,ALLOW,0,
EVT_00501,10.0,ALLOW,0,
EVT_00502,10.0,ALLOW,0,
EVT_00503,15.0,ALLOW,0,
EVT_00504,25.0,ALLOW,0,
EVT_00505,10.0,ALLOW,0,
EVT_00506,10.0,ALLOW,0,
EVT_00507,30.0,ALLOW,0,
EVT_00508,10.0,ALLOW,0,
EVT_00509,10.0,ALLOW,0,
EVT_00510,10.0,ALLOW,0,
EVT_00511,10.0,ALLOW,0,
EVT_00512,10.0,ALLOW,0,
EVT_00513,10.0,ALLOW,0,
EVT_00514,10.0,ALLOW,0,
EVT_00515,10.0,ALLOW,0,
EVT_00516,10.0,ALLOW,0,
EVT_00517,15.0,ALLOW,0,
EVT_00518,10.0,ALLOW,0,
EVT_00519,10.0,ALLOW,0,
EVT_00520,60.0,CHALLENGE,1,Impossible_Travel
EVT_00521,10.0,ALLOW,0,
EVT_00522,30.0,ALLOW,0,
EVT_00523,10.0,ALLOW,0,
EVT_00524,10.0,ALLOW,0,
EVT_00525,15.0,ALLOW,0,
EVT_00526,25.0,ALLOW,0,
EVT_00527,25.0,ALLOW,0,
EVT_00528,25.0,ALLOW,0,
EVT_00529,25.0,ALLOW,0,
EVT_00530,10.0,ALLOW,0,
EVT_00531,10.0,ALLOW,0,
EVT_00532,25.0,ALLOW,0,
EVT_00533,10.0,ALLOW,0,
EVT_00534,10.0,ALLOW,0,
EVT_00535,10.0,ALLOW,0,
EVT_00536,25.0,ALLOW,0,
EVT_00537,10.0,ALLOW,0,
EVT_00538,15.0,ALLOW,0,
EVT_00539,10.0,ALLOW,0,
EVT_00540,10.0,ALLOW,0,
EVT_00541,45.0,CHALLENGE,0,
EVT_00542,30.0,ALLOW,0,
EVT_00543,10.0,ALLOW,0,
EVT_00544,25.0,ALLOW,0,
EVT_00545,10.0,ALLOW,0,
EVT_00546,25.0,ALLOW,0,
EVT_00547,10.0,ALLOW,0,
EVT_00548,10.0,ALLOW,0,
EVT_00549,10.0,ALLOW,0,
EVT_00550,10.0,ALLOW,0,
EVT_00551,10.0,ALLOW,0,
EVT_00552,30.0,ALLOW,0,
EVT_00553,25.0,ALLOW,0,
EVT_00554,25.0,ALLOW,0,
EVT_00555,25.0,ALLOW,0,
EVT_00556,15.0,ALLOW,0,
EVT_00557,10.0,ALLOW,0,
EVT_00558,10.0,ALLOW,0,
EVT_00559,10.0,ALLOW,0,
EVT_00560,10.0,ALLOW,0,
EVT_00561,10.0,ALLOW,0,
EVT_00562,10.0,ALLOW,0,
EVT_00563,25.0,ALLOW,0,
EVT_00564,10.0,ALLOW,0,
EVT_00565,25.0,ALLOW,0,
EVT_00566,25.0,ALLOW,0,
EVT_00567,25.0,ALLOW,0,
EVT_00568,40.0,ALLOW,0,
EVT_00569,10.0,ALLOW,0,
EVT_00570,35.0,ALLOW,0,
EVT_00571,25.0,ALLOW,0,
EVT_00572,10.0,ALLOW,0,
EVT_00573,15.0,ALLOW,0,
EVT_00574,10.0,ALLOW,0,
EVT_00575,10.0,ALLOW,0,
EVT_00576,15.0,ALLOW,0,
EVT_00577,50.0,CHALLENGE,0,
EVT_00578,10.0,ALLOW,0,
EVT_00579,25.0,ALLOW,0,
EVT_00580,10.0,ALLOW,0,
EVT_00581,10.0,ALLOW,0,
EVT_00582,10.0,ALLOW,0,
EVT_00583,10.0,ALLOW,0,
EVT_00584,25.0,ALLOW,0,
EVT_00585,25.0,ALLOW,0,
EVT_00586,20.0,ALLOW,0,
EVT_00587,40.0,ALLOW,0,
EVT_00588,15.0,ALLOW,0,
EVT_00589,25.0,ALLOW,0,
EVT_00590,15.0,ALLOW,0,
EVT_00591,10.0,ALLOW,0,
EVT_00592,25.0,ALLOW,0,
EVT_00593,10.0,ALLOW,0,
EVT_00594,25.0,ALLOW,0,
EVT_00595,10.0,ALLOW,0,
EVT_00596,25.0,ALLOW,0,
EVT_00597,15.0,ALLOW,0,
EVT_00598,40.0,ALLOW,0,
EVT_00599,25.0,ALLOW,0,
EVT_00600,30.0,ALLOW,0,
EVT_00601,10.0,ALLOW,0,
EVT_00602,10.0,ALLOW,0,
EVT_00603,15.0,ALLOW,0,
EVT_00604,25.0,ALLOW,0,
EVT_00605,10.0,ALLOW,0,
EVT_00606,10.0,ALLOW,0,
EVT_00607,25.0,ALLOW,0,
EVT_00608,10.0,ALLOW,0,
EVT_00609,10.0,ALLOW,0,
EVT_00610,35.0,ALLOW,0,
EVT_00611,55.0,CHALLENGE,0,
EVT_00612,10.0,ALLOW,0,
EVT_00613,10.0,ALLOW,0,
EVT_00614,10.0,ALLOW,0,
EVT_00615,25.0,ALLOW,0,
EVT_00616,10.0,ALLOW,0,
EVT_00617,25.0,ALLOW,0,
EVT_00618,10.0,ALLOW,0,
EVT_00619,10.0,ALLOW,0,
EVT_00620,25.0,ALLOW,0,
EVT_00621,10.0,ALLOW,0,
EVT_00622,25.0,ALLOW,0,
EVT_00623,10.0,ALLOW,0,
EVT_00624,10.0,ALLOW,0,
EVT_00625,10.0,ALLOW,0,
EVT_00626,10.0,ALLOW,0,
EVT_00627,25.0,ALLOW,0,
EVT_00628,10.0,ALLOW,0,
EVT_00629,25.0,ALLOW,0,
EVT_00630,20.0,ALLOW,0,
EVT_00631,25.0,ALLOW,1,Unusual_Resource_Access
EVT_00632,25.0,ALLOW,0,
EVT_00633,25.0,ALLOW,0,
EVT_00634,10.0,ALLOW,0,
EVT_00635,10.0,ALLOW,0,
EVT_00636,25.0,ALLOW,0,
EVT_00637,10.0,ALLOW,0,
EVT_00638,25.0,ALLOW,1,Unusual_Resource_Access
EVT_00639,10.0,ALLOW,0,
EVT_00640,10.0,ALLOW,0,
EVT_00641,40.0,ALLOW,0,
EVT_00642,25.0,ALLOW,0,
EVT_00643,50.0,CHALLENGE,0,
EVT_00644,25.0,ALLOW,0,
EVT_00645,30.0,ALLOW,0,
EVT_00646,10.0,ALLOW,0,
EVT_00647,60.0,CHALLENGE,0,
EVT_00648,15.0,ALLOW,0,
EVT_00649,15.0,ALLOW,0,
EVT_00650,10.0,ALLOW,0,
EVT_00651,10.0,ALLOW,0,
EVT_00652,10.0,ALLOW,0,
EVT_00653,10.0,ALLOW,0,
EVT_00654,25.0,ALLOW,0,
EVT_00655,10.0,ALLOW,0,
EVT_00656,15.0,ALLOW,0,
EVT_00657,10.0,ALLOW,0,
EVT_00658,10.0,ALLOW,0,
EVT_00659,10.0,ALLOW,0,
EVT_00660,10.0,ALLOW,0,
EVT_00661,10.0,ALLOW,0,
EVT_00662,25.0,ALLOW,0,
EVT_00663,10.0,ALLOW,0,
EVT_00664,10.0,ALLOW,0,
EVT_00665,10.0,ALLOW,0,
EVT_00666,10.0,ALLOW,0,
EVT_00667,25.0,ALLOW,0,
EVT_00668,15.0,ALLOW,0,
EVT_00669,10.0,ALLOW,0,
EVT_00670,15.0,ALLOW,0,
EVT_00671,10.0,ALLOW,0,
EVT_00672,10.0,ALLOW,0,
EVT_00673,10.0,ALLOW,0,
EVT_00674,40.0,ALLOW,0,
EVT_00675,10.0,ALLOW,0,
EVT_00676,10.0,ALLOW,0,
EVT_00677,25.0,ALLOW,0,
EVT_00678,20.0,ALLOW,0,
EVT_00679,40.0,ALLOW,0,
EVT_00680,10.0,ALLOW,0,
EVT_00681,45.0,CHALLENGE,0,
EVT_00682,10.0,ALLOW,0,
EVT_00683,10.0,ALLOW,0,
EVT_00684,10.0,ALLOW,0,
EVT_00685,25.0,ALLOW,0,
EVT_00686,35.0,ALLOW,0,
EVT_00687,10.0,ALLOW,0,
EVT_00688,25.0,ALLOW,0,
EVT_00689,30.0,ALLOW,0,
EVT_00690,25.0,ALLOW,0,
EVT_00691,10.0,ALLOW,0,
EVT_00692,10.0,ALLOW,0,
EVT_00693,10.0,ALLOW,0,
EVT_00694,15.0,ALLOW,0,
EVT_00695,10.0,ALLOW,0,
EVT_00696,10.0,ALLOW,0,
EVT_00697,25.0,ALLOW,0,
EVT_00698,10.0,ALLOW,0,
EVT_00699,10.0,ALLOW,0,
EVT_00700,15.0,ALLOW,0,
EVT_00701,35.0,ALLOW,0,
EVT_00702,45.0,CHALLENGE,0,
EVT_00703,10.0,ALLOW,0,
EVT_00704,25.0,ALLOW,0,
EVT_00705,10.0,ALLOW,0,
EVT_00706,10.0,ALLOW,0,
EVT_00707,85.0,BLOCK,1,New_Device_Sensitive
EVT_00708,10.0,ALLOW,0,
EVT_00709,40.0,ALLOW,0,
EVT_00710,25.0,ALLOW,0,
EVT_00711,25.0,ALLOW,0,
EVT_00712,25.0,ALLOW,0,
EVT_00713,25.0,ALLOW,0,
EVT_00714,25.0,ALLOW,0,
EVT_00715,10.0,ALLOW,0,
EVT_00716,10.0,ALLOW,0,
EVT_00717,10.0,ALLOW,0,
EVT_00718,15.0,ALLOW,0,
EVT_00719,10.0,ALLOW,0,
EVT_00720,10.0,ALLOW,0,
EVT_00721,25.0,ALLOW,0,
EVT_00722,10.0,ALLOW,0,
EVT_00723,10.0,ALLOW,0,
EVT_00724,15.0,ALLOW,0,
EVT_00725,25.0,ALLOW,0,
EVT_00726,45.0,CHALLENGE,0,
EVT_00727,10.0,ALLOW,0,
EVT_00728,10.0,ALLOW,0,
EVT_00729,10.0,ALLOW,0,
EVT_00730,10.0,ALLOW,0,
EVT_00731,15.0,ALLOW,0,
EVT_00732,25.0,ALLOW,0,
EVT_00733,25.0,ALLOW,0,
EVT_00734,15.0,ALLOW,0,
EVT_00735,40.0,ALLOW,0,
EVT_00736,10.0,ALLOW,0,
EVT_00737,10.0,ALLOW,0,
EVT_00738,60.0,CHALLENGE,0,
EVT_00739,10.0,ALLOW,0,
EVT_00740,45.0,CHALLENGE,0,
EVT_00741,10.0,ALLOW,0,
EVT_00742,10.0,ALLOW,0,
EVT_00743,25.0,ALLOW,0,
EVT_00744,15.0,ALLOW,0,
EVT_00745,15.0,ALLOW,0,
EVT_00746,45.0,CHALLENGE,0,
EVT_00747,25.0,ALLOW,0,
EVT_00748,15.0,ALLOW,0,
EVT_00749,10.0,ALLOW,0,
EVT_00750,10.0,ALLOW,0,
EVT_00751,15.0,ALLOW,0,
EVT_00752,15.0,ALLOW,0,
EVT_00753,25.0,ALLOW,0,
EVT_00754,10.0,ALLOW,0,
EVT_00755,10.0,ALLOW,0,
EVT_00756,30.0,ALLOW,0,
EVT_00757,10.0,ALLOW,0,
EVT_00758,10.0,ALLOW,0,
EVT_00759,25.0,ALLOW,0,
EVT_00760,25.0,ALLOW,1,Unusual_Resource_Access
EVT_00761,30.0,ALLOW,0,
EVT_00762,25.0,ALLOW,0,
EVT_00763,35.0,ALLOW,0,
EVT_00764,10.0,ALLOW,0,
EVT_00765,25.0,ALLOW,0,
EVT_00766,10.0,ALLOW,0,
EVT_00767,15.0,ALLOW,0,
EVT_00768,15.0,ALLOW,0,
EVT_00769,10.0,ALLOW,0,
EVT_00770,50.0,CHALLENGE,0,
EVT_00771,10.0,ALLOW,0,
EVT_00772,40.0,ALLOW,0,
EVT_00773,25.0,ALLOW,0,
EVT_00774,10.0,ALLOW,0,
EVT_00775,25.0,ALLOW,0,
EVT_00776,10.0,ALLOW,0,
EVT_00777,25.0,ALLOW,0,
EVT_00778,10.0,ALLOW,0,
EVT_00779,10.0,ALLOW,0,
EVT_00780,25.0,ALLOW,0,
EVT_00781,25.0,ALLOW,0,
EVT_00782,25.0,ALLOW,0,
EVT_00783,10.0,ALLOW,0,
EVT_00784,25.0,ALLOW,0,
EVT_00785,15.0,ALLOW,0,
EVT_00786,10.0,ALLOW,0,
EVT_00787,10.0,ALLOW,0,
EVT_00788,60.0,CHALLENGE,0,
EVT_00789,25.0,ALLOW,0,
EVT_00790,10.0,ALLOW,0,
EVT_00791,10.0,ALLOW,0,
EVT_00792,10.0,ALLOW,0,
EVT_00793,10.0,ALLOW,0,
EVT_00794,10.0,ALLOW,0,
EVT_00795,10.0,ALLOW,0,
EVT_00796,10.0,ALLOW,0,
EVT_00797,25.0,ALLOW,0,
EVT_00798,40.0,ALLOW,0,
EVT_00799,25.0,ALLOW,0,
EVT_00800,10.0,ALLOW,0,
EVT_00801,25.0,ALLOW,0,
EVT_00802,10.0,ALLOW,0,
EVT_00803,10.0,ALLOW,0,
EVT_00804,10.0,ALLOW,0,
EVT_00805,25.0,ALLOW,0,
EVT_00806,10.0,ALLOW,0,
EVT_00807,50.0,CHALLENGE,0,
EVT_00808,35.0,ALLOW,0,
EVT_00809,40.0,ALLOW,0,
EVT_00810,10.0,ALLOW,0,
EVT_00811,15.0,ALLOW,0,
EVT_00812,25.0,ALLOW,0,
EVT_00813,10.0,ALLOW,0,
EVT_00814,25.0,ALLOW,0,
EVT_00815,25.0,ALLOW,0,
EVT_00816,20.0,ALLOW,0,
EVT_00817,10.0,ALLOW,0,
EVT_00818,25.0,ALLOW,0,
EVT_00819,10.0,ALLOW,0,
EVT_00820,35.0,ALLOW,1,Unusual_Resource_Access
EVT_00821,25.0,ALLOW,0,
EVT_00822,10.0,ALLOW,0,
EVT_00823,25.0,ALLOW,0,
EVT_00824,25.0,ALLOW,0,
EVT_00825,10.0,ALLOW,0,
EVT_00826,10.0,ALLOW,0,
EVT_00827,10.0,ALLOW,0,
EVT_00828,45.0,CHALLENGE,0,
EVT_00829,10.0,ALLOW,0,
EVT_00830,10.0,ALLOW,0,
EVT_00831,30.0,ALLOW,0,
EVT_00832,25.0,ALLOW,0,
EVT_00833,10.0,ALLOW,0,
EVT_00834,10.0,ALLOW,0,
EVT_00835,25.0,ALLOW,0,
EVT_00836,45.0,CHALLENGE,0,
EVT_00837,25.0,ALLOW,0,
EVT_00838,25.0,ALLOW,0,
EVT_00839,10.0,ALLOW,0,
EVT_00840,10.0,ALLOW,0,
EVT_00841,40.0,ALLOW,0,
EVT_00842,20.0,ALLOW,0,
EVT_00843,40.0,ALLOW,0,
EVT_00844,10.0,ALLOW,0,
EVT_00845,10.0,ALLOW,0,
EVT_00846,10.0,ALLOW,0,
EVT_00847,25.0,ALLOW,0,
EVT_00848,10.0,ALLOW,0,
EVT_00849,10.0,ALLOW,0,
EVT_00850,35.0,ALLOW,0,
EVT_00851,10.0,ALLOW,0,
EVT_00852,35.0,ALLOW,0,
EVT_00853,45.0,CHALLENGE,0,
EVT_00854,30.0,ALLOW,0,
EVT_00855,10.0,ALLOW,0,
EVT_00856,10.0,ALLOW,0,
EVT_00857,25.0,ALLOW,0,
EVT_00858,10.0,ALLOW,0,
EVT_00859,10.0,ALLOW,0,
EVT_00860,10.0,ALLOW,0,
EVT_00861,25.0,ALLOW,0,
EVT_00862,50.0,CHALLENGE,0,
EVT_00863,20.0,ALLOW,0,
EVT_00864,70.0,CHALLENGE,0,
EVT_00865,10.0,ALLOW,0,
EVT_00866,30.0,ALLOW,0,
EVT_00867,35.0,ALLOW,0,
EVT_00868,45.0,CHALLENGE,0,
EVT_00869,10.0,ALLOW,0,
EVT_00870,10.0,ALLOW,0,
EVT_00871,25.0,ALLOW,0,
EVT_00872,15.0,ALLOW,0,
EVT_00873,10.0,ALLOW,0,
EVT_00874,10.0,ALLOW,0,
EVT_00875,10.0,ALLOW,0,
EVT_00876,10.0,ALLOW,0,
EVT_00877,45.0,CHALLENGE,0,
EVT_00878,30.0,ALLOW,0,
EVT_00879,25.0,ALLOW,1,Unusual_Resource_Access
EVT_00880,10.0,ALLOW,0,
EVT_00881,25.0,ALLOW,0,
EVT_00882,10.0,ALLOW,0,
EVT_00883,30.0,ALLOW,0,
EVT_00884,10.0,ALLOW,0,
EVT_00885,25.0,ALLOW,0,
EVT_00886,20.0,ALLOW,0,
EVT_00887,10.0,ALLOW,0,
EVT_00888,10.0,ALLOW,0,
EVT_00889,10.0,ALLOW,0,
EVT_00890,10.0,ALLOW,0,
EVT_00891,10.0,ALLOW,0,
EVT_00892,10.0,ALLOW,0,
EVT_00893,25.0,ALLOW,0,
EVT_00894,10.0,ALLOW,0,
EVT_00895,50.0,CHALLENGE,0,
EVT_00896,40.0,ALLOW,0,
EVT_00897,15.0,ALLOW,0,
EVT_00898,70.0,CHALLENGE,1,New_Device_Sensitive
EVT_00899,25.0,ALLOW,0,
EVT_00900,25.0,ALLOW,0,
EVT_00901,15.0,ALLOW,0,
EVT_00902,10.0,ALLOW,0,
EVT_00903,10.0,ALLOW,0,
EVT_00904,25.0,ALLOW,0,
EVT_00905,10.0,ALLOW,0,
EVT_00906,30.0,ALLOW,0,
EVT_00907,10.0,ALLOW,0,
EVT_00908,25.0,ALLOW,0,
EVT_00909,10.0,ALLOW,0,
EVT_00910,25.0,ALLOW,0,
EVT_00911,25.0,ALLOW,0,
EVT_00912,25.0,ALLOW,0,
EVT_00913,40.0,ALLOW,0,
EVT_00914,25.0,ALLOW,0,
EVT_00915,10.0,ALLOW,0,
EVT_00916,60.0,CHALLENGE,0,
EVT_00917,10.0,ALLOW,0,
EVT_00918,15.0,ALLOW,0,
EVT_00919,25.0,ALLOW,0,
EVT_00920,45.0,CHALLENGE,1,Impossible_Travel
EVT_00921,25.0,ALLOW,0,
EVT_00922,25.0,ALLOW,0,
EVT_00923,40.0,ALLOW,0,
EVT_00924,10.0,ALLOW,0,
EVT_00925,10.0,ALLOW,0,
EVT_00926,20.0,ALLOW,0,
EVT_00927,45.0,CHALLENGE,0,
EVT_00928,40.0,ALLOW,0,
EVT_00929,10.0,ALLOW,0,
EVT_00930,25.0,ALLOW,0,
EVT_00931,25.0,ALLOW,0,
EVT_00932,10.0,ALLOW,0,
EVT_00933,45.0,CHALLENGE,0,
EVT_00934,10.0,ALLOW,0,
EVT_00935,40.0,ALLOW,0,
EVT_00936,10.0,ALLOW,0,
EVT_00937,30.0,ALLOW,0,
EVT_00938,25.0,ALLOW,1,Unusual_Resource_Access
EVT_00939,10.0,ALLOW,0,
EVT_00940,35.0,ALLOW,0,
EVT_00941,25.0,ALLOW,0,
EVT_00942,10.0,ALLOW,0,
EVT_00943,10.0,ALLOW,0,
EVT_00944,10.0,ALLOW,0,
EVT_00945,10.0,ALLOW,0,
EVT_00946,25.0,ALLOW,0,
EVT_00947,25.0,ALLOW,0,
EVT_00948,35.0,ALLOW,0,
EVT_00949,10.0,ALLOW,0,
EVT_00950,10.0,ALLOW,0,
EVT_00951,25.0,ALLOW,0,
EVT_00952,10.0,ALLOW,0,
EVT_00953,10.0,ALLOW,0,
EVT_00954,10.0,ALLOW,0,
EVT_00955,25.0,ALLOW,0,
EVT_00956,45.0,CHALLENGE,0,
EVT_00957,20.0,ALLOW,0,
EVT_00958,10.0,ALLOW,0,
EVT_00959,25.0,ALLOW,0,
EVT_00960,10.0,ALLOW,0,
EVT_00961,10.0,ALLOW,0,
EVT_00962,10.0,ALLOW,0,
EVT_00963,15.0,ALLOW,0,
EVT_00964,10.0,ALLOW,0,
EVT_00965,10.0,ALLOW,0,
EVT_00966,10.0,ALLOW,0,
EVT_00967,10.0,ALLOW,0,
EVT_00968,25.0,ALLOW,0,
EVT_00969,25.0,ALLOW,0,
EVT_00970,25.0,ALLOW,1,Unusual_Resource_Access
EVT_00971,25.0,ALLOW,0,
EVT_00972,45.0,CHALLENGE,1,Impossible_Travel
EVT_00973,70.0,CHALLENGE,1,New_Device_Sensitive
EVT_00974,15.0,ALLOW,0,
EVT_00975,10.0,ALLOW,0,
EVT_00976,30.0,ALLOW,0,
EVT_00977,10.0,ALLOW,0,
EVT_00978,10.0,ALLOW,0,
EVT_00979,10.0,ALLOW,0,
EVT_00980,20.0,ALLOW,0,
EVT_00981,35.0,ALLOW,1,Unusual_Resource_Access
EVT_00982,25.0,ALLOW,0,
EVT_00983,20.0,ALLOW,0,
EVT_00984,10.0,ALLOW,0,
EVT_00985,10.0,ALLOW,0,
EVT_00986,25.0,ALLOW,0,
EVT_00987,40.0,ALLOW,0,
EVT_00988,10.0,ALLOW,0,
EVT_00989,10.0,ALLOW,0,
EVT_00990,25.0,ALLOW,0,
EVT_00991,25.0,ALLOW,0,
EVT_00992,10.0,ALLOW,0,
EVT_00993,25.0,ALLOW,0,
EVT_00994,10.0,ALLOW,0,
EVT_00995,25.0,ALLOW,0,
EVT_00996,15.0,ALLOW,0,
EVT_00997,25.0,ALLOW,0,
EVT_00998,15.0,ALLOW,0,
EVT_00999,25.0,ALLOW,0,
EVT_01000,10.0,ALLOW,0,
EVT_01001,10.0,ALLOW,0,
EVT_01002,10.0,ALLOW,0,
EVT_01003,25.0,ALLOW,0,
EVT_01004,25.0,ALLOW,0,
EVT_01005,20.0,ALLOW,0,
EVT_01006,25.0,ALLOW,0,
EVT_01007,25.0,ALLOW,0,
EVT_01008,10.0,ALLOW,0,
EVT_01009,50.0,CHALLENGE,0,
EVT_01010,25.0,ALLOW,0,
EVT_01011,40.0,ALLOW,0,
EVT_01012,15.0,ALLOW,0,
EVT_01013,10.0,ALLOW,0,
EVT_01014,10.0,ALLOW,0,
EVT_01015,25.0,ALLOW,0,
EVT_01016,10.0,ALLOW,0,
EVT_01017,25.0,ALLOW,0,
EVT_01018,10.0,ALLOW,0,
EVT_01019,15.0,ALLOW,0,
EVT_01020,25.0,ALLOW,0,
EVT_01021,10.0,ALLOW,0,
EVT_01022,10.0,ALLOW,0,
EVT_01023,30.0,ALLOW,0,
EVT_01024,15.0,ALLOW,0,
EVT_01025,25.0,ALLOW,0,
EVT_01026,15.0,ALLOW,0,
EVT_01027,15.0,ALLOW,0,
EVT_01028,25.0,ALLOW,0,
EVT_01029,30.0,ALLOW,0,
EVT_01030,10.0,ALLOW,0,
EVT_01031,10.0,ALLOW,0,
EVT_01032,25.0,ALLOW,0,
EVT_01033,10.0,ALLOW,0,
EVT_01034,25.0,ALLOW,0,
EVT_01035,10.0,ALLOW,0,
EVT_01036,10.0,ALLOW,0,
EVT_01037,10.0,ALLOW,0,
EVT_01038,10.0,ALLOW,0,
EVT_01039,10.0,ALLOW,0,
EVT_01040,10.0,ALLOW,0,
EVT_01041,25.0,ALLOW,0,
EVT_01042,10.0,ALLOW,0,
EVT_01043,10.0,ALLOW,0,
EVT_01044,15.0,ALLOW,0,
EVT_01045,10.0,ALLOW,0,
EVT_01046,25.0,ALLOW,0,
EVT_01047,10.0,ALLOW,0,
EVT_01048,10.0,ALLOW,0,
EVT_01049,15.0,ALLOW,0,
EVT_01050,25.0,ALLOW,0,
EVT_01051,55.0,CHALLENGE,0,
EVT_01052,25.0,ALLOW,0,
EVT_01053,25.0,ALLOW,0,
EVT_01054,10.0,ALLOW,0,
EVT_01055,10.0,ALLOW,0,
EVT_01056,25.0,ALLOW,0,
EVT_01057,25.0,ALLOW,0,
EVT_01058,10.0,ALLOW,0,
EVT_01059,50.0,CHALLENGE,0,
EVT_01060,10.0,ALLOW,0,
EVT_01061,25.0,ALLOW,0,
EVT_01062,10.0,ALLOW,0,
EVT_01063,20.0,ALLOW,0,
EVT_01064,10.0,ALLOW,0,
EVT_01065,10.0,ALLOW,0,
EVT_01066,10.0,ALLOW,0,
EVT_01067,10.0,ALLOW,0,
EVT_01068,25.0,ALLOW,0,
EVT_01069,30.0,ALLOW,0,
EVT_01070,50.0,CHALLENGE,0,
EVT_01071,45.0,CHALLENGE,0,
EVT_01072,25.0,ALLOW,0,
EVT_01073,40.0,ALLOW,0,
EVT_01074,10.0,ALLOW,0,
EVT_01075,45.0,CHALLENGE,0,
EVT_01076,10.0,ALLOW,0,
EVT_01077,10.0,ALLOW,0,
EVT_01078,40.0,ALLOW,0,
EVT_01079,10.0,ALLOW,0,
EVT_01080,10.0,ALLOW,0,
EVT_01081,10.0,ALLOW,0,
EVT_01082,15.0,ALLOW,0,
EVT_01083,70.0,CHALLENGE,1,Off_Hours_Privileged
EVT_01084,75.0,BLOCK,1,Off_Hours_Privileged
EVT_01085,70.0,CHALLENGE,1,Off_Hours_Privileged
EVT_01086,70.0,CHALLENGE,1,Off_Hours_Privileged
EVT_01087,75.0,BLOCK,1,Off_Hours_Privileged
EVT_01088,75.0,BLOCK,1,Off_Hours_Privileged
EVT_01089,70.0,CHALLENGE,1,Off_Hours_Privileged
EVT_01090,70.0,CHALLENGE,1,Off_Hours_Privileged
EVT_01091,75.0,BLOCK,1,Off_Hours_Privileged
EVT_01092,75.0,BLOCK,1,Off_Hours_Privileged
EVT_01093,55.0,CHALLENGE,0,
EVT_01094,10.0,ALLOW,0,
EVT_01095,45.0,CHALLENGE,0,
EVT_01096,10.0,ALLOW,0,
EVT_01097,45.0,CHALLENGE,0,
EVT_01098,30.0,ALLOW,0,
EVT_01099,10.0,ALLOW,0,
EVT_01100,10.0,ALLOW,0,
EVT_01101,15.0,ALLOW,0,
EVT_01102,10.0,ALLOW,0,
EVT_01103,10.0,ALLOW,0,
EVT_01104,10.0,ALLOW,0,
EVT_01105,25.0,ALLOW,0,
EVT_01106,10.0,ALLOW,0,
EVT_01107,10.0,ALLOW,0,
EVT_01108,50.0,CHALLENGE,0,
EVT_01109,10.0,ALLOW,0,
EVT_01110,10.0,ALLOW,0,
EVT_01111,10.0,ALLOW,0,
EVT_01112,25.0,ALLOW,0,
EVT_01113,10.0,ALLOW,0,
EVT_01114,10.0,ALLOW,0,
EVT_01115,15.0,ALLOW,0,
EVT_01116,10.0,ALLOW,0,
EVT_01117,10.0,ALLOW,0,
EVT_01118,10.0,ALLOW,0,
EVT_01119,30.0,ALLOW,0,
EVT_01120,25.0,ALLOW,0,
EVT_01121,10.0,ALLOW,0,
EVT_01122,10.0,ALLOW,0,
EVT_01123,10.0,ALLOW,0,
EVT_01124,15.0,ALLOW,0,
EVT_01125,25.0,ALLOW,0,
EVT_01126,10.0,ALLOW,0,
EVT_01127,10.0,ALLOW,0,
EVT_01128,25.0,ALLOW,0,
EVT_01129,10.0,ALLOW,0,
EVT_01130,10.0,ALLOW,0,
EVT_01131,10.0,ALLOW,0,
EVT_01132,10.0,ALLOW,0,
EVT_01133,45.0,CHALLENGE,0,
EVT_01134,25.0,ALLOW,0,
EVT_01135,25.0,ALLOW,0,
EVT_01136,10.0,ALLOW,0,
EVT_01137,15.0,ALLOW,0,
EVT_01138,25.0,ALLOW,0,
EVT_01139,10.0,ALLOW,0,
EVT_01140,10.0,ALLOW,0,
EVT_01141,10.0,ALLOW,0,
EVT_01142,10.0,ALLOW,0,
EVT_01143,10.0,ALLOW,0,
EVT_01144,25.0,ALLOW,0,
EVT_01145,10.0,ALLOW,0,
EVT_01146,30.0,ALLOW,0,
EVT_01147,10.0,ALLOW,0,
EVT_01148,10.0,ALLOW,0,
EVT_01149,15.0,ALLOW,0,
EVT_01150,10.0,ALLOW,0,
EVT_01151,10.0,ALLOW,0,
EVT_01152,10.0,ALLOW,0,
EVT_01153,10.0,ALLOW,0,
EVT_01154,25.0,ALLOW,0,
EVT_01155,10.0,ALLOW,0,
EVT_01156,10.0,ALLOW,0,
EVT_01157,25.0,ALLOW,0,
EVT_01158,30.0,ALLOW,0,
EVT_01159,70.0,CHALLENGE,0,
EVT_01160,25.0,ALLOW,0,
EVT_01161,30.0,ALLOW,0,
EVT_01162,10.0,ALLOW,0,
EVT_01163,15.0,ALLOW,0,
EVT_01164,10.0,ALLOW,0,
EVT_01165,10.0,ALLOW,0,
EVT_01166,45.0,CHALLENGE,0,
EVT_01167,10.0,ALLOW,0,
EVT_01168,10.0,ALLOW,0,
EVT_01169,10.0,ALLOW,0,
EVT_01170,40.0,ALLOW,0,
EVT_01171,10.0,ALLOW,0,
EVT_01172,10.0,ALLOW,0,
EVT_01173,40.0,ALLOW,0,
EVT_01174,10.0,ALLOW,0,
EVT_01175,10.0,ALLOW,0,
EVT_01176,15.0,ALLOW,0,
EVT_01177,10.0,ALLOW,0,
EVT_01178,10.0,ALLOW,0,
EVT_01179,10.0,ALLOW,0,
EVT_01180,10.0,ALLOW,0,
EVT_01181,15.0,ALLOW,0,
EVT_01182,10.0,ALLOW,0,
EVT_01183,50.0,CHALLENGE,0,
EVT_01184,10.0,ALLOW,0,
EVT_01185,25.0,ALLOW,0,
EVT_01186,30.0,ALLOW,0,
EVT_01187,10.0,ALLOW,0,
EVT_01188,10.0,ALLOW,0,
EVT_01189,15.0,ALLOW,0,
EVT_01190,10.0,ALLOW,0,
EVT_01191,10.0,ALLOW,0,
EVT_01192,15.0,ALLOW,0,
EVT_01193,25.0,ALLOW,0,
EVT_01194,30.0,ALLOW,0,
EVT_01195,25.0,ALLOW,0,
EVT_01196,25.0,ALLOW,0,
EVT_01197,15.0,ALLOW,0,
EVT_01198,10.0,ALLOW,0,
EVT_01199,10.0,ALLOW,0,
EVT_01200,10.0,ALLOW,0,
EVT_01201,15.0,ALLOW,0,
EVT_01202,25.0,ALLOW,0,
EVT_01203,25.0,ALLOW,0,
EVT_01204,50.0,CHALLENGE,0,
EVT_01205,70.0,CHALLENGE,1,Impossible_Travel
EVT_01206,15.0,ALLOW,0,
EVT_01207,10.0,ALLOW,0,
EVT_01208,10.0,ALLOW,1,Bulk_Data_Spike
EVT_01209,10.0,ALLOW,1,Bulk_Data_Spike
EVT_01210,10.0,ALLOW,1,Bulk_Data_Spike
EVT_01211,10.0,ALLOW,0,
EVT_01212,10.0,ALLOW,1,Bulk_Data_Spike
EVT_01213,10.0,ALLOW,1,Bulk_Data_Spike
EVT_01214,10.0,ALLOW,1,Bulk_Data_Spike
EVT_01215,10.0,ALLOW,1,Bulk_Data_Spike
EVT_01216,10.0,ALLOW,1,Bulk_Data_Spike
EVT_01217,10.0,ALLOW,1,Bulk_Data_Spike
EVT_01218,10.0,ALLOW,1,Bulk_Data_Spike
EVT_01219,10.0,ALLOW,1,Bulk_Data_Spike
EVT_01220,10.0,ALLOW,1,Bulk_Data_Spike
EVT_01221,10.0,ALLOW,1,Bulk_Data_Spike
EVT_01222,10.0,ALLOW,1,Bulk_Data_Spike
EVT_01223,10.0,ALLOW,1,Bulk_Data_Spike
EVT_01224,10.0,ALLOW,1,Bulk_Data_Spike
EVT_01225,10.0,ALLOW,1,Bulk_Data_Spike
EVT_01226,10.0,ALLOW,1,Bulk_Data_Spike
EVT_01227,10.0,ALLOW,1,Bulk_Data_Spike
EVT_01228,10.0,ALLOW,1,Bulk_Data_Spike
EVT_01229,10.0,ALLOW,1,Bulk_Data_Spike
EVT_01230,10.0,ALLOW,1,Bulk_Data_Spike
EVT_01231,10.0,ALLOW,1,Bulk_Data_Spike
EVT_01232,25.0,ALLOW,0,
EVT_01233,10.0,ALLOW,1,Bulk_Data_Spike
EVT_01234,10.0,ALLOW,1,Bulk_Data_Spike
EVT_01235,10.0,ALLOW,0,
EVT_01236,35.0,ALLOW,0,
EVT_01237,25.0,ALLOW,0,
EVT_01238,15.0,ALLOW,0,
EVT_01239,10.0,ALLOW,0,
EVT_01240,10.0,ALLOW,0,
EVT_01241,10.0,ALLOW,0,
EVT_01242,10.0,ALLOW,0,
EVT_01243,10.0,ALLOW,0,
EVT_01244,10.0,ALLOW,0,
EVT_01245,10.0,ALLOW,0,
EVT_01246,10.0,ALLOW,0,
EVT_01247,25.0,ALLOW,1,Unusual_Resource_Access
EVT_01248,25.0,ALLOW,0,
EVT_01249,10.0,ALLOW,0,
EVT_01250,25.0,ALLOW,0,
EVT_01251,35.0,ALLOW,0,
EVT_01252,10.0,ALLOW,0,
EVT_01253,10.0,ALLOW,0,
EVT_01254,10.0,ALLOW,0,
EVT_01255,45.0,CHALLENGE,0,
EVT_01256,25.0,ALLOW,0,
EVT_01257,10.0,ALLOW,0,
EVT_01258,10.0,ALLOW,0,
EVT_01259,10.0,ALLOW,0,
EVT_01260,10.0,ALLOW,0,
EVT_01261,10.0,ALLOW,0,
EVT_01262,25.0,ALLOW,0,
EVT_01263,10.0,ALLOW,0,
EVT_01264,10.0,ALLOW,0,
EVT_01265,15.0,ALLOW,0,
EVT_01266,25.0,ALLOW,0,
EVT_01267,10.0,ALLOW,0,
EVT_01268,25.0,ALLOW,0,
EVT_01269,10.0,ALLOW,0,
EVT_01270,25.0,ALLOW,0,
EVT_01271,10.0,ALLOW,0,
EVT_01272,10.0,ALLOW,0,
EVT_01273,40.0,ALLOW,0,
EVT_01274,15.0,ALLOW,0,
EVT_01275,10.0,ALLOW,0,
EVT_01276,10.0,ALLOW,0,
EVT_01277,45.0,CHALLENGE,0,
EVT_01278,25.0,ALLOW,0,
EVT_01279,30.0,ALLOW,0,
EVT_01280,15.0,ALLOW,0,
EVT_01281,35.0,ALLOW,0,
EVT_01282,15.0,ALLOW,0,
EVT_01283,10.0,ALLOW,0,
EVT_01284,10.0,ALLOW,0,
EVT_01285,10.0,ALLOW,0,
EVT_01286,40.0,ALLOW,0,
EVT_01287,45.0,CHALLENGE,0,
EVT_01288,50.0,CHALLENGE,0,
EVT_01289,10.0,ALLOW,0,
EVT_01290,10.0,ALLOW,0,
EVT_01291,30.0,ALLOW,0,
EVT_01292,25.0,ALLOW,0,
EVT_01293,10.0,ALLOW,0,
EVT_01294,10.0,ALLOW,0,
EVT_01295,10.0,ALLOW,0,
EVT_01296,10.0,ALLOW,0,
EVT_01297,10.0,ALLOW,0,
EVT_01298,25.0,ALLOW,0,
EVT_01299,15.0,ALLOW,0,
EVT_01300,10.0,ALLOW,0,
EVT_01301,25.0,ALLOW,0,
EVT_01302,30.0,ALLOW,0,
EVT_01303,10.0,ALLOW,0,
EVT_01304,25.0,ALLOW,0,
EVT_01305,25.0,ALLOW,0,
EVT_01306,10.0,ALLOW,0,
EVT_01307,10.0,ALLOW,0,
EVT_01308,10.0,ALLOW,0,
EVT_01309,10.0,ALLOW,0,
EVT_01310,10.0,ALLOW,0,
EVT_01311,10.0,ALLOW,0,
EVT_01312,50.0,CHALLENGE,0,
EVT_01313,80.0,BLOCK,1,New_Device_Sensitive
EVT_01314,30.0,ALLOW,0,
EVT_01315,25.0,ALLOW,0,
EVT_01316,35.0,ALLOW,0,
EVT_01317,30.0,ALLOW,0,
EVT_01318,10.0,ALLOW,0,
EVT_01319,10.0,ALLOW,0,
EVT_01320,25.0,ALLOW,0,
EVT_01321,15.0,ALLOW,0,
EVT_01322,10.0,ALLOW,0,
EVT_01323,15.0,ALLOW,0,
EVT_01324,10.0,ALLOW,0,
EVT_01325,25.0,ALLOW,0,
EVT_01326,10.0,ALLOW,0,
EVT_01327,10.0,ALLOW,0,
EVT_01328,10.0,ALLOW,0,
EVT_01329,10.0,ALLOW,0,
EVT_01330,10.0,ALLOW,0,
EVT_01331,20.0,ALLOW,0,
EVT_01332,10.0,ALLOW,0,
EVT_01333,10.0,ALLOW,0,
EVT_01334,80.0,BLOCK,1,New_Device_Sensitive
EVT_01335,10.0,ALLOW,0,
EVT_01336,25.0,ALLOW,0,
EVT_01337,10.0,ALLOW,0,
EVT_01338,10.0,ALLOW,0,
EVT_01339,10.0,ALLOW,0,
EVT_01340,25.0,ALLOW,0,
EVT_01341,25.0,ALLOW,0,
EVT_01342,15.0,ALLOW,0,
EVT_01343,10.0,ALLOW,0,
EVT_01344,15.0,ALLOW,0,
EVT_01345,10.0,ALLOW,0,
EVT_01346,10.0,ALLOW,0,
EVT_01347,10.0,ALLOW,0,
EVT_01348,10.0,ALLOW,0,
EVT_01349,10.0,ALLOW,0,
EVT_01350,10.0,ALLOW,0,
EVT_01351,15.0,ALLOW,0,
EVT_01352,10.0,ALLOW,0,
EVT_01353,25.0,ALLOW,0,
EVT_01354,10.0,ALLOW,0,
EVT_01355,30.0,ALLOW,0,
EVT_01356,45.0,CHALLENGE,0,
EVT_01357,25.0,ALLOW,0,
EVT_01358,10.0,ALLOW,0,
EVT_01359,95.0,BLOCK,1,New_Device_Sensitive
EVT_01360,30.0,ALLOW,0,
EVT_01361,15.0,ALLOW,0,
EVT_01362,45.0,CHALLENGE,0,
EVT_01363,10.0,ALLOW,0,
EVT_01364,95.0,BLOCK,1,New_Device_Sensitive
EVT_01365,10.0,ALLOW,0,
EVT_01366,10.0,ALLOW,0,
EVT_01367,25.0,ALLOW,0,
EVT_01368,10.0,ALLOW,0,
EVT_01369,40.0,ALLOW,0,
EVT_01370,25.0,ALLOW,0,
EVT_01371,10.0,ALLOW,0,
EVT_01372,40.0,ALLOW,0,
EVT_01373,10.0,ALLOW,0,
EVT_01374,45.0,CHALLENGE,0,
EVT_01375,10.0,ALLOW,0,
EVT_01376,10.0,ALLOW,0,
EVT_01377,10.0,ALLOW,0,
EVT_01378,25.0,ALLOW,0,
EVT_01379,30.0,ALLOW,0,
EVT_01380,40.0,ALLOW,0,
EVT_01381,10.0,ALLOW,0,
EVT_01382,10.0,ALLOW,0,
EVT_01383,10.0,ALLOW,0,
EVT_01384,10.0,ALLOW,0,
EVT_01385,25.0,ALLOW,0,
EVT_01386,10.0,ALLOW,0,
EVT_01387,10.0,ALLOW,0,
EVT_01388,15.0,ALLOW,0,
EVT_01389,10.0,ALLOW,0,
EVT_01390,10.0,ALLOW,0,
EVT_01391,25.0,ALLOW,0,
EVT_01392,10.0,ALLOW,0,
EVT_01393,10.0,ALLOW,0,
EVT_01394,30.0,ALLOW,0,
EVT_01395,30.0,ALLOW,0,
EVT_01396,40.0,ALLOW,0,
EVT_01397,25.0,ALLOW,0,
EVT_01398,10.0,ALLOW,0,
EVT_01399,10.0,ALLOW,0,
EVT_01400,10.0,ALLOW,0,
EVT_01401,45.0,CHALLENGE,0,
EVT_01402,25.0,ALLOW,0,
EVT_01403,40.0,ALLOW,0,
EVT_01404,10.0,ALLOW,0,
EVT_01405,60.0,CHALLENGE,0,
EVT_01406,25.0,ALLOW,0,
EVT_01407,25.0,ALLOW,0,
EVT_01408,15.0,ALLOW,0,
EVT_01409,35.0,ALLOW,0,
EVT_01410,10.0,ALLOW,0,
EVT_01411,10.0,ALLOW,0,
EVT_01412,25.0,ALLOW,0,
EVT_01413,10.0,ALLOW,0,
EVT_01414,25.0,ALLOW,0,
EVT_01415,10.0,ALLOW,0,
EVT_01416,50.0,CHALLENGE,0,
EVT_01417,25.0,ALLOW,0,
EVT_01418,30.0,ALLOW,0,
EVT_01419,25.0,ALLOW,0,
EVT_01420,50.0,CHALLENGE,0,
EVT_01421,10.0,ALLOW,0,
EVT_01422,10.0,ALLOW,0,
EVT_01423,25.0,ALLOW,0,
EVT_01424,10.0,ALLOW,0,
EVT_01425,10.0,ALLOW,0,
EVT_01426,10.0,ALLOW,0,
EVT_01427,25.0,ALLOW,0,
EVT_01428,25.0,ALLOW,0,
EVT_01429,25.0,ALLOW,0,
EVT_01430,25.0,ALLOW,0,
EVT_01431,15.0,ALLOW,0,
EVT_01432,10.0,ALLOW,0,
EVT_01433,25.0,ALLOW,0,
EVT_01434,25.0,ALLOW,0,
EVT_01435,10.0,ALLOW,0,
EVT_01436,10.0,ALLOW,0,
EVT_01437,25.0,ALLOW,0,
EVT_01438,10.0,ALLOW,0,
EVT_01439,10.0,ALLOW,0,
EVT_01440,15.0,ALLOW,0,
EVT_01441,15.0,ALLOW,0,
EVT_01442,25.0,ALLOW,1,Unusual_Resource_Access
EVT_01443,35.0,ALLOW,0,
EVT_01444,10.0,ALLOW,0,
EVT_01445,10.0,ALLOW,0,
EVT_01446,10.0,ALLOW,0,
EVT_01447,25.0,ALLOW,0,
EVT_01448,25.0,ALLOW,0,
EVT_01449,10.0,ALLOW,0,
EVT_01450,10.0,ALLOW,0,
EVT_01451,25.0,ALLOW,0,
EVT_01452,10.0,ALLOW,0,
EVT_01453,60.0,CHALLENGE,0,
EVT_01454,25.0,ALLOW,0,
EVT_01455,10.0,ALLOW,0,
EVT_01456,10.0,ALLOW,0,
EVT_01457,10.0,ALLOW,0,
EVT_01458,25.0,ALLOW,0,
EVT_01459,25.0,ALLOW,0,
EVT_01460,10.0,ALLOW,0,
EVT_01461,25.0,ALLOW,0,
EVT_01462,25.0,ALLOW,0,
EVT_01463,15.0,ALLOW,0,
EVT_01464,10.0,ALLOW,0,
EVT_01465,10.0,ALLOW,0,
EVT_01466,10.0,ALLOW,0,
EVT_01467,10.0,ALLOW,0,
EVT_01468,25.0,ALLOW,1,Unusual_Resource_Access
EVT_01469,45.0,CHALLENGE,1,Impossible_Travel
EVT_01470,10.0,ALLOW,0,
EVT_01471,25.0,ALLOW,0,
EVT_01472,25.0,ALLOW,0,
EVT_01473,10.0,ALLOW,0,
EVT_01474,45.0,CHALLENGE,1,Impossible_Travel
EVT_01475,45.0,CHALLENGE,0,
EVT_01476,35.0,ALLOW,0,
EVT_01477,40.0,ALLOW,0,
EVT_01478,30.0,ALLOW,0,
EVT_01479,45.0,CHALLENGE,0,
EVT_01480,40.0,ALLOW,0,
EVT_01481,10.0,ALLOW,0,
EVT_01482,35.0,ALLOW,0,
EVT_01483,35.0,ALLOW,0,
EVT_01484,15.0,ALLOW,0,
EVT_01485,15.0,ALLOW,0,
EVT_01486,25.0,ALLOW,0,
EVT_01487,25.0,ALLOW,0,
EVT_01488,15.0,ALLOW,0,
EVT_01489,10.0,ALLOW,0,
EVT_01490,10.0,ALLOW,0,
EVT_01491,25.0,ALLOW,0,
EVT_01492,10.0,ALLOW,0,
EVT_01493,10.0,ALLOW,0,
EVT_01494,10.0,ALLOW,0,
EVT_01495,15.0,ALLOW,0,
EVT_01496,10.0,ALLOW,0,
EVT_01497,10.0,ALLOW,0,
EVT_01498,25.0,ALLOW,0,
EVT_01499,30.0,ALLOW,0,
EVT_01500,25.0,ALLOW,0,
EVT_01501,25.0,ALLOW,0,
EVT_01502,10.0,ALLOW,0,
EVT_01503,25.0,ALLOW,0,
EVT_01504,15.0,ALLOW,0,
EVT_01505,40.0,ALLOW,0,
EVT_01506,10.0,ALLOW,0,
EVT_01507,15.0,ALLOW,0,
EVT_01508,10.0,ALLOW,0,
EVT_01509,10.0,ALLOW,0,
EVT_01510,15.0,ALLOW,0,
EVT_01511,10.0,ALLOW,0,
EVT_01512,35.0,ALLOW,0,
EVT_01513,30.0,ALLOW,0,
EVT_01514,40.0,ALLOW,0,
EVT_01515,10.0,ALLOW,0,
EVT_01516,35.0,ALLOW,1,Unusual_Resource_Access
EVT_01517,45.0,CHALLENGE,0,
EVT_01518,45.0,CHALLENGE,0,
EVT_01519,25.0,ALLOW,0,
EVT_01520,10.0,ALLOW,0,
EVT_01521,10.0,ALLOW,0,
EVT_01522,10.0,ALLOW,0,
EVT_01523,25.0,ALLOW,0,
EVT_01524,10.0,ALLOW,0,
EVT_01525,10.0,ALLOW,0,
EVT_01526,25.0,ALLOW,0,
EVT_01527,40.0,ALLOW,0,
EVT_01528,30.0,ALLOW,0,
EVT_01529,10.0,ALLOW,0,
EVT_01530,10.0,ALLOW,0,
EVT_01531,10.0,ALLOW,0,
EVT_01532,10.0,ALLOW,0,
EVT_01533,20.0,ALLOW,0,
EVT_01534,15.0,ALLOW,0,
EVT_01535,10.0,ALLOW,0,
EVT_01536,15.0,ALLOW,0,
EVT_01537,30.0,ALLOW,0,
EVT_01538,25.0,ALLOW,0,
EVT_01539,25.0,ALLOW,0,
EVT_01540,25.0,ALLOW,0,
EVT_01541,10.0,ALLOW,0,
EVT_01542,25.0,ALLOW,1,Unusual_Resource_Access
EVT_01543,10.0,ALLOW,0,
EVT_01544,10.0,ALLOW,0,
EVT_01545,10.0,ALLOW,0,
EVT_01546,40.0,ALLOW,0,
EVT_01547,30.0,ALLOW,0,
EVT_01548,35.0,ALLOW,0,
EVT_01549,10.0,ALLOW,0,
EVT_01550,25.0,ALLOW,0,
EVT_01551,25.0,ALLOW,0,
EVT_01552,35.0,ALLOW,0,
EVT_01553,10.0,ALLOW,0,
EVT_01554,10.0,ALLOW,0,
EVT_01555,30.0,ALLOW,0,
EVT_01556,25.0,ALLOW,0,
EVT_01557,10.0,ALLOW,0,
EVT_01558,10.0,ALLOW,0,
EVT_01559,10.0,ALLOW,0,
EVT_01560,25.0,ALLOW,0,
EVT_01561,10.0,ALLOW,0,
EVT_01562,30.0,ALLOW,0,
EVT_01563,10.0,ALLOW,0,
EVT_01564,10.0,ALLOW,0,
EVT_01565,75.0,BLOCK,0,
EVT_01566,15.0,ALLOW,0,
EVT_01567,85.0,BLOCK,1,New_Device_Sensitive
EVT_01568,25.0,ALLOW,0,
EVT_01569,25.0,ALLOW,0,
EVT_01570,50.0,CHALLENGE,0,
EVT_01571,25.0,ALLOW,0,
EVT_01572,10.0,ALLOW,0,
EVT_01573,15.0,ALLOW,0,
EVT_01574,10.0,ALLOW,0,
EVT_01575,30.0,ALLOW,0,
EVT_01576,30.0,ALLOW,0,
EVT_01577,10.0,ALLOW,0,
EVT_01578,10.0,ALLOW,0,
EVT_01579,10.0,ALLOW,0,
EVT_01580,95.0,BLOCK,1,New_Device_Sensitive
EVT_01581,50.0,CHALLENGE,0,
EVT_01582,15.0,ALLOW,0,
EVT_01583,10.0,ALLOW,0,
EVT_01584,10.0,ALLOW,0,
EVT_01585,25.0,ALLOW,0,
EVT_01586,25.0,ALLOW,0,
EVT_01587,25.0,ALLOW,0,
EVT_01588,10.0,ALLOW,0,
EVT_01589,10.0,ALLOW,0,
EVT_01590,25.0,ALLOW,0,
EVT_01591,10.0,ALLOW,0,
EVT_01592,45.0,CHALLENGE,0,
EVT_01593,35.0,ALLOW,0,
EVT_01594,10.0,ALLOW,0,
EVT_01595,35.0,ALLOW,0,
EVT_01596,25.0,ALLOW,0,
EVT_01597,15.0,ALLOW,0,
EVT_01598,10.0,ALLOW,0,
EVT_01599,10.0,ALLOW,0,
EVT_01600,25.0,ALLOW,0,
EVT_01601,10.0,ALLOW,0,
EVT_01602,30.0,ALLOW,0,
EVT_01603,25.0,ALLOW,0,
EVT_01604,10.0,ALLOW,0,
EVT_01605,25.0,ALLOW,0,
EVT_01606,15.0,ALLOW,0,
EVT_01607,45.0,CHALLENGE,1,Impossible_Travel
EVT_01608,30.0,ALLOW,0,
EVT_01609,30.0,ALLOW,0,
EVT_01610,10.0,ALLOW,0,
EVT_01611,10.0,ALLOW,0,
EVT_01612,10.0,ALLOW,0,
EVT_01613,60.0,CHALLENGE,0,
EVT_01614,25.0,ALLOW,0,
EVT_01615,20.0,ALLOW,0,
EVT_01616,10.0,ALLOW,0,
EVT_01617,35.0,ALLOW,0,
EVT_01618,25.0,ALLOW,0,
EVT_01619,10.0,ALLOW,0,
EVT_01620,25.0,ALLOW,0,
EVT_01621,25.0,ALLOW,0,
EVT_01622,10.0,ALLOW,0,
EVT_01623,60.0,CHALLENGE,0,
EVT_01624,25.0,ALLOW,0,
EVT_01625,10.0,ALLOW,0,
EVT_01626,15.0,ALLOW,0,
EVT_01627,25.0,ALLOW,0,
EVT_01628,10.0,ALLOW,0,
EVT_01629,10.0,ALLOW,0,
EVT_01630,10.0,ALLOW,0,
EVT_01631,25.0,ALLOW,0,
EVT_01632,15.0,ALLOW,0,
EVT_01633,40.0,ALLOW,0,
EVT_01634,15.0,ALLOW,0,
EVT_01635,10.0,ALLOW,0,
EVT_01636,25.0,ALLOW,0,
EVT_01637,10.0,ALLOW,0,
EVT_01638,25.0,ALLOW,0,
EVT_01639,10.0,ALLOW,0,
EVT_01640,25.0,ALLOW,0,
EVT_01641,15.0,ALLOW,0,
EVT_01642,25.0,ALLOW,0,
EVT_01643,45.0,CHALLENGE,1,Impossible_Travel
EVT_01644,10.0,ALLOW,0,
EVT_01645,45.0,CHALLENGE,0,
EVT_01646,10.0,ALLOW,0,
EVT_01647,10.0,ALLOW,0,
EVT_01648,25.0,ALLOW,0,
EVT_01649,20.0,ALLOW,0,
EVT_01650,25.0,ALLOW,0,
EVT_01651,20.0,ALLOW,0,
EVT_01652,25.0,ALLOW,0,
EVT_01653,15.0,ALLOW,0,
EVT_01654,10.0,ALLOW,0,
EVT_01655,10.0,ALLOW,0,
EVT_01656,10.0,ALLOW,0,
EVT_01657,25.0,ALLOW,0,
EVT_01658,25.0,ALLOW,0,
EVT_01659,10.0,ALLOW,0,
EVT_01660,20.0,ALLOW,0,
EVT_01661,10.0,ALLOW,0,
EVT_01662,10.0,ALLOW,0,
EVT_01663,30.0,ALLOW,0,
EVT_01664,10.0,ALLOW,0,
EVT_01665,15.0,ALLOW,0,
EVT_01666,15.0,ALLOW,0,
EVT_01667,10.0,ALLOW,0,
EVT_01668,50.0,CHALLENGE,0,
EVT_01669,10.0,ALLOW,0,
EVT_01670,10.0,ALLOW,0,
EVT_01671,10.0,ALLOW,0,
EVT_01672,35.0,ALLOW,1,Unusual_Resource_Access
EVT_01673,10.0,ALLOW,0,
EVT_01674,10.0,ALLOW,0,
EVT_01675,15.0,ALLOW,0,
EVT_01676,10.0,ALLOW,0,
EVT_01677,10.0,ALLOW,0,
EVT_01678,25.0,ALLOW,0,
EVT_01679,25.0,ALLOW,0,
EVT_01680,25.0,ALLOW,0,
EVT_01681,30.0,ALLOW,0,
EVT_01682,10.0,ALLOW,0,
EVT_01683,15.0,ALLOW,0,
EVT_01684,10.0,ALLOW,0,
EVT_01685,10.0,ALLOW,0,
EVT_01686,10.0,ALLOW,0,
EVT_01687,25.0,ALLOW,1,Unusual_Resource_Access
EVT_01688,10.0,ALLOW,0,
EVT_01689,10.0,ALLOW,0,
EVT_01690,25.0,ALLOW,0,
EVT_01691,10.0,ALLOW,0,
EVT_01692,30.0,ALLOW,0,
EVT_01693,10.0,ALLOW,0,
EVT_01694,10.0,ALLOW,0,
EVT_01695,10.0,ALLOW,0,
EVT_01696,10.0,ALLOW,0,
EVT_01697,10.0,ALLOW,0,
EVT_01698,25.0,ALLOW,0,
EVT_01699,10.0,ALLOW,0,
EVT_01700,45.0,CHALLENGE,0,
EVT_01701,10.0,ALLOW,0,
EVT_01702,10.0,ALLOW,0,
EVT_01703,10.0,ALLOW,0,
EVT_01704,15.0,ALLOW,0,
EVT_01705,10.0,ALLOW,0,
EVT_01706,10.0,ALLOW,0,
EVT_01707,15.0,ALLOW,0,
EVT_01708,25.0,ALLOW,0,
EVT_01709,10.0,ALLOW,0,
EVT_01710,25.0,ALLOW,0,
EVT_01711,10.0,ALLOW,0,
EVT_01712,30.0,ALLOW,0,
EVT_01713,10.0,ALLOW,0,
EVT_01714,10.0,ALLOW,0,
EVT_01715,55.0,CHALLENGE,0,
EVT_01716,10.0,ALLOW,0,
EVT_01717,50.0,CHALLENGE,0,
EVT_01718,15.0,ALLOW,0,
EVT_01719,25.0,ALLOW,0,
EVT_01720,10.0,ALLOW,0,
EVT_01721,30.0,ALLOW,0,
EVT_01722,25.0,ALLOW,0,
EVT_01723,10.0,ALLOW,0,
EVT_01724,25.0,ALLOW,0,
EVT_01725,15.0,ALLOW,0,
EVT_01726,25.0,ALLOW,0,
EVT_01727,10.0,ALLOW,0,
EVT_01728,25.0,ALLOW,0,
EVT_01729,10.0,ALLOW,0,
EVT_01730,15.0,ALLOW,0,
EVT_01731,10.0,ALLOW,0,
EVT_01732,15.0,ALLOW,0,
EVT_01733,10.0,ALLOW,0,
EVT_01734,10.0,ALLOW,0,
EVT_01735,45.0,CHALLENGE,0,
EVT_01736,10.0,ALLOW,0,
EVT_01737,35.0,ALLOW,0,
EVT_01738,35.0,ALLOW,0,
EVT_01739,10.0,ALLOW,0,
EVT_01740,10.0,ALLOW,0,
EVT_01741,15.0,ALLOW,0,
EVT_01742,10.0,ALLOW,1,Bulk_Data_Spike
EVT_01743,10.0,ALLOW,1,Bulk_Data_Spike
EVT_01744,10.0,ALLOW,1,Bulk_Data_Spike
EVT_01745,10.0,ALLOW,1,Bulk_Data_Spike
EVT_01746,10.0,ALLOW,1,Bulk_Data_Spike
EVT_01747,10.0,ALLOW,1,Bulk_Data_Spike
EVT_01748,10.0,ALLOW,1,Bulk_Data_Spike
EVT_01749,10.0,ALLOW,1,Bulk_Data_Spike
EVT_01750,10.0,ALLOW,1,Bulk_Data_Spike
EVT_01751,10.0,ALLOW,1,Bulk_Data_Spike
EVT_01752,10.0,ALLOW,1,Bulk_Data_Spike
EVT_01753,10.0,ALLOW,1,Bulk_Data_Spike
EVT_01754,25.0,ALLOW,0,
EVT_01755,10.0,ALLOW,1,Bulk_Data_Spike
EVT_01756,10.0,ALLOW,1,Bulk_Data_Spike
EVT_01757,25.0,ALLOW,0,
EVT_01758,25.0,ALLOW,0,
EVT_01759,10.0,ALLOW,1,Bulk_Data_Spike
EVT_01760,10.0,ALLOW,1,Bulk_Data_Spike
EVT_01761,10.0,ALLOW,0,
EVT_01762,10.0,ALLOW,1,Bulk_Data_Spike
EVT_01763,10.0,ALLOW,1,Bulk_Data_Spike
EVT_01764,10.0,ALLOW,1,Bulk_Data_Spike
EVT_01765,10.0,ALLOW,1,Bulk_Data_Spike
EVT_01766,10.0,ALLOW,1,Bulk_Data_Spike
EVT_01767,10.0,ALLOW,0,
EVT_01768,25.0,ALLOW,0,
EVT_01769,10.0,ALLOW,0,
EVT_01770,10.0,ALLOW,1,Bulk_Data_Spike
EVT_01771,10.0,ALLOW,1,Bulk_Data_Spike
EVT_01772,10.0,ALLOW,0,
EVT_01773,25.0,ALLOW,0,
EVT_01774,10.0,ALLOW,1,Bulk_Data_Spike
EVT_01775,10.0,ALLOW,1,Bulk_Data_Spike
EVT_01776,10.0,ALLOW,0,
EVT_01777,55.0,CHALLENGE,0,
EVT_01778,25.0,ALLOW,0,
EVT_01779,45.0,CHALLENGE,0,
EVT_01780,35.0,ALLOW,0,
EVT_01781,15.0,ALLOW,0,
EVT_01782,10.0,ALLOW,0,
EVT_01783,15.0,ALLOW,0,
EVT_01784,10.0,ALLOW,0,
EVT_01785,60.0,CHALLENGE,0,
EVT_01786,10.0,ALLOW,0,
EVT_01787,45.0,CHALLENGE,0,
EVT_01788,10.0,ALLOW,0,
EVT_01789,25.0,ALLOW,0,
EVT_01790,25.0,ALLOW,0,
EVT_01791,10.0,ALLOW,0,
EVT_01792,25.0,ALLOW,0,
EVT_01793,15.0,ALLOW,0,
EVT_01794,25.0,ALLOW,0,
EVT_01795,30.0,ALLOW,0,
EVT_01796,10.0,ALLOW,0,
EVT_01797,25.0,ALLOW,0,
EVT_01798,25.0,ALLOW,0,
EVT_01799,10.0,ALLOW,0,
EVT_01800,25.0,ALLOW,0,
EVT_01801,25.0,ALLOW,0,
EVT_01802,10.0,ALLOW,0,
EVT_01803,85.0,BLOCK,1,New_Device_Sensitive
EVT_01804,10.0,ALLOW,0,
EVT_01805,15.0,ALLOW,0,
EVT_01806,10.0,ALLOW,0,
EVT_01807,15.0,ALLOW,0,
EVT_01808,15.0,ALLOW,0,
EVT_01809,25.0,ALLOW,0,
EVT_01810,10.0,ALLOW,0,
EVT_01811,45.0,CHALLENGE,0,
EVT_01812,10.0,ALLOW,0,
EVT_01813,15.0,ALLOW,0,
EVT_01814,25.0,ALLOW,1,Unusual_Resource_Access
EVT_01815,35.0,ALLOW,0,
EVT_01816,15.0,ALLOW,0,
EVT_01817,10.0,ALLOW,0,
EVT_01818,30.0,ALLOW,0,
EVT_01819,45.0,CHALLENGE,0,
EVT_01820,25.0,ALLOW,0,
EVT_01821,10.0,ALLOW,0,
EVT_01822,25.0,ALLOW,0,
EVT_01823,10.0,ALLOW,0,
EVT_01824,35.0,ALLOW,0,
EVT_01825,10.0,ALLOW,0,
EVT_01826,40.0,ALLOW,0,
EVT_01827,10.0,ALLOW,0,
EVT_01828,40.0,ALLOW,0,
EVT_01829,25.0,ALLOW,0,
EVT_01830,45.0,CHALLENGE,0,
EVT_01831,15.0,ALLOW,0,
EVT_01832,45.0,CHALLENGE,0,
EVT_01833,25.0,ALLOW,1,Unusual_Resource_Access
EVT_01834,10.0,ALLOW,0,
EVT_01835,10.0,ALLOW,0,
EVT_01836,10.0,ALLOW,0,
EVT_01837,15.0,ALLOW,0,
EVT_01838,15.0,ALLOW,0,
EVT_01839,10.0,ALLOW,0,
EVT_01840,15.0,ALLOW,0,
EVT_01841,25.0,ALLOW,0,
EVT_01842,40.0,ALLOW,0,
EVT_01843,25.0,ALLOW,0,
EVT_01844,10.0,ALLOW,0,
EVT_01845,10.0,ALLOW,0,
EVT_01846,10.0,ALLOW,0,
EVT_01847,10.0,ALLOW,0,
EVT_01848,25.0,ALLOW,0,
EVT_01849,10.0,ALLOW,0,
EVT_01850,10.0,ALLOW,0,
EVT_01851,30.0,ALLOW,0,
EVT_01852,10.0,ALLOW,0,
EVT_01853,25.0,ALLOW,0,
EVT_01854,15.0,ALLOW,0,
EVT_01855,10.0,ALLOW,0,
EVT_01856,10.0,ALLOW,0,
EVT_01857,10.0,ALLOW,0,
EVT_01858,10.0,ALLOW,0,
EVT_01859,10.0,ALLOW,0,
EVT_01860,30.0,ALLOW,0,
EVT_01861,35.0,ALLOW,0,
EVT_01862,25.0,ALLOW,0,
EVT_01863,10.0,ALLOW,0,
EVT_01864,25.0,ALLOW,0,
EVT_01865,15.0,ALLOW,0,
EVT_01866,10.0,ALLOW,0,
EVT_01867,10.0,ALLOW,0,
EVT_01868,10.0,ALLOW,0,
EVT_01869,10.0,ALLOW,0,
EVT_01870,10.0,ALLOW,0,
EVT_01871,25.0,ALLOW,0,
EVT_01872,25.0,ALLOW,0,
EVT_01873,15.0,ALLOW,0,
EVT_01874,25.0,ALLOW,0,
EVT_01875,10.0,ALLOW,0,
EVT_01876,10.0,ALLOW,0,
EVT_01877,10.0,ALLOW,0,
EVT_01878,10.0,ALLOW,0,
EVT_01879,10.0,ALLOW,0,
EVT_01880,10.0,ALLOW,0,
EVT_01881,10.0,ALLOW,0,
EVT_01882,10.0,ALLOW,0,
EVT_01883,10.0,ALLOW,0,
EVT_01884,25.0,ALLOW,0,
EVT_01885,15.0,ALLOW,0,
EVT_01886,10.0,ALLOW,0,
EVT_01887,10.0,ALLOW,0,
EVT_01888,10.0,ALLOW,0,
EVT_01889,25.0,ALLOW,0,
EVT_01890,10.0,ALLOW,0,
EVT_01891,15.0,ALLOW,0,
EVT_01892,10.0,ALLOW,0,
EVT_01893,10.0,ALLOW,0,
EVT_01894,25.0,ALLOW,0,
EVT_01895,10.0,ALLOW,0,
EVT_01896,10.0,ALLOW,0,
EVT_01897,10.0,ALLOW,0,
EVT_01898,15.0,ALLOW,0,
EVT_01899,10.0,ALLOW,0,
EVT_01900,10.0,ALLOW,0,
EVT_01901,10.0,ALLOW,0,
EVT_01902,50.0,CHALLENGE,0,
EVT_01903,15.0,ALLOW,0,
EVT_01904,10.0,ALLOW,0,
EVT_01905,15.0,ALLOW,0,
EVT_01906,10.0,ALLOW,0,
EVT_01907,10.0,ALLOW,0,
EVT_01908,10.0,ALLOW,0,
EVT_01909,25.0,ALLOW,0,
EVT_01910,10.0,ALLOW,0,
EVT_01911,45.0,CHALLENGE,0,
EVT_01912,10.0,ALLOW,0,
EVT_01913,25.0,ALLOW,0,
EVT_01914,25.0,ALLOW,0,
EVT_01915,10.0,ALLOW,0,
EVT_01916,15.0,ALLOW,0,
EVT_01917,10.0,ALLOW,0,
EVT_01918,10.0,ALLOW,0,
EVT_01919,25.0,ALLOW,0,
EVT_01920,15.0,ALLOW,0,
EVT_01921,50.0,CHALLENGE,0,
EVT_01922,25.0,ALLOW,0,
EVT_01923,25.0,ALLOW,0,
EVT_01924,15.0,ALLOW,0,
EVT_01925,15.0,ALLOW,0,
EVT_01926,45.0,CHALLENGE,0,
EVT_01927,10.0,ALLOW,0,
EVT_01928,25.0,ALLOW,0,
EVT_01929,10.0,ALLOW,0,
EVT_01930,10.0,ALLOW,0,
EVT_01931,25.0,ALLOW,0,
EVT_01932,10.0,ALLOW,0,
EVT_01933,10.0,ALLOW,0,
EVT_01934,25.0,ALLOW,0,
EVT_01935,10.0,ALLOW,0,
EVT_01936,20.0,ALLOW,0,
EVT_01937,15.0,ALLOW,0,
EVT_01938,10.0,ALLOW,0,
EVT_01939,10.0,ALLOW,0,
EVT_01940,10.0,ALLOW,0,
EVT_01941,25.0,ALLOW,0,
EVT_01942,10.0,ALLOW,0,
EVT_01943,10.0,ALLOW,0,
EVT_01944,10.0,ALLOW,0,
EVT_01945,40.0,ALLOW,0,
EVT_01946,35.0,ALLOW,0,
EVT_01947,25.0,ALLOW,0,
EVT_01948,10.0,ALLOW,0,
EVT_01949,10.0,ALLOW,0,
EVT_01950,10.0,ALLOW,0,
EVT_01951,10.0,ALLOW,0,
EVT_01952,15.0,ALLOW,0,
EVT_01953,25.0,ALLOW,0,
EVT_01954,15.0,ALLOW,0,
EVT_01955,10.0,ALLOW,0,
EVT_01956,10.0,ALLOW,0,
EVT_01957,25.0,ALLOW,0,
EVT_01958,10.0,ALLOW,0,
EVT_01959,10.0,ALLOW,0,
EVT_01960,25.0,ALLOW,0,
EVT_01961,25.0,ALLOW,0,
EVT_01962,15.0,ALLOW,0,
EVT_01963,10.0,ALLOW,0,
EVT_01964,10.0,ALLOW,0,
EVT_01965,25.0,ALLOW,0,
EVT_01966,25.0,ALLOW,0,
EVT_01967,10.0,ALLOW,0,
EVT_01968,15.0,ALLOW,0,
EVT_01969,10.0,ALLOW,0,
EVT_01970,10.0,ALLOW,0,
EVT_01971,40.0,ALLOW,0,
EVT_01972,15.0,ALLOW,0,
EVT_01973,25.0,ALLOW,0,
EVT_01974,40.0,ALLOW,0,
EVT_01975,10.0,ALLOW,0,
EVT_01976,25.0,ALLOW,0,
EVT_01977,45.0,CHALLENGE,1,Impossible_Travel
EVT_01978,70.0,CHALLENGE,1,New_Device_Sensitive
EVT_01979,10.0,ALLOW,0,
EVT_01980,10.0,ALLOW,0,
EVT_01981,10.0,ALLOW,0,
EVT_01982,85.0,BLOCK,1,New_Device_Sensitive
EVT_01983,10.0,ALLOW,0,
EVT_01984,10.0,ALLOW,0,
EVT_01985,25.0,ALLOW,0,
EVT_01986,10.0,ALLOW,0,
EVT_01987,35.0,ALLOW,1,Unusual_Resource_Access
EVT_01988,30.0,ALLOW,0,
EVT_01989,10.0,ALLOW,0,
EVT_01990,10.0,ALLOW,0,
EVT_01991,10.0,ALLOW,0,
EVT_01992,10.0,ALLOW,0,
EVT_01993,25.0,ALLOW,0,
EVT_01994,10.0,ALLOW,0,
EVT_01995,15.0,ALLOW,0,
EVT_01996,10.0,ALLOW,0,
EVT_01997,25.0,ALLOW,0,
EVT_01998,15.0,ALLOW,0,
EVT_01999,25.0,ALLOW,0,
EVT_02000,10.0,ALLOW,0,
EVT_02001,10.0,ALLOW,0,
EVT_02002,35.0,ALLOW,0,
EVT_02003,45.0,CHALLENGE,1,Impossible_Travel
EVT_02004,10.0,ALLOW,0,
EVT_02005,10.0,ALLOW,0,
EVT_02006,45.0,CHALLENGE,0,
EVT_02007,30.0,ALLOW,0,
EVT_02008,25.0,ALLOW,0,
EVT_02009,10.0,ALLOW,0,
EVT_02010,10.0,ALLOW,0,
EVT_02011,50.0,CHALLENGE,0,
EVT_02012,10.0,ALLOW,0,
EVT_02013,10.0,ALLOW,0,
EVT_02014,45.0,CHALLENGE,0,
EVT_02015,10.0,ALLOW,0,
EVT_02016,10.0,ALLOW,0,
EVT_02017,25.0,ALLOW,0,
EVT_02018,10.0,ALLOW,0,
EVT_02019,10.0,ALLOW,0,
EVT_02020,15.0,ALLOW,0,
EVT_02021,20.0,ALLOW,0,
EVT_02022,15.0,ALLOW,0,
EVT_02023,10.0,ALLOW,0,
EVT_02024,10.0,ALLOW,0,
EVT_02025,25.0,ALLOW,1,Unusual_Resource_Access
EVT_02026,25.0,ALLOW,0,
EVT_02027,30.0,ALLOW,0,
EVT_02028,35.0,ALLOW,0,
EVT_02029,10.0,ALLOW,0,
EVT_02030,10.0,ALLOW,0,
EVT_02031,45.0,CHALLENGE,1,Impossible_Travel
EVT_02032,30.0,ALLOW,0,
EVT_02033,55.0,CHALLENGE,0,
EVT_02034,10.0,ALLOW,0,
EVT_02035,35.0,ALLOW,1,Unusual_Resource_Access
EVT_02036,10.0,ALLOW,0,
EVT_02037,40.0,ALLOW,0,
EVT_02038,40.0,ALLOW,0,
EVT_02039,10.0,ALLOW,0,
EVT_02040,10.0,ALLOW,0,
EVT_02041,40.0,ALLOW,0,
EVT_02042,10.0,ALLOW,0,
EVT_02043,25.0,ALLOW,0,
EVT_02044,15.0,ALLOW,0,
EVT_02045,25.0,ALLOW,0,
EVT_02046,15.0,ALLOW,0,
EVT_02047,20.0,ALLOW,0,
EVT_02048,15.0,ALLOW,0,
EVT_02049,15.0,ALLOW,0,
EVT_02050,40.0,ALLOW,0,
EVT_02051,10.0,ALLOW,0,
EVT_02052,10.0,ALLOW,0,
EVT_02053,10.0,ALLOW,0,
EVT_02054,10.0,ALLOW,0,
EVT_02055,10.0,ALLOW,0,
EVT_02056,10.0,ALLOW,0,
EVT_02057,10.0,ALLOW,0,
EVT_02058,10.0,ALLOW,0,
EVT_02059,10.0,ALLOW,0,
EVT_02060,25.0,ALLOW,0,
EVT_02061,50.0,CHALLENGE,0,
EVT_02062,10.0,ALLOW,0,
EVT_02063,45.0,CHALLENGE,0,
EVT_02064,35.0,ALLOW,0,
EVT_02065,10.0,ALLOW,0,
EVT_02066,10.0,ALLOW,0,
EVT_02067,25.0,ALLOW,0,
EVT_02068,10.0,ALLOW,0,
EVT_02069,10.0,ALLOW,0,
EVT_02070,10.0,ALLOW,0,
EVT_02071,10.0,ALLOW,0,
EVT_02072,10.0,ALLOW,0,
EVT_02073,10.0,ALLOW,0,
EVT_02074,10.0,ALLOW,0,
EVT_02075,25.0,ALLOW,0,
EVT_02076,20.0,ALLOW,0,
EVT_02077,35.0,ALLOW,1,Unusual_Resource_Access
EVT_02078,10.0,ALLOW,0,
EVT_02079,45.0,CHALLENGE,1,Impossible_Travel
EVT_02080,15.0,ALLOW,0,
EVT_02081,10.0,ALLOW,0,
EVT_02082,10.0,ALLOW,0,
EVT_02083,45.0,CHALLENGE,0,
EVT_02084,15.0,ALLOW,0,
EVT_02085,10.0,ALLOW,0,
EVT_02086,10.0,ALLOW,0,
EVT_02087,85.0,BLOCK,1,New_Device_Sensitive
EVT_02088,25.0,ALLOW,0,
EVT_02089,10.0,ALLOW,0,
EVT_02090,10.0,ALLOW,0,
EVT_02091,85.0,BLOCK,1,New_Device_Sensitive
EVT_02092,45.0,CHALLENGE,0,
EVT_02093,10.0,ALLOW,0,
EVT_02094,10.0,ALLOW,0,
EVT_02095,10.0,ALLOW,0,
EVT_02096,25.0,ALLOW,0,
EVT_02097,25.0,ALLOW,0,
EVT_02098,10.0,ALLOW,0,
EVT_02099,10.0,ALLOW,0,
EVT_02100,25.0,ALLOW,0,
EVT_02101,10.0,ALLOW,0,
EVT_02102,30.0,ALLOW,0,
EVT_02103,15.0,ALLOW,0,
EVT_02104,10.0,ALLOW,0,
EVT_02105,40.0,ALLOW,0,
EVT_02106,35.0,ALLOW,0,
EVT_02107,25.0,ALLOW,0,
EVT_02108,10.0,ALLOW,0,
EVT_02109,25.0,ALLOW,0,
EVT_02110,10.0,ALLOW,0,
EVT_02111,25.0,ALLOW,0,
EVT_02112,50.0,CHALLENGE,0,
EVT_02113,10.0,ALLOW,0,
EVT_02114,10.0,ALLOW,0,
EVT_02115,10.0,ALLOW,0,
EVT_02116,20.0,ALLOW,0,
EVT_02117,10.0,ALLOW,0,
EVT_02118,25.0,ALLOW,0,
EVT_02119,10.0,ALLOW,0,
EVT_02120,10.0,ALLOW,0,
EVT_02121,25.0,ALLOW,0,
EVT_02122,20.0,ALLOW,0,
EVT_02123,10.0,ALLOW,0,
EVT_02124,15.0,ALLOW,0,
EVT_02125,30.0,ALLOW,0,
EVT_02126,10.0,ALLOW,0,
EVT_02127,25.0,ALLOW,0,
EVT_02128,10.0,ALLOW,0,
EVT_02129,30.0,ALLOW,0,
EVT_02130,15.0,ALLOW,0,
EVT_02131,25.0,ALLOW,0,
EVT_02132,25.0,ALLOW,0,
EVT_02133,10.0,ALLOW,0,
EVT_02134,40.0,ALLOW,0,
EVT_02135,25.0,ALLOW,0,
EVT_02136,30.0,ALLOW,0,
EVT_02137,10.0,ALLOW,0,
EVT_02138,10.0,ALLOW,0,
EVT_02139,25.0,ALLOW,0,
EVT_02140,25.0,ALLOW,0,
EVT_02141,10.0,ALLOW,0,
EVT_02142,10.0,ALLOW,0,
EVT_02143,25.0,ALLOW,0,
EVT_02144,10.0,ALLOW,0,
EVT_02145,10.0,ALLOW,0,
EVT_02146,30.0,ALLOW,0,
EVT_02147,15.0,ALLOW,0,
EVT_02148,25.0,ALLOW,0,
EVT_02149,25.0,ALLOW,0,
EVT_02150,25.0,ALLOW,0,
EVT_02151,25.0,ALLOW,0,
EVT_02152,10.0,ALLOW,0,
EVT_02153,10.0,ALLOW,0,
EVT_02154,10.0,ALLOW,0,
EVT_02155,10.0,ALLOW,0,
EVT_02156,25.0,ALLOW,0,
EVT_02157,25.0,ALLOW,0,
EVT_02158,25.0,ALLOW,0,
EVT_02159,10.0,ALLOW,0,
EVT_02160,25.0,ALLOW,0,
EVT_02161,10.0,ALLOW,0,
EVT_02162,25.0,ALLOW,0,
EVT_02163,25.0,ALLOW,0,
EVT_02164,10.0,ALLOW,0,
EVT_02165,10.0,ALLOW,0,
EVT_02166,20.0,ALLOW,0,
EVT_02167,45.0,CHALLENGE,0,
EVT_02168,25.0,ALLOW,0,
EVT_02169,20.0,ALLOW,0,
EVT_02170,10.0,ALLOW,0,
EVT_02171,25.0,ALLOW,0,
EVT_02172,25.0,ALLOW,0,
EVT_02173,35.0,ALLOW,0,
EVT_02174,10.0,ALLOW,0,
EVT_02175,10.0,ALLOW,0,
EVT_02176,10.0,ALLOW,0,
EVT_02177,10.0,ALLOW,0,
EVT_02178,25.0,ALLOW,0,
EVT_02179,10.0,ALLOW,0,
EVT_02180,25.0,ALLOW,0,
EVT_02181,10.0,ALLOW,0,
EVT_02182,10.0,ALLOW,0,
EVT_02183,15.0,ALLOW,0,
EVT_02184,10.0,ALLOW,0,
EVT_02185,15.0,ALLOW,0,
EVT_02186,10.0,ALLOW,0,
EVT_02187,15.0,ALLOW,0,
EVT_02188,25.0,ALLOW,0,
EVT_02189,10.0,ALLOW,0,
EVT_02190,10.0,ALLOW,0,
EVT_02191,10.0,ALLOW,0,
EVT_02192,10.0,ALLOW,0,
EVT_02193,25.0,ALLOW,0,
EVT_02194,10.0,ALLOW,0,
EVT_02195,10.0,ALLOW,0,
EVT_02196,25.0,ALLOW,0,
EVT_02197,10.0,ALLOW,0,
EVT_02198,70.0,CHALLENGE,1,Off_Hours_Privileged
EVT_02199,75.0,BLOCK,1,Off_Hours_Privileged
EVT_02200,70.0,CHALLENGE,1,Off_Hours_Privileged
EVT_02201,70.0,CHALLENGE,1,Off_Hours_Privileged
EVT_02202,10.0,ALLOW,0,
EVT_02203,10.0,ALLOW,0,
EVT_02204,10.0,ALLOW,0,
EVT_02205,20.0,ALLOW,0,
EVT_02206,15.0,ALLOW,0,
EVT_02207,10.0,ALLOW,0,
EVT_02208,10.0,ALLOW,0,
EVT_02209,15.0,ALLOW,0,
EVT_02210,10.0,ALLOW,0,
EVT_02211,25.0,ALLOW,0,
EVT_02212,10.0,ALLOW,0,
EVT_02213,30.0,ALLOW,0,
EVT_02214,10.0,ALLOW,0,
EVT_02215,35.0,ALLOW,0,
EVT_02216,10.0,ALLOW,0,
EVT_02217,15.0,ALLOW,0,
EVT_02218,15.0,ALLOW,0,
EVT_02219,10.0,ALLOW,0,
EVT_02220,10.0,ALLOW,0,
EVT_02221,15.0,ALLOW,0,
EVT_02222,10.0,ALLOW,0,
EVT_02223,10.0,ALLOW,0,
EVT_02224,30.0,ALLOW,0,
EVT_02225,15.0,ALLOW,0,
EVT_02226,10.0,ALLOW,0,
EVT_02227,10.0,ALLOW,0,
EVT_02228,15.0,ALLOW,0,
EVT_02229,10.0,ALLOW,0,
EVT_02230,25.0,ALLOW,0,
EVT_02231,10.0,ALLOW,0,
EVT_02232,10.0,ALLOW,0,
EVT_02233,25.0,ALLOW,0,
EVT_02234,15.0,ALLOW,0,
EVT_02235,20.0,ALLOW,0,
EVT_02236,20.0,ALLOW,0,
EVT_02237,15.0,ALLOW,0,
EVT_02238,45.0,CHALLENGE,0,
EVT_02239,10.0,ALLOW,0,
EVT_02240,15.0,ALLOW,0,
EVT_02241,25.0,ALLOW,0,
EVT_02242,10.0,ALLOW,0,
EVT_02243,10.0,ALLOW,0,
EVT_02244,10.0,ALLOW,0,
EVT_02245,30.0,ALLOW,0,
EVT_02246,45.0,CHALLENGE,0,
EVT_02247,25.0,ALLOW,0,
EVT_02248,10.0,ALLOW,0,
EVT_02249,10.0,ALLOW,0,
EVT_02250,10.0,ALLOW,0,
EVT_02251,25.0,ALLOW,0,
EVT_02252,15.0,ALLOW,0,
EVT_02253,25.0,ALLOW,0,
EVT_02254,10.0,ALLOW,0,
EVT_02255,25.0,ALLOW,0,
EVT_02256,40.0,ALLOW,0,
EVT_02257,10.0,ALLOW,0,
EVT_02258,30.0,ALLOW,0,
EVT_02259,10.0,ALLOW,0,
EVT_02260,10.0,ALLOW,0,
EVT_02261,10.0,ALLOW,0,
EVT_02262,10.0,ALLOW,0,
EVT_02263,10.0,ALLOW,0,
EVT_02264,25.0,ALLOW,0,
EVT_02265,15.0,ALLOW,0,
EVT_02266,10.0,ALLOW,0,
EVT_02267,10.0,ALLOW,0,
EVT_02268,25.0,ALLOW,0,
EVT_02269,25.0,ALLOW,0,
EVT_02270,10.0,ALLOW,0,
EVT_02271,10.0,ALLOW,0,
EVT_02272,30.0,ALLOW,0,
EVT_02273,15.0,ALLOW,0,
EVT_02274,10.0,ALLOW,0,
EVT_02275,10.0,ALLOW,0,
EVT_02276,10.0,ALLOW,0,
EVT_02277,45.0,CHALLENGE,0,
EVT_02278,15.0,ALLOW,0,
EVT_02279,40.0,ALLOW,0,
EVT_02280,10.0,ALLOW,0,
EVT_02281,10.0,ALLOW,0,
EVT_02282,10.0,ALLOW,0,
EVT_02283,25.0,ALLOW,0,
EVT_02284,10.0,ALLOW,0,
EVT_02285,15.0,ALLOW,0,
EVT_02286,10.0,ALLOW,0,
EVT_02287,30.0,ALLOW,0,
EVT_02288,25.0,ALLOW,1,Unusual_Resource_Access
EVT_02289,35.0,ALLOW,0,
EVT_02290,10.0,ALLOW,0,
EVT_02291,10.0,ALLOW,0,
EVT_02292,25.0,ALLOW,0,
EVT_02293,25.0,ALLOW,0,
EVT_02294,40.0,ALLOW,0,
EVT_02295,10.0,ALLOW,0,
EVT_02296,10.0,ALLOW,0,
EVT_02297,15.0,ALLOW,0,
EVT_02298,15.0,ALLOW,0,
EVT_02299,10.0,ALLOW,0,
EVT_02300,10.0,ALLOW,0,
EVT_02301,10.0,ALLOW,0,
EVT_02302,25.0,ALLOW,0,
EVT_02303,10.0,ALLOW,0,
EVT_02304,10.0,ALLOW,0,
EVT_02305,10.0,ALLOW,0,
EVT_02306,10.0,ALLOW,0,
EVT_02307,25.0,ALLOW,0,
EVT_02308,10.0,ALLOW,0,
EVT_02309,10.0,ALLOW,0,
EVT_02310,25.0,ALLOW,0,
EVT_02311,25.0,ALLOW,0,
EVT_02312,25.0,ALLOW,0,
EVT_02313,50.0,CHALLENGE,0,
EVT_02314,15.0,ALLOW,0,
EVT_02315,10.0,ALLOW,0,
EVT_02316,10.0,ALLOW,0,
EVT_02317,80.0,BLOCK,1,New_Device_Sensitive
EVT_02318,30.0,ALLOW,0,
EVT_02319,25.0,ALLOW,0,
EVT_02320,80.0,BLOCK,1,New_Device_Sensitive
EVT_02321,45.0,CHALLENGE,0,
EVT_02322,10.0,ALLOW,0,
EVT_02323,45.0,CHALLENGE,1,Impossible_Travel
EVT_02324,25.0,ALLOW,0,
EVT_02325,10.0,ALLOW,0,
EVT_02326,25.0,ALLOW,0,
EVT_02327,10.0,ALLOW,0,
EVT_02328,10.0,ALLOW,0,
EVT_02329,10.0,ALLOW,0,
EVT_02330,40.0,ALLOW,0,
EVT_02331,10.0,ALLOW,0,
EVT_02332,10.0,ALLOW,0,
EVT_02333,10.0,ALLOW,0,
EVT_02334,25.0,ALLOW,0,
EVT_02335,25.0,ALLOW,0,
EVT_02336,10.0,ALLOW,0,
EVT_02337,25.0,ALLOW,0,
EVT_02338,25.0,ALLOW,0,
EVT_02339,25.0,ALLOW,0,
EVT_02340,10.0,ALLOW,0,
EVT_02341,10.0,ALLOW,0,
EVT_02342,10.0,ALLOW,0,
EVT_02343,10.0,ALLOW,0,
EVT_02344,15.0,ALLOW,0,
EVT_02345,25.0,ALLOW,0,
EVT_02346,40.0,ALLOW,0,
EVT_02347,45.0,CHALLENGE,0,
EVT_02348,30.0,ALLOW,0,
EVT_02349,25.0,ALLOW,0,
EVT_02350,10.0,ALLOW,0,
EVT_02351,25.0,ALLOW,0,
EVT_02352,15.0,ALLOW,0,
EVT_02353,15.0,ALLOW,0,
EVT_02354,60.0,CHALLENGE,0,
EVT_02355,25.0,ALLOW,0,
EVT_02356,25.0,ALLOW,0,
EVT_02357,10.0,ALLOW,0,
EVT_02358,10.0,ALLOW,0,
EVT_02359,35.0,ALLOW,0,
EVT_02360,15.0,ALLOW,0,
EVT_02361,10.0,ALLOW,0,
EVT_02362,30.0,ALLOW,0,
EVT_02363,10.0,ALLOW,0,
EVT_02364,10.0,ALLOW,0,
EVT_02365,10.0,ALLOW,0,
EVT_02366,20.0,ALLOW,0,
EVT_02367,40.0,ALLOW,0,
EVT_02368,25.0,ALLOW,0,
EVT_02369,45.0,CHALLENGE,1,Impossible_Travel
EVT_02370,25.0,ALLOW,0,
EVT_02371,10.0,ALLOW,0,
EVT_02372,80.0,BLOCK,1,Privilege_Escalation
EVT_02373,80.0,BLOCK,1,Privilege_Escalation
EVT_02374,80.0,BLOCK,1,Privilege_Escalation
EVT_02375,50.0,CHALLENGE,0,
EVT_02376,80.0,BLOCK,1,Privilege_Escalation
EVT_02377,80.0,BLOCK,1,Privilege_Escalation
EVT_02378,70.0,CHALLENGE,1,Privilege_Escalation
EVT_02379,10.0,ALLOW,0,
EVT_02380,10.0,ALLOW,0,
EVT_02381,30.0,ALLOW,0,
EVT_02382,10.0,ALLOW,0,
EVT_02383,30.0,ALLOW,0,
EVT_02384,25.0,ALLOW,0,
EVT_02385,10.0,ALLOW,0,
EVT_02386,25.0,ALLOW,0,
EVT_02387,10.0,ALLOW,0,
EVT_02388,40.0,ALLOW,0,
EVT_02389,15.0,ALLOW,0,
EVT_02390,10.0,ALLOW,0,
EVT_02391,25.0,ALLOW,0,
EVT_02392,10.0,ALLOW,0,
EVT_02393,30.0,ALLOW,0,
EVT_02394,15.0,ALLOW,0,
EVT_02395,85.0,BLOCK,1,New_Device_Sensitive
EVT_02396,10.0,ALLOW,0,
EVT_02397,25.0,ALLOW,0,
EVT_02398,10.0,ALLOW,0,
EVT_02399,10.0,ALLOW,0,
EVT_02400,25.0,ALLOW,0,
EVT_02401,10.0,ALLOW,0,
EVT_02402,10.0,ALLOW,0,
EVT_02403,45.0,CHALLENGE,0,
EVT_02404,10.0,ALLOW,0,
EVT_02405,10.0,ALLOW,0,
EVT_02406,10.0,ALLOW,0,
EVT_02407,15.0,ALLOW,0,
EVT_02408,10.0,ALLOW,0,
EVT_02409,10.0,ALLOW,0,
EVT_02410,10.0,ALLOW,0,
EVT_02411,25.0,ALLOW,0,
EVT_02412,25.0,ALLOW,0,
EVT_02413,25.0,ALLOW,0,
EVT_02414,10.0,ALLOW,0,
EVT_02415,10.0,ALLOW,0,
EVT_02416,10.0,ALLOW,0,
EVT_02417,25.0,ALLOW,0,
EVT_02418,10.0,ALLOW,0,
EVT_02419,35.0,ALLOW,0,
EVT_02420,45.0,CHALLENGE,0,
EVT_02421,10.0,ALLOW,0,
EVT_02422,50.0,CHALLENGE,0,
EVT_02423,10.0,ALLOW,0,
EVT_02424,10.0,ALLOW,0,
EVT_02425,25.0,ALLOW,0,
EVT_02426,30.0,ALLOW,0,
EVT_02427,10.0,ALLOW,0,
EVT_02428,25.0,ALLOW,0,
EVT_02429,10.0,ALLOW,0,
EVT_02430,10.0,ALLOW,0,
EVT_02431,25.0,ALLOW,0,
EVT_02432,40.0,ALLOW,0,
EVT_02433,25.0,ALLOW,0,
EVT_02434,10.0,ALLOW,0,
EVT_02435,10.0,ALLOW,0,
EVT_02436,25.0,ALLOW,0,
EVT_02437,15.0,ALLOW,0,
EVT_02438,10.0,ALLOW,0,
EVT_02439,10.0,ALLOW,0,
EVT_02440,15.0,ALLOW,0,
EVT_02441,10.0,ALLOW,0,
EVT_02442,30.0,ALLOW,0,
EVT_02443,10.0,ALLOW,0,
EVT_02444,10.0,ALLOW,0,
EVT_02445,15.0,ALLOW,0,
EVT_02446,30.0,ALLOW,0,
EVT_02447,10.0,ALLOW,0,
EVT_02448,10.0,ALLOW,0,
EVT_02449,10.0,ALLOW,0,
EVT_02450,15.0,ALLOW,0,
EVT_02451,10.0,ALLOW,0,
EVT_02452,30.0,ALLOW,0,
EVT_02453,40.0,ALLOW,0,
EVT_02454,15.0,ALLOW,0,
EVT_02455,10.0,ALLOW,0,
EVT_02456,25.0,ALLOW,0,
EVT_02457,10.0,ALLOW,0,
EVT_02458,10.0,ALLOW,0,
EVT_02459,25.0,ALLOW,0,
EVT_02460,15.0,ALLOW,0,
EVT_02461,25.0,ALLOW,0,
EVT_02462,35.0,ALLOW,0,
EVT_02463,10.0,ALLOW,0,
EVT_02464,10.0,ALLOW,0,
EVT_02465,10.0,ALLOW,0,
EVT_02466,35.0,ALLOW,0,
EVT_02467,10.0,ALLOW,0,
EVT_02468,15.0,ALLOW,0,
EVT_02469,25.0,ALLOW,0,
EVT_02470,10.0,ALLOW,0,
EVT_02471,25.0,ALLOW,0,
EVT_02472,10.0,ALLOW,0,
EVT_02473,10.0,ALLOW,0,
EVT_02474,25.0,ALLOW,0,
EVT_02475,10.0,ALLOW,0,
EVT_02476,10.0,ALLOW,0,
EVT_02477,10.0,ALLOW,0,
EVT_02478,25.0,ALLOW,0,
EVT_02479,10.0,ALLOW,0,
EVT_02480,45.0,CHALLENGE,0,
EVT_02481,10.0,ALLOW,0,
EVT_02482,25.0,ALLOW,0,
EVT_02483,40.0,ALLOW,0,
EVT_02484,25.0,ALLOW,0,
EVT_02485,25.0,ALLOW,0,
EVT_02486,45.0,CHALLENGE,0,
EVT_02487,25.0,ALLOW,0,
EVT_02488,10.0,ALLOW,0,
EVT_02489,10.0,ALLOW,0,
EVT_02490,10.0,ALLOW,0,
EVT_02491,10.0,ALLOW,0,
EVT_02492,10.0,ALLOW,0,
EVT_02493,10.0,ALLOW,0,
EVT_02494,35.0,ALLOW,0,
EVT_02495,25.0,ALLOW,0,
EVT_02496,10.0,ALLOW,0,
EVT_02497,10.0,ALLOW,0,
EVT_02498,25.0,ALLOW,0,
EVT_02499,10.0,ALLOW,0,
EVT_02500,15.0,ALLOW,0,
EVT_02501,15.0,ALLOW,0,
EVT_02502,10.0,ALLOW,0,
EVT_02503,10.0,ALLOW,0,
EVT_02504,25.0,ALLOW,0,
EVT_02505,25.0,ALLOW,0,
EVT_02506,10.0,ALLOW,0,
EVT_02507,15.0,ALLOW,0,
EVT_02508,10.0,ALLOW,0,
EVT_02509,45.0,CHALLENGE,0,
EVT_02510,10.0,ALLOW,0,
EVT_02511,30.0,ALLOW,0,
EVT_02512,10.0,ALLOW,0,
EVT_02513,35.0,ALLOW,0,
EVT_02514,75.0,BLOCK,0,
EVT_02515,10.0,ALLOW,0,
EVT_02516,10.0,ALLOW,0,
EVT_02517,15.0,ALLOW,0,
EVT_02518,25.0,ALLOW,0,
EVT_02519,10.0,ALLOW,0,
EVT_02520,10.0,ALLOW,0,
EVT_02521,10.0,ALLOW,0,
EVT_02522,15.0,ALLOW,0,
EVT_02523,10.0,ALLOW,0,
EVT_02524,30.0,ALLOW,0,
EVT_02525,10.0,ALLOW,0,
EVT_02526,10.0,ALLOW,0,
EVT_02527,10.0,ALLOW,0,
EVT_02528,10.0,ALLOW,0,
EVT_02529,10.0,ALLOW,0,
EVT_02530,10.0,ALLOW,0,
EVT_02531,25.0,ALLOW,0,
EVT_02532,15.0,ALLOW,0,
EVT_02533,10.0,ALLOW,0,
EVT_02534,10.0,ALLOW,0,
EVT_02535,45.0,CHALLENGE,0,
EVT_02536,10.0,ALLOW,0,
EVT_02537,10.0,ALLOW,0,
EVT_02538,15.0,ALLOW,0,
EVT_02539,10.0,ALLOW,0,
EVT_02540,40.0,ALLOW,0,
EVT_02541,30.0,ALLOW,0,
EVT_02542,10.0,ALLOW,0,
EVT_02543,10.0,ALLOW,0,
EVT_02544,35.0,ALLOW,0,
EVT_02545,30.0,ALLOW,0,
EVT_02546,30.0,ALLOW,0,
EVT_02547,10.0,ALLOW,0,
EVT_02548,10.0,ALLOW,0,
EVT_02549,10.0,ALLOW,0,
EVT_02550,10.0,ALLOW,0,
EVT_02551,10.0,ALLOW,0,
EVT_02552,10.0,ALLOW,0,
EVT_02553,25.0,ALLOW,0,
EVT_02554,10.0,ALLOW,0,
EVT_02555,10.0,ALLOW,0,
EVT_02556,10.0,ALLOW,0,
EVT_02557,10.0,ALLOW,0,
EVT_02558,10.0,ALLOW,0,
EVT_02559,10.0,ALLOW,0,
EVT_02560,10.0,ALLOW,0,
EVT_02561,25.0,ALLOW,0,
EVT_02562,25.0,ALLOW,0,
EVT_02563,50.0,CHALLENGE,0,
EVT_02564,25.0,ALLOW,0,
EVT_02565,10.0,ALLOW,0,
EVT_02566,10.0,ALLOW,0,
EVT_02567,10.0,ALLOW,0,
EVT_02568,10.0,ALLOW,0,
EVT_02569,35.0,ALLOW,0,
EVT_02570,25.0,ALLOW,0,
EVT_02571,35.0,ALLOW,0,
EVT_02572,10.0,ALLOW,0,
EVT_02573,35.0,ALLOW,1,Unusual_Resource_Access
EVT_02574,45.0,CHALLENGE,0,
EVT_02575,10.0,ALLOW,0,
EVT_02576,10.0,ALLOW,0,
EVT_02577,30.0,ALLOW,0,
EVT_02578,35.0,ALLOW,0,
EVT_02579,25.0,ALLOW,0,
EVT_02580,30.0,ALLOW,0,
EVT_02581,10.0,ALLOW,0,
EVT_02582,10.0,ALLOW,0,
EVT_02583,10.0,ALLOW,0,
EVT_02584,10.0,ALLOW,0,
EVT_02585,10.0,ALLOW,0,
EVT_02586,30.0,ALLOW,0,
EVT_02587,45.0,CHALLENGE,0,
EVT_02588,25.0,ALLOW,0,
EVT_02589,10.0,ALLOW,0,
EVT_02590,35.0,ALLOW,0,
EVT_02591,25.0,ALLOW,0,
EVT_02592,25.0,ALLOW,0,
EVT_02593,10.0,ALLOW,0,
EVT_02594,10.0,ALLOW,0,
EVT_02595,25.0,ALLOW,0,
EVT_02596,15.0,ALLOW,0,
EVT_02597,15.0,ALLOW,0,
EVT_02598,25.0,ALLOW,0,
EVT_02599,10.0,ALLOW,0,
EVT_02600,25.0,ALLOW,0,
EVT_02601,10.0,ALLOW,0,
EVT_02602,10.0,ALLOW,0,
EVT_02603,10.0,ALLOW,0,
EVT_02604,10.0,ALLOW,0,
EVT_02605,40.0,ALLOW,0,
EVT_02606,10.0,ALLOW,0,
EVT_02607,45.0,CHALLENGE,0,
EVT_02608,25.0,ALLOW,0,
EVT_02609,15.0,ALLOW,0,
EVT_02610,10.0,ALLOW,0,
EVT_02611,10.0,ALLOW,0,
EVT_02612,10.0,ALLOW,0,
EVT_02613,10.0,ALLOW,0,
EVT_02614,15.0,ALLOW,0,
EVT_02615,10.0,ALLOW,0,
EVT_02616,10.0,ALLOW,0,
EVT_02617,10.0,ALLOW,0,
EVT_02618,10.0,ALLOW,0,
EVT_02619,25.0,ALLOW,0,
EVT_02620,25.0,ALLOW,0,
EVT_02621,15.0,ALLOW,0,
EVT_02622,10.0,ALLOW,0,
EVT_02623,10.0,ALLOW,0,
EVT_02624,15.0,ALLOW,0,
EVT_02625,10.0,ALLOW,0,
EVT_02626,40.0,ALLOW,0,
EVT_02627,35.0,ALLOW,0,
EVT_02628,25.0,ALLOW,0,
EVT_02629,10.0,ALLOW,0,
EVT_02630,15.0,ALLOW,0,
EVT_02631,25.0,ALLOW,0,
EVT_02632,10.0,ALLOW,0,
EVT_02633,80.0,BLOCK,1,Privilege_Escalation
EVT_02634,80.0,BLOCK,1,Privilege_Escalation
EVT_02635,80.0,BLOCK,1,Privilege_Escalation
EVT_02636,80.0,BLOCK,1,Privilege_Escalation
EVT_02637,80.0,BLOCK,1,Privilege_Escalation
EVT_02638,70.0,CHALLENGE,1,Privilege_Escalation
EVT_02639,30.0,ALLOW,0,
EVT_02640,10.0,ALLOW,0,
EVT_02641,15.0,ALLOW,0,
EVT_02642,30.0,ALLOW,0,
EVT_02643,30.0,ALLOW,0,
EVT_02644,10.0,ALLOW,0,
EVT_02645,10.0,ALLOW,0,
EVT_02646,10.0,ALLOW,0,
EVT_02647,25.0,ALLOW,0,
EVT_02648,10.0,ALLOW,0,
EVT_02649,10.0,ALLOW,0,
EVT_02650,25.0,ALLOW,0,
EVT_02651,10.0,ALLOW,0,
EVT_02652,25.0,ALLOW,0,
EVT_02653,10.0,ALLOW,0,
EVT_02654,10.0,ALLOW,0,
EVT_02655,35.0,ALLOW,0,
EVT_02656,10.0,ALLOW,0,
EVT_02657,25.0,ALLOW,0,
EVT_02658,10.0,ALLOW,0,
EVT_02659,10.0,ALLOW,0,
EVT_02660,25.0,ALLOW,0,
EVT_02661,10.0,ALLOW,0,
EVT_02662,10.0,ALLOW,0,
EVT_02663,15.0,ALLOW,0,
EVT_02664,15.0,ALLOW,0,
EVT_02665,10.0,ALLOW,0,
EVT_02666,10.0,ALLOW,0,
EVT_02667,25.0,ALLOW,0,
EVT_02668,15.0,ALLOW,0,
EVT_02669,80.0,BLOCK,1,New_Device_Sensitive
EVT_02670,30.0,ALLOW,0,
EVT_02671,10.0,ALLOW,0,
EVT_02672,15.0,ALLOW,0,
EVT_02673,25.0,ALLOW,0,
EVT_02674,10.0,ALLOW,0,
EVT_02675,10.0,ALLOW,0,
EVT_02676,10.0,ALLOW,0,
EVT_02677,20.0,ALLOW,0,
EVT_02678,10.0,ALLOW,0,
EVT_02679,15.0,ALLOW,0,
EVT_02680,30.0,ALLOW,0,
EVT_02681,10.0,ALLOW,0,
EVT_02682,45.0,CHALLENGE,1,Impossible_Travel
EVT_02683,10.0,ALLOW,0,
EVT_02684,10.0,ALLOW,0,
EVT_02685,10.0,ALLOW,0,
EVT_02686,10.0,ALLOW,0,
EVT_02687,10.0,ALLOW,0,
EVT_02688,25.0,ALLOW,0,
EVT_02689,10.0,ALLOW,0,
EVT_02690,40.0,ALLOW,0,
EVT_02691,10.0,ALLOW,0,
EVT_02692,10.0,ALLOW,0,
EVT_02693,80.0,BLOCK,1,Privilege_Escalation
EVT_02694,80.0,BLOCK,1,Privilege_Escalation
EVT_02695,80.0,BLOCK,1,Privilege_Escalation
EVT_02696,80.0,BLOCK,1,Privilege_Escalation
EVT_02697,25.0,ALLOW,0,
EVT_02698,80.0,BLOCK,1,Privilege_Escalation
EVT_02699,70.0,CHALLENGE,1,Privilege_Escalation
EVT_02700,25.0,ALLOW,0,
EVT_02701,25.0,ALLOW,0,
EVT_02702,10.0,ALLOW,0,
EVT_02703,10.0,ALLOW,0,
EVT_02704,10.0,ALLOW,0,
EVT_02705,10.0,ALLOW,0,
EVT_02706,30.0,ALLOW,0,
EVT_02707,10.0,ALLOW,0,
EVT_02708,30.0,ALLOW,0,
EVT_02709,10.0,ALLOW,0,
EVT_02710,25.0,ALLOW,0,
EVT_02711,45.0,CHALLENGE,0,
EVT_02712,15.0,ALLOW,0,
EVT_02713,25.0,ALLOW,1,Unusual_Resource_Access
EVT_02714,10.0,ALLOW,0,
EVT_02715,15.0,ALLOW,0,
EVT_02716,10.0,ALLOW,0,
EVT_02717,35.0,ALLOW,0,
EVT_02718,20.0,ALLOW,0,
EVT_02719,10.0,ALLOW,0,
EVT_02720,10.0,ALLOW,0,
EVT_02721,10.0,ALLOW,0,
EVT_02722,25.0,ALLOW,0,
EVT_02723,10.0,ALLOW,0,
EVT_02724,45.0,CHALLENGE,0,
EVT_02725,25.0,ALLOW,0,
EVT_02726,25.0,ALLOW,0,
EVT_02727,45.0,CHALLENGE,0,
EVT_02728,25.0,ALLOW,0,
EVT_02729,10.0,ALLOW,0,
EVT_02730,25.0,ALLOW,0,
EVT_02731,10.0,ALLOW,0,
EVT_02732,25.0,ALLOW,0,
EVT_02733,10.0,ALLOW,0,
EVT_02734,10.0,ALLOW,0,
EVT_02735,25.0,ALLOW,0,
EVT_02736,15.0,ALLOW,0,
EVT_02737,55.0,CHALLENGE,0,
EVT_02738,35.0,ALLOW,0,
EVT_02739,45.0,CHALLENGE,1,Impossible_Travel
EVT_02740,10.0,ALLOW,0,
EVT_02741,10.0,ALLOW,0,
EVT_02742,45.0,CHALLENGE,1,Impossible_Travel
EVT_02743,15.0,ALLOW,0,
EVT_02744,20.0,ALLOW,0,
EVT_02745,25.0,ALLOW,0,
EVT_02746,45.0,CHALLENGE,0,
EVT_02747,10.0,ALLOW,0,
EVT_02748,25.0,ALLOW,0,
EVT_02749,10.0,ALLOW,0,
EVT_02750,10.0,ALLOW,0,
EVT_02751,10.0,ALLOW,0,
EVT_02752,35.0,ALLOW,0,
EVT_02753,10.0,ALLOW,0,
EVT_02754,10.0,ALLOW,0,
EVT_02755,10.0,ALLOW,0,
EVT_02756,35.0,ALLOW,0,
EVT_02757,30.0,ALLOW,0,
EVT_02758,10.0,ALLOW,0,
EVT_02759,45.0,CHALLENGE,0,
EVT_02760,15.0,ALLOW,0,
EVT_02761,25.0,ALLOW,0,
EVT_02762,10.0,ALLOW,0,
EVT_02763,10.0,ALLOW,0,
EVT_02764,25.0,ALLOW,0,
EVT_02765,10.0,ALLOW,0,
EVT_02766,10.0,ALLOW,0,
EVT_02767,15.0,ALLOW,0,
EVT_02768,25.0,ALLOW,0,
EVT_02769,25.0,ALLOW,0,
EVT_02770,15.0,ALLOW,0,
EVT_02771,10.0,ALLOW,0,
EVT_02772,25.0,ALLOW,0,
EVT_02773,60.0,CHALLENGE,0,
EVT_02774,50.0,CHALLENGE,0,
EVT_02775,25.0,ALLOW,0,
EVT_02776,10.0,ALLOW,0,
EVT_02777,10.0,ALLOW,0,
EVT_02778,30.0,ALLOW,0,
EVT_02779,10.0,ALLOW,0,
EVT_02780,25.0,ALLOW,0,
EVT_02781,10.0,ALLOW,0,
EVT_02782,15.0,ALLOW,0,
EVT_02783,10.0,ALLOW,0,
EVT_02784,40.0,ALLOW,0,
EVT_02785,10.0,ALLOW,0,
EVT_02786,10.0,ALLOW,0,
EVT_02787,10.0,ALLOW,0,
EVT_02788,30.0,ALLOW,0,
EVT_02789,15.0,ALLOW,0,
EVT_02790,10.0,ALLOW,0,
EVT_02791,10.0,ALLOW,0,
EVT_02792,10.0,ALLOW,0,
EVT_02793,25.0,ALLOW,0,
EVT_02794,40.0,ALLOW,0,
EVT_02795,10.0,ALLOW,0,
EVT_02796,10.0,ALLOW,0,
EVT_02797,55.0,CHALLENGE,0,
EVT_02798,25.0,ALLOW,0,
EVT_02799,10.0,ALLOW,0,
EVT_02800,20.0,ALLOW,0,
EVT_02801,25.0,ALLOW,0,
EVT_02802,10.0,ALLOW,0,
EVT_02803,70.0,CHALLENGE,1,Privilege_Escalation
EVT_02804,10.0,ALLOW,0,
EVT_02805,70.0,CHALLENGE,1,Privilege_Escalation
EVT_02806,70.0,CHALLENGE,1,Privilege_Escalation
EVT_02807,70.0,CHALLENGE,1,Privilege_Escalation
EVT_02808,70.0,CHALLENGE,1,Privilege_Escalation
EVT_02809,10.0,ALLOW,0,
EVT_02810,60.0,CHALLENGE,1,Privilege_Escalation
EVT_02811,10.0,ALLOW,0,
EVT_02812,10.0,ALLOW,0,
EVT_02813,35.0,ALLOW,0,
EVT_02814,10.0,ALLOW,0,
EVT_02815,25.0,ALLOW,0,
EVT_02816,25.0,ALLOW,0,
EVT_02817,15.0,ALLOW,0,
EVT_02818,45.0,CHALLENGE,0,
EVT_02819,10.0,ALLOW,0,
EVT_02820,15.0,ALLOW,0,
EVT_02821,10.0,ALLOW,0,
EVT_02822,10.0,ALLOW,0,
EVT_02823,10.0,ALLOW,0,
EVT_02824,30.0,ALLOW,0,
EVT_02825,15.0,ALLOW,0,
EVT_02826,25.0,ALLOW,0,
EVT_02827,35.0,ALLOW,0,
EVT_02828,15.0,ALLOW,0,
EVT_02829,25.0,ALLOW,0,
EVT_02830,10.0,ALLOW,0,
EVT_02831,10.0,ALLOW,0,
EVT_02832,10.0,ALLOW,0,
EVT_02833,10.0,ALLOW,0,
EVT_02834,10.0,ALLOW,0,
EVT_02835,25.0,ALLOW,0,
EVT_02836,10.0,ALLOW,0,
EVT_02837,10.0,ALLOW,0,
EVT_02838,10.0,ALLOW,0,
EVT_02839,10.0,ALLOW,0,
EVT_02840,10.0,ALLOW,0,
EVT_02841,10.0,ALLOW,0,
EVT_02842,10.0,ALLOW,0,
EVT_02843,25.0,ALLOW,0,
EVT_02844,25.0,ALLOW,0,
EVT_02845,35.0,ALLOW,0,
EVT_02846,15.0,ALLOW,0,
EVT_02847,10.0,ALLOW,0,
EVT_02848,10.0,ALLOW,0,
EVT_02849,10.0,ALLOW,0,
EVT_02850,25.0,ALLOW,0,
EVT_02851,45.0,CHALLENGE,1,Impossible_Travel
EVT_02852,25.0,ALLOW,0,
EVT_02853,10.0,ALLOW,0,
EVT_02854,10.0,ALLOW,0,
EVT_02855,10.0,ALLOW,0,
EVT_02856,25.0,ALLOW,0,
EVT_02857,10.0,ALLOW,0,
EVT_02858,45.0,CHALLENGE,0,
EVT_02859,25.0,ALLOW,0,
EVT_02860,10.0,ALLOW,0,
EVT_02861,40.0,ALLOW,0,
EVT_02862,10.0,ALLOW,0,
EVT_02863,25.0,ALLOW,0,
EVT_02864,10.0,ALLOW,0,
EVT_02865,15.0,ALLOW,0,
EVT_02866,10.0,ALLOW,0,
EVT_02867,30.0,ALLOW,0,
EVT_02868,10.0,ALLOW,0,
EVT_02869,25.0,ALLOW,0,
EVT_02870,45.0,CHALLENGE,1,Impossible_Travel
EVT_02871,45.0,CHALLENGE,0,
EVT_02872,10.0,ALLOW,0,
EVT_02873,25.0,ALLOW,0,
EVT_02874,10.0,ALLOW,0,
EVT_02875,10.0,ALLOW,0,
EVT_02876,25.0,ALLOW,0,
EVT_02877,10.0,ALLOW,0,
EVT_02878,10.0,ALLOW,0,
EVT_02879,25.0,ALLOW,0,
EVT_02880,25.0,ALLOW,0,
EVT_02881,30.0,ALLOW,0,
EVT_02882,10.0,ALLOW,0,
EVT_02883,15.0,ALLOW,0,
EVT_02884,10.0,ALLOW,0,
EVT_02885,10.0,ALLOW,0,
EVT_02886,25.0,ALLOW,0,
EVT_02887,10.0,ALLOW,0,
EVT_02888,25.0,ALLOW,0,
EVT_02889,15.0,ALLOW,0,
EVT_02890,50.0,CHALLENGE,0,
EVT_02891,10.0,ALLOW,0,
EVT_02892,10.0,ALLOW,0,
EVT_02893,10.0,ALLOW,0,
EVT_02894,45.0,CHALLENGE,0,
EVT_02895,10.0,ALLOW,0,
EVT_02896,45.0,CHALLENGE,0,
EVT_02897,10.0,ALLOW,0,
EVT_02898,15.0,ALLOW,0,
EVT_02899,30.0,ALLOW,0,
EVT_02900,10.0,ALLOW,0,
EVT_02901,25.0,ALLOW,0,
EVT_02902,45.0,CHALLENGE,0,
EVT_02903,30.0,ALLOW,0,
EVT_02904,10.0,ALLOW,0,
EVT_02905,25.0,ALLOW,0,
EVT_02906,45.0,CHALLENGE,0,
EVT_02907,10.0,ALLOW,0,
EVT_02908,25.0,ALLOW,0,
EVT_02909,25.0,ALLOW,0,
EVT_02910,10.0,ALLOW,0,
EVT_02911,45.0,CHALLENGE,0,
EVT_02912,35.0,ALLOW,0,
EVT_02913,30.0,ALLOW,0,
EVT_02914,25.0,ALLOW,0,
EVT_02915,50.0,CHALLENGE,0,
EVT_02916,10.0,ALLOW,0,
EVT_02917,10.0,ALLOW,0,
EVT_02918,10.0,ALLOW,0,
EVT_02919,30.0,ALLOW,0,
EVT_02920,25.0,ALLOW,0,
EVT_02921,10.0,ALLOW,0,
EVT_02922,20.0,ALLOW,0,
EVT_02923,25.0,ALLOW,0,
EVT_02924,80.0,BLOCK,1,New_Device_Sensitive
EVT_02925,10.0,ALLOW,0,
EVT_02926,40.0,ALLOW,0,
EVT_02927,25.0,ALLOW,0,
EVT_02928,45.0,CHALLENGE,1,Impossible_Travel
EVT_02929,25.0,ALLOW,0,
EVT_02930,10.0,ALLOW,0,
EVT_02931,25.0,ALLOW,0,
EVT_02932,15.0,ALLOW,0,
EVT_02933,30.0,ALLOW,0,
EVT_02934,10.0,ALLOW,0,
EVT_02935,10.0,ALLOW,0,
EVT_02936,10.0,ALLOW,0,
EVT_02937,10.0,ALLOW,0,
EVT_02938,25.0,ALLOW,0,
EVT_02939,10.0,ALLOW,0,
EVT_02940,25.0,ALLOW,0,
EVT_02941,25.0,ALLOW,0,
EVT_02942,40.0,ALLOW,0,
EVT_02943,10.0,ALLOW,0,
EVT_02944,15.0,ALLOW,0,
EVT_02945,10.0,ALLOW,0,
EVT_02946,10.0,ALLOW,0,
EVT_02947,25.0,ALLOW,0,
EVT_02948,25.0,ALLOW,0,
EVT_02949,40.0,ALLOW,0,
EVT_02950,10.0,ALLOW,0,
EVT_02951,30.0,ALLOW,0,
EVT_02952,25.0,ALLOW,0,
EVT_02953,10.0,ALLOW,0,
EVT_02954,10.0,ALLOW,0,
EVT_02955,25.0,ALLOW,0,
EVT_02956,10.0,ALLOW,0,
EVT_02957,10.0,ALLOW,0,
EVT_02958,10.0,ALLOW,0,
EVT_02959,10.0,ALLOW,0,
EVT_02960,25.0,ALLOW,0,
EVT_02961,10.0,ALLOW,0,
EVT_02962,25.0,ALLOW,0,
EVT_02963,10.0,ALLOW,0,
EVT_02964,45.0,CHALLENGE,0,
EVT_02965,10.0,ALLOW,0,
EVT_02966,25.0,ALLOW,0,
EVT_02967,10.0,ALLOW,0,
EVT_02968,10.0,ALLOW,0,
EVT_02969,10.0,ALLOW,0,
EVT_02970,10.0,ALLOW,0,
EVT_02971,10.0,ALLOW,0,
EVT_02972,10.0,ALLOW,0,
EVT_02973,25.0,ALLOW,0,
EVT_02974,10.0,ALLOW,0,
EVT_02975,40.0,ALLOW,0,
EVT_02976,25.0,ALLOW,0,
EVT_02977,15.0,ALLOW,0,
EVT_02978,25.0,ALLOW,0,
EVT_02979,10.0,ALLOW,0,
EVT_02980,10.0,ALLOW,0,
EVT_02981,30.0,ALLOW,0,
EVT_02982,30.0,ALLOW,0,
EVT_02983,25.0,ALLOW,0,
EVT_02984,25.0,ALLOW,0,
EVT_02985,15.0,ALLOW,0,
EVT_02986,70.0,CHALLENGE,0,
EVT_02987,25.0,ALLOW,0,
EVT_02988,25.0,ALLOW,0,
EVT_02989,25.0,ALLOW,0,
EVT_02990,25.0,ALLOW,0,
EVT_02991,10.0,ALLOW,0,
EVT_02992,25.0,ALLOW,0,
EVT_02993,30.0,ALLOW,0,
EVT_02994,45.0,CHALLENGE,1,Impossible_Travel
EVT_02995,45.0,CHALLENGE,1,Impossible_Travel
EVT_02996,25.0,ALLOW,0,
EVT_02997,40.0,ALLOW,0,
EVT_02998,25.0,ALLOW,1,Unusual_Resource_Access
EVT_02999,60.0,CHALLENGE,0,
EVT_03000,25.0,ALLOW,0,
EVT_03001,10.0,ALLOW,0,
EVT_03002,10.0,ALLOW,0,
EVT_03003,10.0,ALLOW,0,
EVT_03004,45.0,CHALLENGE,0,
EVT_03005,10.0,ALLOW,0,
EVT_03006,10.0,ALLOW,0,
EVT_03007,10.0,ALLOW,0,
EVT_03008,10.0,ALLOW,0,
EVT_03009,10.0,ALLOW,0,
EVT_03010,15.0,ALLOW,0,
EVT_03011,45.0,CHALLENGE,0,
EVT_03012,10.0,ALLOW,0,
EVT_03013,10.0,ALLOW,0,
EVT_03014,10.0,ALLOW,0,
EVT_03015,10.0,ALLOW,0,
EVT_03016,10.0,ALLOW,0,
EVT_03017,10.0,ALLOW,0,
EVT_03018,10.0,ALLOW,0,
EVT_03019,15.0,ALLOW,0,
EVT_03020,10.0,ALLOW,0,
EVT_03021,25.0,ALLOW,0,
EVT_03022,10.0,ALLOW,0,
EVT_03023,10.0,ALLOW,0,
EVT_03024,10.0,ALLOW,0,
EVT_03025,15.0,ALLOW,0,
EVT_03026,30.0,ALLOW,0,
EVT_03027,10.0,ALLOW,0,
EVT_03028,10.0,ALLOW,0,
EVT_03029,10.0,ALLOW,0,
EVT_03030,25.0,ALLOW,0,
EVT_03031,25.0,ALLOW,0,
EVT_03032,25.0,ALLOW,0,
EVT_03033,70.0,CHALLENGE,1,Privilege_Escalation
EVT_03034,70.0,CHALLENGE,1,Privilege_Escalation
EVT_03035,70.0,CHALLENGE,1,Privilege_Escalation
EVT_03036,70.0,CHALLENGE,1,Privilege_Escalation
EVT_03037,70.0,CHALLENGE,1,Privilege_Escalation
EVT_03038,60.0,CHALLENGE,1,Privilege_Escalation
EVT_03039,10.0,ALLOW,0,
EVT_03040,10.0,ALLOW,0,
EVT_03041,60.0,CHALLENGE,0,
EVT_03042,10.0,ALLOW,0,
EVT_03043,40.0,ALLOW,0,
EVT_03044,10.0,ALLOW,0,
EVT_03045,25.0,ALLOW,0,
EVT_03046,10.0,ALLOW,0,
EVT_03047,15.0,ALLOW,0,
EVT_03048,60.0,CHALLENGE,0,
EVT_03049,10.0,ALLOW,0,
EVT_03050,25.0,ALLOW,0,
EVT_03051,25.0,ALLOW,0,
EVT_03052,10.0,ALLOW,0,
EVT_03053,30.0,ALLOW,0,
EVT_03054,25.0,ALLOW,0,
EVT_03055,15.0,ALLOW,0,
EVT_03056,10.0,ALLOW,0,
EVT_03057,10.0,ALLOW,0,
EVT_03058,10.0,ALLOW,0,
EVT_03059,10.0,ALLOW,0,
EVT_03060,25.0,ALLOW,0,
EVT_03061,45.0,CHALLENGE,0,
EVT_03062,25.0,ALLOW,0,
EVT_03063,25.0,ALLOW,0,
EVT_03064,10.0,ALLOW,0,
EVT_03065,25.0,ALLOW,0,
EVT_03066,25.0,ALLOW,0,
EVT_03067,25.0,ALLOW,0,
EVT_03068,25.0,ALLOW,0,
EVT_03069,45.0,CHALLENGE,0,
EVT_03070,25.0,ALLOW,0,
EVT_03071,10.0,ALLOW,0,
EVT_03072,25.0,ALLOW,0,
EVT_03073,40.0,ALLOW,0,
EVT_03074,10.0,ALLOW,0,
EVT_03075,70.0,CHALLENGE,1,New_Device_Sensitive
EVT_03076,10.0,ALLOW,0,
EVT_03077,10.0,ALLOW,0,
EVT_03078,25.0,ALLOW,0,
EVT_03079,10.0,ALLOW,0,
EVT_03080,15.0,ALLOW,0,
EVT_03081,35.0,ALLOW,0,
EVT_03082,10.0,ALLOW,0,
EVT_03083,25.0,ALLOW,0,
EVT_03084,10.0,ALLOW,0,
EVT_03085,10.0,ALLOW,0,
EVT_03086,10.0,ALLOW,0,
EVT_03087,10.0,ALLOW,0,
EVT_03088,10.0,ALLOW,0,
EVT_03089,10.0,ALLOW,0,
EVT_03090,10.0,ALLOW,0,
EVT_03091,25.0,ALLOW,0,
EVT_03092,25.0,ALLOW,0,
EVT_03093,25.0,ALLOW,0,
EVT_03094,15.0,ALLOW,0,
EVT_03095,10.0,ALLOW,0,
EVT_03096,10.0,ALLOW,0,
EVT_03097,70.0,CHALLENGE,1,New_Device_Sensitive
EVT_03098,10.0,ALLOW,0,
EVT_03099,15.0,ALLOW,0,
EVT_03100,10.0,ALLOW,0,
EVT_03101,25.0,ALLOW,0,
EVT_03102,10.0,ALLOW,0,
EVT_03103,10.0,ALLOW,0,
EVT_03104,30.0,ALLOW,0,
EVT_03105,25.0,ALLOW,1,Unusual_Resource_Access
EVT_03106,35.0,ALLOW,0,
EVT_03107,35.0,ALLOW,0,
EVT_03108,30.0,ALLOW,0,
EVT_03109,45.0,CHALLENGE,0,
EVT_03110,10.0,ALLOW,0,
EVT_03111,70.0,CHALLENGE,1,New_Device_Sensitive
EVT_03112,10.0,ALLOW,0,
EVT_03113,25.0,ALLOW,0,
EVT_03114,10.0,ALLOW,0,
EVT_03115,10.0,ALLOW,0,
EVT_03116,10.0,ALLOW,0,
EVT_03117,15.0,ALLOW,0,
EVT_03118,10.0,ALLOW,0,
EVT_03119,25.0,ALLOW,0,
EVT_03120,10.0,ALLOW,0,
EVT_03121,25.0,ALLOW,0,
EVT_03122,70.0,CHALLENGE,1,New_Device_Sensitive
EVT_03123,10.0,ALLOW,0,
EVT_03124,45.0,CHALLENGE,1,Impossible_Travel
EVT_03125,15.0,ALLOW,0,
EVT_03126,70.0,CHALLENGE,1,New_Device_Sensitive
EVT_03127,45.0,CHALLENGE,0,
EVT_03128,35.0,ALLOW,0,
EVT_03129,10.0,ALLOW,0,
EVT_03130,25.0,ALLOW,0,
EVT_03131,10.0,ALLOW,0,
EVT_03132,30.0,ALLOW,0,
EVT_03133,25.0,ALLOW,1,Unusual_Resource_Access
EVT_03134,25.0,ALLOW,0,
EVT_03135,10.0,ALLOW,0,
EVT_03136,15.0,ALLOW,0,
EVT_03137,30.0,ALLOW,0,
EVT_03138,45.0,CHALLENGE,1,Impossible_Travel
EVT_03139,10.0,ALLOW,0,
EVT_03140,25.0,ALLOW,0,
EVT_03141,25.0,ALLOW,1,Unusual_Resource_Access
EVT_03142,35.0,ALLOW,1,Unusual_Resource_Access
EVT_03143,15.0,ALLOW,0,
EVT_03144,10.0,ALLOW,0,
EVT_03145,45.0,CHALLENGE,1,Impossible_Travel
EVT_03146,10.0,ALLOW,0,
EVT_03147,80.0,BLOCK,1,New_Device_Sensitive
EVT_03148,45.0,CHALLENGE,1,Impossible_Travel
EVT_03149,30.0,ALLOW,0,
EVT_03150,15.0,ALLOW,0,
EVT_03151,25.0,ALLOW,0,
EVT_03152,80.0,BLOCK,1,New_Device_Sensitive
EVT_03153,10.0,ALLOW,0,
EVT_03154,30.0,ALLOW,0,
EVT_03155,25.0,ALLOW,0,
EVT_03156,10.0,ALLOW,0,
EVT_03157,35.0,ALLOW,0,
EVT_03158,10.0,ALLOW,0,
EVT_03159,25.0,ALLOW,0,
EVT_03160,10.0,ALLOW,0,
EVT_03161,25.0,ALLOW,0,
EVT_03162,25.0,ALLOW,0,
EVT_03163,15.0,ALLOW,0,
EVT_03164,15.0,ALLOW,0,
EVT_03165,10.0,ALLOW,0,
EVT_03166,10.0,ALLOW,0,
EVT_03167,10.0,ALLOW,0,
EVT_03168,30.0,ALLOW,0,
EVT_03169,40.0,ALLOW,0,
EVT_03170,10.0,ALLOW,0,
EVT_03171,10.0,ALLOW,0,
EVT_03172,20.0,ALLOW,0,
EVT_03173,10.0,ALLOW,0,
EVT_03174,30.0,ALLOW,0,
EVT_03175,10.0,ALLOW,0,
EVT_03176,10.0,ALLOW,0,
EVT_03177,25.0,ALLOW,0,
EVT_03178,10.0,ALLOW,0,
EVT_03179,25.0,ALLOW,0,
EVT_03180,15.0,ALLOW,0,
EVT_03181,25.0,ALLOW,0,
EVT_03182,10.0,ALLOW,0,
EVT_03183,10.0,ALLOW,0,
EVT_03184,15.0,ALLOW,0,
EVT_03185,10.0,ALLOW,0,
EVT_03186,10.0,ALLOW,0,
EVT_03187,45.0,CHALLENGE,0,
EVT_03188,60.0,CHALLENGE,0,
EVT_03189,10.0,ALLOW,0,
EVT_03190,40.0,ALLOW,0,
EVT_03191,15.0,ALLOW,0,
EVT_03192,25.0,ALLOW,0,
EVT_03193,10.0,ALLOW,0,
EVT_03194,10.0,ALLOW,0,
EVT_03195,10.0,ALLOW,0,
EVT_03196,10.0,ALLOW,0,
EVT_03197,25.0,ALLOW,0,
EVT_03198,10.0,ALLOW,0,
EVT_03199,10.0,ALLOW,0,
EVT_03200,35.0,ALLOW,0,
EVT_03201,25.0,ALLOW,0,
EVT_03202,35.0,ALLOW,0,
EVT_03203,40.0,ALLOW,0,
EVT_03204,10.0,ALLOW,0,
EVT_03205,15.0,ALLOW,0,
EVT_03206,10.0,ALLOW,0,
EVT_03207,15.0,ALLOW,0,
EVT_03208,15.0,ALLOW,0,
EVT_03209,10.0,ALLOW,0,
EVT_03210,10.0,ALLOW,0,
EVT_03211,60.0,CHALLENGE,0,
EVT_03212,10.0,ALLOW,0,
EVT_03213,10.0,ALLOW,0,
EVT_03214,25.0,ALLOW,0,
EVT_03215,10.0,ALLOW,0,
EVT_03216,10.0,ALLOW,0,
EVT_03217,25.0,ALLOW,0,
EVT_03218,10.0,ALLOW,0,
EVT_03219,20.0,ALLOW,0,
EVT_03220,10.0,ALLOW,0,
EVT_03221,15.0,ALLOW,0,
EVT_03222,20.0,ALLOW,0,
EVT_03223,30.0,ALLOW,0,
EVT_03224,10.0,ALLOW,0,
EVT_03225,10.0,ALLOW,0,
EVT_03226,25.0,ALLOW,0,
EVT_03227,10.0,ALLOW,0,
EVT_03228,25.0,ALLOW,0,
EVT_03229,10.0,ALLOW,0,
EVT_03230,10.0,ALLOW,0,
EVT_03231,10.0,ALLOW,0,
EVT_03232,10.0,ALLOW,0,
EVT_03233,10.0,ALLOW,0,
EVT_03234,25.0,ALLOW,0,
EVT_03235,10.0,ALLOW,0,
EVT_03236,10.0,ALLOW,0,
EVT_03237,25.0,ALLOW,0,
EVT_03238,25.0,ALLOW,0,
EVT_03239,30.0,ALLOW,0,
EVT_03240,10.0,ALLOW,0,
EVT_03241,25.0,ALLOW,0,
EVT_03242,25.0,ALLOW,0,
EVT_03243,15.0,ALLOW,0,
EVT_03244,10.0,ALLOW,0,
EVT_03245,15.0,ALLOW,0,
EVT_03246,25.0,ALLOW,0,
EVT_03247,25.0,ALLOW,0,
EVT_03248,75.0,BLOCK,1,Off_Hours_Privileged
EVT_03249,75.0,BLOCK,1,Off_Hours_Privileged
EVT_03250,70.0,CHALLENGE,1,Off_Hours_Privileged
EVT_03251,70.0,CHALLENGE,1,Off_Hours_Privileged
EVT_03252,75.0,BLOCK,1,Off_Hours_Privileged
EVT_03253,70.0,CHALLENGE,1,Off_Hours_Privileged
EVT_03254,70.0,CHALLENGE,1,Off_Hours_Privileged
EVT_03255,75.0,BLOCK,1,Off_Hours_Privileged
EVT_03256,70.0,CHALLENGE,1,Off_Hours_Privileged
EVT_03257,70.0,CHALLENGE,1,Off_Hours_Privileged
EVT_03258,70.0,CHALLENGE,1,Off_Hours_Privileged
EVT_03259,70.0,CHALLENGE,1,Off_Hours_Privileged
EVT_03260,70.0,CHALLENGE,1,Off_Hours_Privileged
EVT_03261,25.0,ALLOW,0,
EVT_03262,50.0,CHALLENGE,0,
EVT_03263,30.0,ALLOW,0,
EVT_03264,15.0,ALLOW,0,
EVT_03265,25.0,ALLOW,0,
EVT_03266,10.0,ALLOW,0,
EVT_03267,25.0,ALLOW,0,
EVT_03268,10.0,ALLOW,0,
EVT_03269,10.0,ALLOW,0,
EVT_03270,25.0,ALLOW,0,
EVT_03271,25.0,ALLOW,0,
EVT_03272,10.0,ALLOW,0,
EVT_03273,10.0,ALLOW,0,
EVT_03274,10.0,ALLOW,0,
EVT_03275,10.0,ALLOW,0,
EVT_03276,25.0,ALLOW,0,
EVT_03277,25.0,ALLOW,0,
EVT_03278,10.0,ALLOW,0,
EVT_03279,10.0,ALLOW,0,
EVT_03280,25.0,ALLOW,0,
EVT_03281,15.0,ALLOW,0,
EVT_03282,10.0,ALLOW,0,
EVT_03283,25.0,ALLOW,0,
EVT_03284,10.0,ALLOW,0,
EVT_03285,15.0,ALLOW,0,
EVT_03286,20.0,ALLOW,0,
EVT_03287,10.0,ALLOW,0,
EVT_03288,45.0,CHALLENGE,0,
EVT_03289,15.0,ALLOW,0,
EVT_03290,10.0,ALLOW,0,
EVT_03291,20.0,ALLOW,0,
EVT_03292,10.0,ALLOW,0,
EVT_03293,25.0,ALLOW,0,
EVT_03294,40.0,ALLOW,0,
EVT_03295,40.0,ALLOW,0,
EVT_03296,40.0,ALLOW,0,
EVT_03297,10.0,ALLOW,0,
EVT_03298,10.0,ALLOW,0,
EVT_03299,25.0,ALLOW,0,
EVT_03300,25.0,ALLOW,0,
EVT_03301,10.0,ALLOW,0,
EVT_03302,25.0,ALLOW,0,
EVT_03303,15.0,ALLOW,0,
EVT_03304,25.0,ALLOW,0,
EVT_03305,30.0,ALLOW,0,
EVT_03306,10.0,ALLOW,0,
EVT_03307,25.0,ALLOW,0,
EVT_03308,25.0,ALLOW,0,
EVT_03309,10.0,ALLOW,0,
EVT_03310,25.0,ALLOW,0,
EVT_03311,30.0,ALLOW,0,
EVT_03312,25.0,ALLOW,0,
EVT_03313,10.0,ALLOW,0,
EVT_03314,10.0,ALLOW,0,
EVT_03315,10.0,ALLOW,0,
EVT_03316,10.0,ALLOW,0,
EVT_03317,10.0,ALLOW,0,
EVT_03318,10.0,ALLOW,0,
EVT_03319,25.0,ALLOW,0,
EVT_03320,25.0,ALLOW,0,
EVT_03321,25.0,ALLOW,0,
EVT_03322,10.0,ALLOW,0,
EVT_03323,15.0,ALLOW,0,
EVT_03324,10.0,ALLOW,0,
EVT_03325,30.0,ALLOW,0,
EVT_03326,10.0,ALLOW,0,
EVT_03327,10.0,ALLOW,0,
EVT_03328,10.0,ALLOW,0,
EVT_03329,10.0,ALLOW,0,
EVT_03330,10.0,ALLOW,0,
EVT_03331,10.0,ALLOW,0,
EVT_03332,10.0,ALLOW,0,
EVT_03333,10.0,ALLOW,0,
EVT_03334,10.0,ALLOW,0,
EVT_03335,15.0,ALLOW,0,
EVT_03336,25.0,ALLOW,0,
EVT_03337,25.0,ALLOW,0,
EVT_03338,15.0,ALLOW,0,
EVT_03339,10.0,ALLOW,0,
EVT_03340,45.0,CHALLENGE,0,
EVT_03341,25.0,ALLOW,0,
EVT_03342,10.0,ALLOW,0,
EVT_03343,10.0,ALLOW,0,
EVT_03344,10.0,ALLOW,0,
EVT_03345,25.0,ALLOW,0,
EVT_03346,50.0,CHALLENGE,0,
EVT_03347,10.0,ALLOW,0,
EVT_03348,25.0,ALLOW,0,
EVT_03349,30.0,ALLOW,0,
EVT_03350,25.0,ALLOW,0,
EVT_03351,10.0,ALLOW,0,
EVT_03352,25.0,ALLOW,0,
EVT_03353,15.0,ALLOW,0,
EVT_03354,10.0,ALLOW,0,
EVT_03355,10.0,ALLOW,0,
EVT_03356,25.0,ALLOW,0,
EVT_03357,10.0,ALLOW,0,
EVT_03358,25.0,ALLOW,1,Unusual_Resource_Access
EVT_03359,10.0,ALLOW,0,
EVT_03360,15.0,ALLOW,0,
EVT_03361,80.0,BLOCK,1,New_Device_Sensitive
EVT_03362,10.0,ALLOW,0,
EVT_03363,10.0,ALLOW,0,
EVT_03364,25.0,ALLOW,0,
EVT_03365,25.0,ALLOW,0,
EVT_03366,15.0,ALLOW,0,
EVT_03367,25.0,ALLOW,1,Unusual_Resource_Access
EVT_03368,25.0,ALLOW,0,
EVT_03369,10.0,ALLOW,0,
EVT_03370,10.0,ALLOW,0,
EVT_03371,35.0,ALLOW,0,
EVT_03372,10.0,ALLOW,0,
EVT_03373,10.0,ALLOW,0,
EVT_03374,10.0,ALLOW,0,
EVT_03375,25.0,ALLOW,0,
EVT_03376,25.0,ALLOW,0,
EVT_03377,40.0,ALLOW,0,
EVT_03378,70.0,CHALLENGE,1,New_Device_Sensitive
EVT_03379,10.0,ALLOW,0,
EVT_03380,10.0,ALLOW,0,
EVT_03381,10.0,ALLOW,0,
EVT_03382,25.0,ALLOW,0,
EVT_03383,60.0,CHALLENGE,0,
EVT_03384,80.0,BLOCK,1,New_Device_Sensitive
EVT_03385,10.0,ALLOW,0,
EVT_03386,10.0,ALLOW,0,
EVT_03387,25.0,ALLOW,0,
EVT_03388,10.0,ALLOW,0,
EVT_03389,70.0,CHALLENGE,1,New_Device_Sensitive
EVT_03390,35.0,ALLOW,0,
EVT_03391,10.0,ALLOW,0,
EVT_03392,25.0,ALLOW,0,
EVT_03393,25.0,ALLOW,1,Unusual_Resource_Access
EVT_03394,30.0,ALLOW,0,
EVT_03395,10.0,ALLOW,0,
EVT_03396,10.0,ALLOW,0,
EVT_03397,10.0,ALLOW,0,
EVT_03398,25.0,ALLOW,0,
EVT_03399,45.0,CHALLENGE,0,
EVT_03400,10.0,ALLOW,0,
EVT_03401,10.0,ALLOW,0,
EVT_03402,25.0,ALLOW,0,
EVT_03403,10.0,ALLOW,0,
EVT_03404,30.0,ALLOW,0,
EVT_03405,10.0,ALLOW,0,
EVT_03406,10.0,ALLOW,0,
EVT_03407,10.0,ALLOW,0,
EVT_03408,10.0,ALLOW,0,
EVT_03409,10.0,ALLOW,0,
EVT_03410,10.0,ALLOW,0,
EVT_03411,25.0,ALLOW,0,
EVT_03412,40.0,ALLOW,0,
EVT_03413,10.0,ALLOW,0,
EVT_03414,10.0,ALLOW,0,
EVT_03415,10.0,ALLOW,0,
EVT_03416,25.0,ALLOW,0,
EVT_03417,25.0,ALLOW,0,
EVT_03418,80.0,BLOCK,1,New_Device_Sensitive
EVT_03419,15.0,ALLOW,0,
EVT_03420,25.0,ALLOW,0,
EVT_03421,15.0,ALLOW,0,
EVT_03422,20.0,ALLOW,0,
EVT_03423,10.0,ALLOW,0,
EVT_03424,50.0,CHALLENGE,0,
EVT_03425,10.0,ALLOW,0,
EVT_03426,15.0,ALLOW,0,
EVT_03427,25.0,ALLOW,0,
EVT_03428,10.0,ALLOW,0,
EVT_03429,30.0,ALLOW,0,
EVT_03430,35.0,ALLOW,0,
EVT_03431,25.0,ALLOW,0,
EVT_03432,10.0,ALLOW,0,
EVT_03433,10.0,ALLOW,0,
EVT_03434,30.0,ALLOW,0,
EVT_03435,15.0,ALLOW,0,
EVT_03436,30.0,ALLOW,0,
EVT_03437,25.0,ALLOW,0,
EVT_03438,25.0,ALLOW,0,
EVT_03439,10.0,ALLOW,0,
EVT_03440,10.0,ALLOW,0,
EVT_03441,25.0,ALLOW,0,
EVT_03442,10.0,ALLOW,0,
EVT_03443,35.0,ALLOW,0,
EVT_03444,15.0,ALLOW,0,
EVT_03445,10.0,ALLOW,0,
EVT_03446,30.0,ALLOW,0,
EVT_03447,45.0,CHALLENGE,0,
EVT_03448,10.0,ALLOW,0,
EVT_03449,10.0,ALLOW,0,
EVT_03450,10.0,ALLOW,0,
EVT_03451,25.0,ALLOW,0,
EVT_03452,10.0,ALLOW,0,
EVT_03453,10.0,ALLOW,0,
EVT_03454,10.0,ALLOW,0,
EVT_03455,10.0,ALLOW,0,
EVT_03456,10.0,ALLOW,0,
EVT_03457,25.0,ALLOW,0,
EVT_03458,10.0,ALLOW,0,
EVT_03459,10.0,ALLOW,0,
EVT_03460,15.0,ALLOW,0,
EVT_03461,10.0,ALLOW,0,
EVT_03462,30.0,ALLOW,0,
EVT_03463,15.0,ALLOW,0,
EVT_03464,25.0,ALLOW,0,
EVT_03465,15.0,ALLOW,0,
EVT_03466,10.0,ALLOW,0,
EVT_03467,25.0,ALLOW,0,
EVT_03468,10.0,ALLOW,0,
EVT_03469,30.0,ALLOW,0,
EVT_03470,10.0,ALLOW,0,
EVT_03471,25.0,ALLOW,0,
EVT_03472,30.0,ALLOW,0,
EVT_03473,10.0,ALLOW,0,
EVT_03474,10.0,ALLOW,0,
EVT_03475,15.0,ALLOW,0,
EVT_03476,15.0,ALLOW,0,
EVT_03477,10.0,ALLOW,0,
EVT_03478,10.0,ALLOW,0,
EVT_03479,50.0,CHALLENGE,0,
EVT_03480,25.0,ALLOW,0,
EVT_03481,20.0,ALLOW,0,
EVT_03482,10.0,ALLOW,0,
EVT_03483,10.0,ALLOW,0,
EVT_03484,30.0,ALLOW,0,
EVT_03485,15.0,ALLOW,0,
EVT_03486,60.0,CHALLENGE,1,Impossible_Travel
EVT_03487,10.0,ALLOW,0,
EVT_03488,10.0,ALLOW,0,
EVT_03489,25.0,ALLOW,0,
EVT_03490,10.0,ALLOW,0,
EVT_03491,25.0,ALLOW,0,
EVT_03492,10.0,ALLOW,0,
EVT_03493,10.0,ALLOW,0,
EVT_03494,10.0,ALLOW,0,
EVT_03495,10.0,ALLOW,0,
EVT_03496,10.0,ALLOW,0,
EVT_03497,15.0,ALLOW,0,
EVT_03498,30.0,ALLOW,0,
EVT_03499,35.0,ALLOW,0,
EVT_03500,15.0,ALLOW,0,
EVT_03501,45.0,CHALLENGE,0,
EVT_03502,25.0,ALLOW,0,
EVT_03503,10.0,ALLOW,0,
EVT_03504,15.0,ALLOW,0,
EVT_03505,45.0,CHALLENGE,1,Impossible_Travel
EVT_03506,10.0,ALLOW,0,
EVT_03507,10.0,ALLOW,0,
EVT_03508,40.0,ALLOW,0,
EVT_03509,10.0,ALLOW,0,
EVT_03510,10.0,ALLOW,0,
EVT_03511,10.0,ALLOW,0,
EVT_03512,10.0,ALLOW,0,
EVT_03513,10.0,ALLOW,0,
EVT_03514,65.0,CHALLENGE,0,
EVT_03515,10.0,ALLOW,0,
EVT_03516,15.0,ALLOW,0,
EVT_03517,10.0,ALLOW,0,
EVT_03518,15.0,ALLOW,0,
EVT_03519,25.0,ALLOW,0,
EVT_03520,10.0,ALLOW,0,
EVT_03521,25.0,ALLOW,0,
EVT_03522,10.0,ALLOW,0,
EVT_03523,10.0,ALLOW,0,
EVT_03524,10.0,ALLOW,0,
EVT_03525,10.0,ALLOW,0,
EVT_03526,10.0,ALLOW,0,
EVT_03527,10.0,ALLOW,0,
EVT_03528,25.0,ALLOW,0,
EVT_03529,10.0,ALLOW,0,
EVT_03530,25.0,ALLOW,0,
EVT_03531,25.0,ALLOW,0,
EVT_03532,10.0,ALLOW,0,
EVT_03533,10.0,ALLOW,0,
EVT_03534,35.0,ALLOW,1,Unusual_Resource_Access
EVT_03535,25.0,ALLOW,0,
EVT_03536,10.0,ALLOW,0,
EVT_03537,25.0,ALLOW,0,
EVT_03538,10.0,ALLOW,0,
EVT_03539,10.0,ALLOW,0,
EVT_03540,50.0,CHALLENGE,0,
EVT_03541,10.0,ALLOW,0,
EVT_03542,50.0,CHALLENGE,0,
EVT_03543,25.0,ALLOW,0,
EVT_03544,25.0,ALLOW,1,Unusual_Resource_Access
EVT_03545,10.0,ALLOW,0,
EVT_03546,15.0,ALLOW,0,
EVT_03547,25.0,ALLOW,0,
EVT_03548,10.0,ALLOW,0,
EVT_03549,15.0,ALLOW,0,
EVT_03550,10.0,ALLOW,0,
EVT_03551,10.0,ALLOW,0,
EVT_03552,45.0,CHALLENGE,0,
EVT_03553,25.0,ALLOW,0,
EVT_03554,15.0,ALLOW,0,
EVT_03555,25.0,ALLOW,0,
EVT_03556,15.0,ALLOW,0,
EVT_03557,30.0,ALLOW,0,
EVT_03558,25.0,ALLOW,0,
EVT_03559,10.0,ALLOW,0,
EVT_03560,10.0,ALLOW,0,
EVT_03561,10.0,ALLOW,0,
EVT_03562,10.0,ALLOW,0,
EVT_03563,25.0,ALLOW,0,
EVT_03564,10.0,ALLOW,0,
EVT_03565,25.0,ALLOW,0,
EVT_03566,25.0,ALLOW,0,
EVT_03567,15.0,ALLOW,0,
EVT_03568,10.0,ALLOW,0,
EVT_03569,10.0,ALLOW,0,
EVT_03570,10.0,ALLOW,0,
EVT_03571,35.0,ALLOW,0,
EVT_03572,10.0,ALLOW,0,
EVT_03573,10.0,ALLOW,0,
EVT_03574,10.0,ALLOW,0,
EVT_03575,30.0,ALLOW,0,
EVT_03576,10.0,ALLOW,0,
EVT_03577,25.0,ALLOW,0,
EVT_03578,10.0,ALLOW,0,
EVT_03579,10.0,ALLOW,0,
EVT_03580,25.0,ALLOW,1,Unusual_Resource_Access
EVT_03581,10.0,ALLOW,0,
EVT_03582,45.0,CHALLENGE,0,
EVT_03583,40.0,ALLOW,0,
EVT_03584,25.0,ALLOW,0,
EVT_03585,25.0,ALLOW,0,
EVT_03586,10.0,ALLOW,0,
EVT_03587,30.0,ALLOW,0,
EVT_03588,15.0,ALLOW,0,
EVT_03589,30.0,ALLOW,0,
EVT_03590,25.0,ALLOW,0,
EVT_03591,10.0,ALLOW,0,
EVT_03592,25.0,ALLOW,0,
EVT_03593,10.0,ALLOW,0,
EVT_03594,10.0,ALLOW,0,
EVT_03595,25.0,ALLOW,0,
EVT_03596,25.0,ALLOW,0,
EVT_03597,10.0,ALLOW,0,
EVT_03598,25.0,ALLOW,0,
EVT_03599,10.0,ALLOW,0,
EVT_03600,45.0,CHALLENGE,0,
EVT_03601,15.0,ALLOW,0,
EVT_03602,10.0,ALLOW,0,
EVT_03603,25.0,ALLOW,0,
EVT_03604,10.0,ALLOW,0,
EVT_03605,25.0,ALLOW,0,
EVT_03606,25.0,ALLOW,0,
EVT_03607,10.0,ALLOW,0,
EVT_03608,10.0,ALLOW,0,
EVT_03609,10.0,ALLOW,0,
EVT_03610,10.0,ALLOW,0,
EVT_03611,10.0,ALLOW,0,
EVT_03612,10.0,ALLOW,0,
EVT_03613,45.0,CHALLENGE,0,
EVT_03614,15.0,ALLOW,0,
EVT_03615,10.0,ALLOW,0,
EVT_03616,15.0,ALLOW,0,
EVT_03617,55.0,CHALLENGE,0,
EVT_03618,25.0,ALLOW,0,
EVT_03619,25.0,ALLOW,0,
EVT_03620,10.0,ALLOW,0,
EVT_03621,45.0,CHALLENGE,0,
EVT_03622,25.0,ALLOW,0,
EVT_03623,15.0,ALLOW,0,
EVT_03624,10.0,ALLOW,0,
EVT_03625,10.0,ALLOW,0,
EVT_03626,30.0,ALLOW,0,
EVT_03627,10.0,ALLOW,0,
EVT_03628,10.0,ALLOW,0,
EVT_03629,30.0,ALLOW,0,
EVT_03630,25.0,ALLOW,0,
EVT_03631,40.0,ALLOW,0,
EVT_03632,10.0,ALLOW,0,
EVT_03633,10.0,ALLOW,0,
EVT_03634,10.0,ALLOW,0,
EVT_03635,60.0,CHALLENGE,0,
EVT_03636,10.0,ALLOW,0,
EVT_03637,60.0,CHALLENGE,0,
EVT_03638,35.0,ALLOW,0,
EVT_03639,25.0,ALLOW,0,
EVT_03640,30.0,ALLOW,0,
EVT_03641,20.0,ALLOW,0,
EVT_03642,10.0,ALLOW,0,
EVT_03643,10.0,ALLOW,0,
EVT_03644,10.0,ALLOW,0,
EVT_03645,10.0,ALLOW,0,
EVT_03646,30.0,ALLOW,0,
EVT_03647,25.0,ALLOW,0,
EVT_03648,20.0,ALLOW,0,
EVT_03649,25.0,ALLOW,0,
EVT_03650,10.0,ALLOW,0,
EVT_03651,30.0,ALLOW,0,
EVT_03652,20.0,ALLOW,0,
EVT_03653,10.0,ALLOW,0,
EVT_03654,10.0,ALLOW,0,
EVT_03655,15.0,ALLOW,0,
EVT_03656,10.0,ALLOW,0,
EVT_03657,30.0,ALLOW,0,
EVT_03658,15.0,ALLOW,0,
EVT_03659,25.0,ALLOW,0,
EVT_03660,25.0,ALLOW,0,
EVT_03661,25.0,ALLOW,0,
EVT_03662,20.0,ALLOW,0,
EVT_03663,50.0,CHALLENGE,0,
EVT_03664,20.0,ALLOW,0,
EVT_03665,10.0,ALLOW,0,
EVT_03666,10.0,ALLOW,0,
EVT_03667,40.0,ALLOW,0,
EVT_03668,10.0,ALLOW,0,
EVT_03669,25.0,ALLOW,0,
EVT_03670,15.0,ALLOW,0,
EVT_03671,10.0,ALLOW,0,
EVT_03672,25.0,ALLOW,0,
EVT_03673,10.0,ALLOW,0,
EVT_03674,10.0,ALLOW,0,
EVT_03675,10.0,ALLOW,0,
EVT_03676,10.0,ALLOW,0,
EVT_03677,25.0,ALLOW,0,
EVT_03678,25.0,ALLOW,0,
EVT_03679,25.0,ALLOW,0,
EVT_03680,30.0,ALLOW,0,
EVT_03681,10.0,ALLOW,0,
EVT_03682,10.0,ALLOW,0,
EVT_03683,25.0,ALLOW,0,
EVT_03684,15.0,ALLOW,0,
EVT_03685,15.0,ALLOW,0,
EVT_03686,10.0,ALLOW,0,
EVT_03687,10.0,ALLOW,0,
EVT_03688,25.0,ALLOW,0,
EVT_03689,10.0,ALLOW,0,
EVT_03690,20.0,ALLOW,0,
EVT_03691,15.0,ALLOW,0,
EVT_03692,10.0,ALLOW,0,
EVT_03693,10.0,ALLOW,0,
EVT_03694,25.0,ALLOW,0,
EVT_03695,25.0,ALLOW,0,
EVT_03696,15.0,ALLOW,0,
EVT_03697,25.0,ALLOW,0,
EVT_03698,25.0,ALLOW,0,
EVT_03699,15.0,ALLOW,0,
EVT_03700,40.0,ALLOW,0,
EVT_03701,25.0,ALLOW,0,
EVT_03702,15.0,ALLOW,0,
EVT_03703,10.0,ALLOW,0,
EVT_03704,10.0,ALLOW,0,
EVT_03705,10.0,ALLOW,0,
EVT_03706,25.0,ALLOW,0,
EVT_03707,15.0,ALLOW,0,
EVT_03708,60.0,CHALLENGE,0,
EVT_03709,10.0,ALLOW,0,
EVT_03710,25.0,ALLOW,0,
EVT_03711,70.0,CHALLENGE,0,
EVT_03712,25.0,ALLOW,0,
EVT_03713,10.0,ALLOW,0,
EVT_03714,10.0,ALLOW,0,
EVT_03715,10.0,ALLOW,0,
EVT_03716,25.0,ALLOW,0,
EVT_03717,10.0,ALLOW,0,
EVT_03718,25.0,ALLOW,0,
EVT_03719,10.0,ALLOW,0,
EVT_03720,10.0,ALLOW,0,
EVT_03721,25.0,ALLOW,0,
EVT_03722,10.0,ALLOW,0,
EVT_03723,15.0,ALLOW,0,
EVT_03724,10.0,ALLOW,0,
EVT_03725,10.0,ALLOW,0,
EVT_03726,45.0,CHALLENGE,1,Impossible_Travel
EVT_03727,10.0,ALLOW,0,
EVT_03728,10.0,ALLOW,0,
EVT_03729,35.0,ALLOW,0,
EVT_03730,25.0,ALLOW,0,
EVT_03731,25.0,ALLOW,0,
EVT_03732,25.0,ALLOW,0,
EVT_03733,50.0,CHALLENGE,0,
EVT_03734,25.0,ALLOW,0,
EVT_03735,10.0,ALLOW,0,
EVT_03736,25.0,ALLOW,0,
EVT_03737,10.0,ALLOW,0,
EVT_03738,25.0,ALLOW,0,
EVT_03739,10.0,ALLOW,0,
EVT_03740,10.0,ALLOW,0,
EVT_03741,15.0,ALLOW,0,
EVT_03742,10.0,ALLOW,0,
EVT_03743,10.0,ALLOW,0,
EVT_03744,10.0,ALLOW,0,
EVT_03745,40.0,ALLOW,0,
EVT_03746,15.0,ALLOW,0,
EVT_03747,10.0,ALLOW,0,
EVT_03748,10.0,ALLOW,0,
EVT_03749,25.0,ALLOW,0,
EVT_03750,10.0,ALLOW,0,
EVT_03751,10.0,ALLOW,0,
EVT_03752,25.0,ALLOW,0,
EVT_03753,25.0,ALLOW,0,
EVT_03754,10.0,ALLOW,0,
EVT_03755,10.0,ALLOW,0,
EVT_03756,15.0,ALLOW,0,
EVT_03757,15.0,ALLOW,0,
EVT_03758,10.0,ALLOW,0,
EVT_03759,15.0,ALLOW,0,
EVT_03760,10.0,ALLOW,0,
EVT_03761,10.0,ALLOW,0,
EVT_03762,10.0,ALLOW,0,
EVT_03763,25.0,ALLOW,0,
EVT_03764,10.0,ALLOW,0,
EVT_03765,50.0,CHALLENGE,0,
EVT_03766,35.0,ALLOW,0,
EVT_03767,10.0,ALLOW,0,
EVT_03768,10.0,ALLOW,0,
EVT_03769,45.0,CHALLENGE,0,
EVT_03770,15.0,ALLOW,0,
EVT_03771,55.0,CHALLENGE,0,
EVT_03772,25.0,ALLOW,0,
EVT_03773,25.0,ALLOW,0,
EVT_03774,10.0,ALLOW,0,
EVT_03775,10.0,ALLOW,0,
EVT_03776,35.0,ALLOW,0,
EVT_03777,10.0,ALLOW,0,
EVT_03778,25.0,ALLOW,0,
EVT_03779,10.0,ALLOW,0,
EVT_03780,10.0,ALLOW,0,
EVT_03781,25.0,ALLOW,0,
EVT_03782,25.0,ALLOW,0,
EVT_03783,10.0,ALLOW,0,
EVT_03784,25.0,ALLOW,0,
EVT_03785,15.0,ALLOW,0,
EVT_03786,15.0,ALLOW,0,
EVT_03787,10.0,ALLOW,0,
EVT_03788,35.0,ALLOW,0,
EVT_03789,10.0,ALLOW,0,
EVT_03790,10.0,ALLOW,0,
EVT_03791,25.0,ALLOW,0,
EVT_03792,15.0,ALLOW,0,
EVT_03793,10.0,ALLOW,0,
EVT_03794,30.0,ALLOW,0,
EVT_03795,10.0,ALLOW,0,
EVT_03796,15.0,ALLOW,0,
EVT_03797,10.0,ALLOW,0,
EVT_03798,10.0,ALLOW,0,
EVT_03799,10.0,ALLOW,0,
EVT_03800,25.0,ALLOW,0,
EVT_03801,40.0,ALLOW,0,
EVT_03802,25.0,ALLOW,0,
EVT_03803,10.0,ALLOW,0,
EVT_03804,40.0,ALLOW,0,
EVT_03805,35.0,ALLOW,0,
EVT_03806,45.0,CHALLENGE,0,
EVT_03807,10.0,ALLOW,0,
EVT_03808,25.0,ALLOW,0,
EVT_03809,30.0,ALLOW,0,
EVT_03810,10.0,ALLOW,0,
EVT_03811,10.0,ALLOW,0,
EVT_03812,25.0,ALLOW,0,
EVT_03813,25.0,ALLOW,0,
EVT_03814,15.0,ALLOW,0,
EVT_03815,30.0,ALLOW,0,
EVT_03816,25.0,ALLOW,0,
EVT_03817,10.0,ALLOW,0,
EVT_03818,10.0,ALLOW,0,
EVT_03819,10.0,ALLOW,0,
EVT_03820,25.0,ALLOW,0,
EVT_03821,10.0,ALLOW,0,
EVT_03822,10.0,ALLOW,0,
EVT_03823,10.0,ALLOW,0,
EVT_03824,30.0,ALLOW,0,
EVT_03825,10.0,ALLOW,0,
EVT_03826,95.0,BLOCK,1,New_Device_Sensitive
EVT_03827,25.0,ALLOW,0,
EVT_03828,40.0,ALLOW,0,
EVT_03829,30.0,ALLOW,0,
EVT_03830,50.0,CHALLENGE,0,
EVT_03831,10.0,ALLOW,0,
EVT_03832,25.0,ALLOW,0,
EVT_03833,25.0,ALLOW,0,
EVT_03834,10.0,ALLOW,0,
EVT_03835,10.0,ALLOW,0,
EVT_03836,10.0,ALLOW,0,
EVT_03837,10.0,ALLOW,0,
EVT_03838,10.0,ALLOW,0,
EVT_03839,10.0,ALLOW,0,
EVT_03840,10.0,ALLOW,0,
EVT_03841,10.0,ALLOW,0,
EVT_03842,10.0,ALLOW,0,
EVT_03843,25.0,ALLOW,0,
EVT_03844,10.0,ALLOW,0,
EVT_03845,10.0,ALLOW,0,
EVT_03846,10.0,ALLOW,0,
EVT_03847,15.0,ALLOW,0,
EVT_03848,25.0,ALLOW,0,
EVT_03849,10.0,ALLOW,0,
EVT_03850,10.0,ALLOW,0,
EVT_03851,15.0,ALLOW,0,
EVT_03852,10.0,ALLOW,0,
EVT_03853,10.0,ALLOW,0,
EVT_03854,10.0,ALLOW,0,
EVT_03855,25.0,ALLOW,0,
EVT_03856,35.0,ALLOW,0,
EVT_03857,10.0,ALLOW,0,
EVT_03858,15.0,ALLOW,0,
EVT_03859,35.0,ALLOW,0,
EVT_03860,15.0,ALLOW,0,
EVT_03861,10.0,ALLOW,0,
EVT_03862,10.0,ALLOW,0,
EVT_03863,10.0,ALLOW,0,
EVT_03864,35.0,ALLOW,0,
EVT_03865,10.0,ALLOW,0,
EVT_03866,10.0,ALLOW,0,
EVT_03867,10.0,ALLOW,0,
EVT_03868,10.0,ALLOW,0,
EVT_03869,45.0,CHALLENGE,0,
EVT_03870,70.0,CHALLENGE,0,
EVT_03871,25.0,ALLOW,0,
EVT_03872,10.0,ALLOW,0,
EVT_03873,10.0,ALLOW,0,
EVT_03874,15.0,ALLOW,0,
EVT_03875,10.0,ALLOW,0,
EVT_03876,10.0,ALLOW,0,
EVT_03877,10.0,ALLOW,0,
EVT_03878,10.0,ALLOW,0,
EVT_03879,25.0,ALLOW,0,
EVT_03880,10.0,ALLOW,0,
EVT_03881,10.0,ALLOW,0,
EVT_03882,10.0,ALLOW,0,
EVT_03883,10.0,ALLOW,0,
EVT_03884,10.0,ALLOW,0,
EVT_03885,25.0,ALLOW,0,
EVT_03886,25.0,ALLOW,0,
EVT_03887,10.0,ALLOW,0,
EVT_03888,25.0,ALLOW,0,
EVT_03889,10.0,ALLOW,0,
EVT_03890,10.0,ALLOW,0,
EVT_03891,15.0,ALLOW,0,
EVT_03892,25.0,ALLOW,0,
EVT_03893,10.0,ALLOW,0,
EVT_03894,10.0,ALLOW,0,
EVT_03895,10.0,ALLOW,0,
EVT_03896,10.0,ALLOW,0,
EVT_03897,25.0,ALLOW,0,
EVT_03898,45.0,CHALLENGE,0,
EVT_03899,15.0,ALLOW,0,
EVT_03900,10.0,ALLOW,0,
EVT_03901,25.0,ALLOW,0,
EVT_03902,40.0,ALLOW,0,
EVT_03903,10.0,ALLOW,0,
EVT_03904,15.0,ALLOW,0,
EVT_03905,15.0,ALLOW,0,
EVT_03906,35.0,ALLOW,0,
EVT_03907,10.0,ALLOW,0,
EVT_03908,10.0,ALLOW,0,
EVT_03909,10.0,ALLOW,0,
EVT_03910,10.0,ALLOW,0,
EVT_03911,10.0,ALLOW,0,
EVT_03912,50.0,CHALLENGE,0,
EVT_03913,10.0,ALLOW,0,
EVT_03914,10.0,ALLOW,0,
EVT_03915,20.0,ALLOW,0,
EVT_03916,10.0,ALLOW,0,
EVT_03917,10.0,ALLOW,0,
EVT_03918,15.0,ALLOW,0,
EVT_03919,10.0,ALLOW,0,
EVT_03920,15.0,ALLOW,0,
EVT_03921,25.0,ALLOW,0,
EVT_03922,40.0,ALLOW,0,
EVT_03923,15.0,ALLOW,0,
EVT_03924,10.0,ALLOW,0,
EVT_03925,10.0,ALLOW,0,
EVT_03926,25.0,ALLOW,0,
EVT_03927,25.0,ALLOW,0,
EVT_03928,10.0,ALLOW,0,
EVT_03929,10.0,ALLOW,0,
EVT_03930,15.0,ALLOW,0,
EVT_03931,40.0,ALLOW,0,
EVT_03932,10.0,ALLOW,0,
EVT_03933,30.0,ALLOW,0,
EVT_03934,50.0,CHALLENGE,0,
EVT_03935,40.0,ALLOW,0,
EVT_03936,25.0,ALLOW,0,
EVT_03937,10.0,ALLOW,0,
EVT_03938,25.0,ALLOW,0,
EVT_03939,10.0,ALLOW,0,
EVT_03940,10.0,ALLOW,0,
EVT_03941,10.0,ALLOW,0,
EVT_03942,40.0,ALLOW,0,
EVT_03943,10.0,ALLOW,0,
EVT_03944,10.0,ALLOW,0,
EVT_03945,15.0,ALLOW,0,
EVT_03946,10.0,ALLOW,0,
EVT_03947,10.0,ALLOW,0,
EVT_03948,10.0,ALLOW,0,
EVT_03949,10.0,ALLOW,0,
EVT_03950,20.0,ALLOW,0,
EVT_03951,10.0,ALLOW,0,
EVT_03952,10.0,ALLOW,0,
EVT_03953,35.0,ALLOW,1,Unusual_Resource_Access
EVT_03954,25.0,ALLOW,0,
EVT_03955,25.0,ALLOW,0,
EVT_03956,25.0,ALLOW,0,
EVT_03957,10.0,ALLOW,0,
EVT_03958,25.0,ALLOW,0,
EVT_03959,45.0,CHALLENGE,0,
EVT_03960,25.0,ALLOW,0,
EVT_03961,20.0,ALLOW,0,
EVT_03962,10.0,ALLOW,0,
EVT_03963,25.0,ALLOW,0,
EVT_03964,10.0,ALLOW,0,
EVT_03965,10.0,ALLOW,0,
EVT_03966,25.0,ALLOW,0,
EVT_03967,10.0,ALLOW,0,
EVT_03968,10.0,ALLOW,0,
EVT_03969,25.0,ALLOW,0,
EVT_03970,10.0,ALLOW,0,
EVT_03971,10.0,ALLOW,0,
EVT_03972,10.0,ALLOW,0,
EVT_03973,25.0,ALLOW,0,
EVT_03974,25.0,ALLOW,0,
EVT_03975,10.0,ALLOW,0,
EVT_03976,10.0,ALLOW,0,
EVT_03977,10.0,ALLOW,0,
EVT_03978,10.0,ALLOW,0,
EVT_03979,10.0,ALLOW,0,
EVT_03980,10.0,ALLOW,0,
EVT_03981,25.0,ALLOW,0,
EVT_03982,25.0,ALLOW,0,
EVT_03983,10.0,ALLOW,0,
EVT_03984,10.0,ALLOW,0,
EVT_03985,15.0,ALLOW,0,
EVT_03986,15.0,ALLOW,0,
EVT_03987,10.0,ALLOW,0,
EVT_03988,10.0,ALLOW,0,
EVT_03989,10.0,ALLOW,0,
EVT_03990,30.0,ALLOW,0,
EVT_03991,10.0,ALLOW,0,
EVT_03992,15.0,ALLOW,0,
EVT_03993,10.0,ALLOW,0,
EVT_03994,25.0,ALLOW,0,
EVT_03995,10.0,ALLOW,0,
EVT_03996,10.0,ALLOW,0,
EVT_03997,45.0,CHALLENGE,0,
EVT_03998,30.0,ALLOW,0,
EVT_03999,10.0,ALLOW,0,
EVT_04000,60.0,CHALLENGE,0,
EVT_04001,10.0,ALLOW,0,
EVT_04002,15.0,ALLOW,0,
EVT_04003,25.0,ALLOW,0,
EVT_04004,10.0,ALLOW,0,
EVT_04005,10.0,ALLOW,0,
EVT_04006,10.0,ALLOW,0,
EVT_04007,10.0,ALLOW,0,
EVT_04008,25.0,ALLOW,0,
EVT_04009,25.0,ALLOW,0,
EVT_04010,10.0,ALLOW,0,
EVT_04011,10.0,ALLOW,0,
EVT_04012,25.0,ALLOW,0,
EVT_04013,30.0,ALLOW,0,
EVT_04014,10.0,ALLOW,0,
EVT_04015,25.0,ALLOW,1,Unusual_Resource_Access
EVT_04016,25.0,ALLOW,0,
EVT_04017,35.0,ALLOW,0,
EVT_04018,10.0,ALLOW,0,
EVT_04019,25.0,ALLOW,0,
EVT_04020,10.0,ALLOW,0,
EVT_04021,10.0,ALLOW,0,
EVT_04022,10.0,ALLOW,0,
EVT_04023,40.0,ALLOW,0,
EVT_04024,25.0,ALLOW,0,
EVT_04025,25.0,ALLOW,0,
EVT_04026,10.0,ALLOW,0,
EVT_04027,15.0,ALLOW,0,
EVT_04028,95.0,BLOCK,1,New_Device_Sensitive
EVT_04029,30.0,ALLOW,0,
EVT_04030,60.0,CHALLENGE,0,
EVT_04031,10.0,ALLOW,0,
EVT_04032,10.0,ALLOW,0,
EVT_04033,30.0,ALLOW,0,
EVT_04034,10.0,ALLOW,0,
EVT_04035,25.0,ALLOW,0,
EVT_04036,25.0,ALLOW,0,
EVT_04037,40.0,ALLOW,0,
EVT_04038,25.0,ALLOW,0,
EVT_04039,10.0,ALLOW,0,
EVT_04040,10.0,ALLOW,0,
EVT_04041,30.0,ALLOW,0,
EVT_04042,15.0,ALLOW,0,
EVT_04043,25.0,ALLOW,0,
EVT_04044,10.0,ALLOW,0,
EVT_04045,25.0,ALLOW,0,
EVT_04046,25.0,ALLOW,0,
EVT_04047,25.0,ALLOW,0,
EVT_04048,30.0,ALLOW,0,
EVT_04049,15.0,ALLOW,0,
EVT_04050,25.0,ALLOW,0,
EVT_04051,10.0,ALLOW,0,
EVT_04052,10.0,ALLOW,0,
EVT_04053,10.0,ALLOW,0,
EVT_04054,10.0,ALLOW,0,
EVT_04055,10.0,ALLOW,0,
EVT_04056,10.0,ALLOW,0,
EVT_04057,10.0,ALLOW,0,
EVT_04058,10.0,ALLOW,0,
EVT_04059,10.0,ALLOW,0,
EVT_04060,10.0,ALLOW,0,
EVT_04061,10.0,ALLOW,0,
EVT_04062,15.0,ALLOW,0,
EVT_04063,10.0,ALLOW,0,
EVT_04064,25.0,ALLOW,0,
EVT_04065,80.0,BLOCK,1,New_Device_Sensitive
EVT_04066,10.0,ALLOW,0,
EVT_04067,60.0,CHALLENGE,0,
EVT_04068,15.0,ALLOW,0,
EVT_04069,45.0,CHALLENGE,0,
EVT_04070,10.0,ALLOW,0,
EVT_04071,10.0,ALLOW,0,
EVT_04072,10.0,ALLOW,0,
EVT_04073,10.0,ALLOW,0,
EVT_04074,25.0,ALLOW,0,
EVT_04075,15.0,ALLOW,0,
EVT_04076,25.0,ALLOW,0,
EVT_04077,25.0,ALLOW,0,
EVT_04078,10.0,ALLOW,0,
EVT_04079,10.0,ALLOW,0,
EVT_04080,10.0,ALLOW,0,
EVT_04081,45.0,CHALLENGE,0,
EVT_04082,10.0,ALLOW,0,
EVT_04083,10.0,ALLOW,0,
EVT_04084,10.0,ALLOW,0,
EVT_04085,10.0,ALLOW,0,
EVT_04086,10.0,ALLOW,0,
EVT_04087,10.0,ALLOW,0,
EVT_04088,10.0,ALLOW,0,
EVT_04089,10.0,ALLOW,0,
EVT_04090,10.0,ALLOW,0,
EVT_04091,10.0,ALLOW,0,
EVT_04092,10.0,ALLOW,0,
EVT_04093,10.0,ALLOW,0,
EVT_04094,10.0,ALLOW,0,
EVT_04095,25.0,ALLOW,0,
EVT_04096,30.0,ALLOW,0,
EVT_04097,25.0,ALLOW,0,
EVT_04098,25.0,ALLOW,0,
EVT_04099,15.0,ALLOW,0,
EVT_04100,10.0,ALLOW,0,
EVT_04101,10.0,ALLOW,0,
EVT_04102,25.0,ALLOW,0,
EVT_04103,10.0,ALLOW,0,
EVT_04104,35.0,ALLOW,0,
EVT_04105,30.0,ALLOW,0,
EVT_04106,30.0,ALLOW,0,
EVT_04107,10.0,ALLOW,0,
EVT_04108,10.0,ALLOW,0,
EVT_04109,35.0,ALLOW,0,
EVT_04110,10.0,ALLOW,0,
EVT_04111,10.0,ALLOW,0,
EVT_04112,35.0,ALLOW,0,
EVT_04113,10.0,ALLOW,0,
EVT_04114,10.0,ALLOW,0,
EVT_04115,25.0,ALLOW,0,
EVT_04116,45.0,CHALLENGE,1,Impossible_Travel
EVT_04117,10.0,ALLOW,0,
EVT_04118,25.0,ALLOW,0,
EVT_04119,10.0,ALLOW,0,
EVT_04120,10.0,ALLOW,0,
EVT_04121,25.0,ALLOW,0,
EVT_04122,10.0,ALLOW,0,
EVT_04123,25.0,ALLOW,0,
EVT_04124,25.0,ALLOW,0,
EVT_04125,15.0,ALLOW,0,
EVT_04126,10.0,ALLOW,0,
EVT_04127,45.0,CHALLENGE,0,
EVT_04128,10.0,ALLOW,0,
EVT_04129,30.0,ALLOW,0,
EVT_04130,10.0,ALLOW,0,
EVT_04131,25.0,ALLOW,0,
EVT_04132,15.0,ALLOW,0,
EVT_04133,30.0,ALLOW,0,
EVT_04134,15.0,ALLOW,0,
EVT_04135,25.0,ALLOW,0,
EVT_04136,10.0,ALLOW,0,
EVT_04137,25.0,ALLOW,0,
EVT_04138,30.0,ALLOW,0,
EVT_04139,10.0,ALLOW,0,
EVT_04140,25.0,ALLOW,1,Unusual_Resource_Access
EVT_04141,25.0,ALLOW,0,
EVT_04142,25.0,ALLOW,0,
EVT_04143,50.0,CHALLENGE,0,
EVT_04144,30.0,ALLOW,0,
EVT_04145,80.0,BLOCK,1,Privilege_Escalation
EVT_04146,80.0,BLOCK,1,Privilege_Escalation
EVT_04147,80.0,BLOCK,1,Privilege_Escalation
EVT_04148,80.0,BLOCK,1,Privilege_Escalation
EVT_04149,80.0,BLOCK,1,Privilege_Escalation
EVT_04150,70.0,CHALLENGE,1,Privilege_Escalation
EVT_04151,25.0,ALLOW,0,
EVT_04152,15.0,ALLOW,0,
EVT_04153,10.0,ALLOW,0,
EVT_04154,25.0,ALLOW,0,
EVT_04155,10.0,ALLOW,0,
EVT_04156,25.0,ALLOW,0,
EVT_04157,15.0,ALLOW,0,
EVT_04158,10.0,ALLOW,0,
EVT_04159,25.0,ALLOW,0,
EVT_04160,20.0,ALLOW,0,
EVT_04161,10.0,ALLOW,0,
EVT_04162,40.0,ALLOW,0,
EVT_04163,10.0,ALLOW,0,
EVT_04164,25.0,ALLOW,0,
EVT_04165,25.0,ALLOW,0,
EVT_04166,10.0,ALLOW,0,
EVT_04167,25.0,ALLOW,0,
EVT_04168,70.0,CHALLENGE,1,New_Device_Sensitive
EVT_04169,25.0,ALLOW,0,
EVT_04170,25.0,ALLOW,0,
EVT_04171,30.0,ALLOW,0,
EVT_04172,15.0,ALLOW,0,
EVT_04173,15.0,ALLOW,0,
EVT_04174,10.0,ALLOW,0,
EVT_04175,70.0,CHALLENGE,1,New_Device_Sensitive
EVT_04176,10.0,ALLOW,0,
EVT_04177,10.0,ALLOW,0,
EVT_04178,10.0,ALLOW,0,
EVT_04179,10.0,ALLOW,0,
EVT_04180,15.0,ALLOW,0,
EVT_04181,15.0,ALLOW,0,
EVT_04182,15.0,ALLOW,0,
EVT_04183,10.0,ALLOW,0,
EVT_04184,25.0,ALLOW,0,
EVT_04185,80.0,BLOCK,1,New_Device_Sensitive
EVT_04186,25.0,ALLOW,0,
EVT_04187,10.0,ALLOW,0,
EVT_04188,25.0,ALLOW,0,
EVT_04189,45.0,CHALLENGE,1,Impossible_Travel
EVT_04190,35.0,ALLOW,0,
EVT_04191,10.0,ALLOW,0,
EVT_04192,15.0,ALLOW,0,
EVT_04193,25.0,ALLOW,0,
EVT_04194,10.0,ALLOW,0,
EVT_04195,10.0,ALLOW,0,
EVT_04196,15.0,ALLOW,0,
EVT_04197,95.0,BLOCK,1,New_Device_Sensitive
EVT_04198,10.0,ALLOW,0,
EVT_04199,25.0,ALLOW,0,
EVT_04200,60.0,CHALLENGE,0,
EVT_04201,10.0,ALLOW,0,
EVT_04202,25.0,ALLOW,0,
EVT_04203,10.0,ALLOW,0,
EVT_04204,25.0,ALLOW,0,
EVT_04205,10.0,ALLOW,0,
EVT_04206,15.0,ALLOW,0,
EVT_04207,10.0,ALLOW,0,
EVT_04208,10.0,ALLOW,0,
EVT_04209,25.0,ALLOW,0,
EVT_04210,25.0,ALLOW,0,
EVT_04211,20.0,ALLOW,0,
EVT_04212,10.0,ALLOW,0,
EVT_04213,40.0,ALLOW,0,
EVT_04214,10.0,ALLOW,0,
EVT_04215,40.0,ALLOW,0,
EVT_04216,35.0,ALLOW,0,
EVT_04217,25.0,ALLOW,0,
EVT_04218,25.0,ALLOW,0,
EVT_04219,15.0,ALLOW,0,
EVT_04220,10.0,ALLOW,0,
EVT_04221,15.0,ALLOW,0,
EVT_04222,10.0,ALLOW,0,
EVT_04223,15.0,ALLOW,0,
EVT_04224,25.0,ALLOW,0,
EVT_04225,25.0,ALLOW,0,
EVT_04226,20.0,ALLOW,0,
EVT_04227,10.0,ALLOW,0,
EVT_04228,10.0,ALLOW,0,
EVT_04229,10.0,ALLOW,0,
EVT_04230,10.0,ALLOW,0,
EVT_04231,20.0,ALLOW,0,
EVT_04232,10.0,ALLOW,0,
EVT_04233,15.0,ALLOW,0,
EVT_04234,10.0,ALLOW,0,
EVT_04235,10.0,ALLOW,0,
EVT_04236,15.0,ALLOW,0,
EVT_04237,10.0,ALLOW,0,
EVT_04238,10.0,ALLOW,0,
EVT_04239,15.0,ALLOW,0,
EVT_04240,10.0,ALLOW,0,
EVT_04241,10.0,ALLOW,0,
EVT_04242,30.0,ALLOW,0,
EVT_04243,30.0,ALLOW,0,
EVT_04244,25.0,ALLOW,0,
EVT_04245,25.0,ALLOW,0,
EVT_04246,10.0,ALLOW,0,
EVT_04247,15.0,ALLOW,0,
EVT_04248,25.0,ALLOW,0,
EVT_04249,10.0,ALLOW,0,
EVT_04250,15.0,ALLOW,0,
EVT_04251,10.0,ALLOW,0,
EVT_04252,10.0,ALLOW,0,
EVT_04253,10.0,ALLOW,0,
EVT_04254,30.0,ALLOW,0,
EVT_04255,25.0,ALLOW,0,
EVT_04256,10.0,ALLOW,0,
EVT_04257,25.0,ALLOW,0,
EVT_04258,10.0,ALLOW,0,
EVT_04259,15.0,ALLOW,0,
EVT_04260,25.0,ALLOW,0,
EVT_04261,15.0,ALLOW,0,
EVT_04262,10.0,ALLOW,0,
EVT_04263,10.0,ALLOW,0,
EVT_04264,10.0,ALLOW,0,
EVT_04265,25.0,ALLOW,0,
EVT_04266,10.0,ALLOW,0,
EVT_04267,10.0,ALLOW,0,
EVT_04268,10.0,ALLOW,0,
EVT_04269,10.0,ALLOW,0,
EVT_04270,35.0,ALLOW,0,
EVT_04271,10.0,ALLOW,0,
EVT_04272,10.0,ALLOW,0,
EVT_04273,50.0,CHALLENGE,0,
EVT_04274,25.0,ALLOW,0,
EVT_04275,15.0,ALLOW,0,
EVT_04276,10.0,ALLOW,0,
EVT_04277,10.0,ALLOW,0,
EVT_04278,10.0,ALLOW,0,
EVT_04279,10.0,ALLOW,0,
EVT_04280,10.0,ALLOW,0,
EVT_04281,25.0,ALLOW,0,
EVT_04282,25.0,ALLOW,0,
EVT_04283,10.0,ALLOW,0,
EVT_04284,25.0,ALLOW,0,
EVT_04285,10.0,ALLOW,0,
EVT_04286,10.0,ALLOW,0,
EVT_04287,10.0,ALLOW,0,
EVT_04288,10.0,ALLOW,0,
EVT_04289,10.0,ALLOW,0,
EVT_04290,25.0,ALLOW,0,
EVT_04291,25.0,ALLOW,0,
EVT_04292,10.0,ALLOW,0,
EVT_04293,15.0,ALLOW,0,
EVT_04294,10.0,ALLOW,0,
EVT_04295,10.0,ALLOW,0,
EVT_04296,40.0,ALLOW,0,
EVT_04297,25.0,ALLOW,0,
EVT_04298,15.0,ALLOW,0,
EVT_04299,10.0,ALLOW,0,
EVT_04300,10.0,ALLOW,0,
EVT_04301,30.0,ALLOW,0,
EVT_04302,25.0,ALLOW,0,
EVT_04303,10.0,ALLOW,0,
EVT_04304,15.0,ALLOW,0,
EVT_04305,10.0,ALLOW,0,
EVT_04306,10.0,ALLOW,0,
EVT_04307,10.0,ALLOW,0,
EVT_04308,15.0,ALLOW,0,
EVT_04309,25.0,ALLOW,0,
EVT_04310,10.0,ALLOW,0,
EVT_04311,30.0,ALLOW,0,
EVT_04312,25.0,ALLOW,0,
EVT_04313,10.0,ALLOW,0,
EVT_04314,10.0,ALLOW,0,
EVT_04315,25.0,ALLOW,0,
EVT_04316,25.0,ALLOW,0,
EVT_04317,25.0,ALLOW,0,
EVT_04318,25.0,ALLOW,0,
EVT_04319,15.0,ALLOW,0,
EVT_04320,10.0,ALLOW,0,
EVT_04321,10.0,ALLOW,0,
EVT_04322,10.0,ALLOW,0,
EVT_04323,10.0,ALLOW,0,
EVT_04324,75.0,BLOCK,1,Off_Hours_Privileged
EVT_04325,70.0,CHALLENGE,1,Off_Hours_Privileged
EVT_04326,70.0,CHALLENGE,1,Off_Hours_Privileged
EVT_04327,75.0,BLOCK,1,Off_Hours_Privileged
EVT_04328,70.0,CHALLENGE,1,Off_Hours_Privileged
EVT_04329,70.0,CHALLENGE,1,Off_Hours_Privileged
EVT_04330,70.0,CHALLENGE,1,Off_Hours_Privileged
EVT_04331,75.0,BLOCK,1,Off_Hours_Privileged
EVT_04332,75.0,BLOCK,1,Off_Hours_Privileged
EVT_04333,75.0,BLOCK,1,Off_Hours_Privileged
EVT_04334,70.0,CHALLENGE,1,Off_Hours_Privileged
EVT_04335,70.0,CHALLENGE,1,Off_Hours_Privileged
EVT_04336,70.0,CHALLENGE,1,Off_Hours_Privileged
EVT_04337,70.0,CHALLENGE,1,Off_Hours_Privileged
EVT_04338,75.0,BLOCK,1,Off_Hours_Privileged
EVT_04339,75.0,BLOCK,1,Off_Hours_Privileged
EVT_04340,25.0,ALLOW,0,
EVT_04341,25.0,ALLOW,0,
EVT_04342,25.0,ALLOW,0,
EVT_04343,10.0,ALLOW,0,
EVT_04344,10.0,ALLOW,0,
EVT_04345,10.0,ALLOW,0,
EVT_04346,25.0,ALLOW,0,
EVT_04347,10.0,ALLOW,0,
EVT_04348,25.0,ALLOW,0,
EVT_04349,25.0,ALLOW,0,
EVT_04350,10.0,ALLOW,0,
EVT_04351,10.0,ALLOW,0,
EVT_04352,60.0,CHALLENGE,0,
EVT_04353,40.0,ALLOW,0,
EVT_04354,10.0,ALLOW,0,
EVT_04355,25.0,ALLOW,0,
EVT_04356,25.0,ALLOW,0,
EVT_04357,30.0,ALLOW,0,
EVT_04358,25.0,ALLOW,0,
EVT_04359,10.0,ALLOW,0,
EVT_04360,10.0,ALLOW,0,
EVT_04361,20.0,ALLOW,0,
EVT_04362,10.0,ALLOW,0,
EVT_04363,10.0,ALLOW,0,
EVT_04364,10.0,ALLOW,0,
EVT_04365,10.0,ALLOW,0,
EVT_04366,25.0,ALLOW,0,
EVT_04367,25.0,ALLOW,0,
EVT_04368,25.0,ALLOW,0,
EVT_04369,10.0,ALLOW,0,
EVT_04370,10.0,ALLOW,0,
EVT_04371,10.0,ALLOW,0,
EVT_04372,35.0,ALLOW,0,
EVT_04373,10.0,ALLOW,0,
EVT_04374,10.0,ALLOW,0,
EVT_04375,30.0,ALLOW,0,
EVT_04376,10.0,ALLOW,0,
EVT_04377,35.0,ALLOW,0,
EVT_04378,10.0,ALLOW,0,
EVT_04379,15.0,ALLOW,0,
EVT_04380,10.0,ALLOW,0,
EVT_04381,15.0,ALLOW,0,
EVT_04382,45.0,CHALLENGE,0,
EVT_04383,25.0,ALLOW,0,
EVT_04384,10.0,ALLOW,0,
EVT_04385,25.0,ALLOW,0,
EVT_04386,10.0,ALLOW,0,
EVT_04387,10.0,ALLOW,0,
EVT_04388,10.0,ALLOW,0,
EVT_04389,25.0,ALLOW,0,
EVT_04390,25.0,ALLOW,0,
EVT_04391,10.0,ALLOW,0,
EVT_04392,10.0,ALLOW,0,
EVT_04393,25.0,ALLOW,0,
EVT_04394,10.0,ALLOW,0,
EVT_04395,10.0,ALLOW,0,
EVT_04396,25.0,ALLOW,0,
EVT_04397,10.0,ALLOW,0,
EVT_04398,25.0,ALLOW,0,
EVT_04399,25.0,ALLOW,0,
EVT_04400,30.0,ALLOW,0,
EVT_04401,25.0,ALLOW,0,
EVT_04402,35.0,ALLOW,0,
EVT_04403,10.0,ALLOW,0,
EVT_04404,10.0,ALLOW,0,
EVT_04405,10.0,ALLOW,0,
EVT_04406,25.0,ALLOW,0,
EVT_04407,10.0,ALLOW,0,
EVT_04408,25.0,ALLOW,0,
EVT_04409,40.0,ALLOW,0,
EVT_04410,25.0,ALLOW,0,
EVT_04411,10.0,ALLOW,0,
EVT_04412,10.0,ALLOW,0,
EVT_04413,10.0,ALLOW,0,
EVT_04414,15.0,ALLOW,0,
EVT_04415,30.0,ALLOW,0,
EVT_04416,30.0,ALLOW,0,
EVT_04417,40.0,ALLOW,0,
EVT_04418,10.0,ALLOW,0,
EVT_04419,15.0,ALLOW,0,
EVT_04420,45.0,CHALLENGE,0,
EVT_04421,10.0,ALLOW,0,
EVT_04422,25.0,ALLOW,0,
EVT_04423,10.0,ALLOW,0,
EVT_04424,10.0,ALLOW,0,
EVT_04425,70.0,CHALLENGE,0,
EVT_04426,10.0,ALLOW,0,
EVT_04427,25.0,ALLOW,0,
EVT_04428,10.0,ALLOW,0,
EVT_04429,10.0,ALLOW,0,
EVT_04430,25.0,ALLOW,1,Unusual_Resource_Access
EVT_04431,50.0,CHALLENGE,0,
EVT_04432,10.0,ALLOW,0,
EVT_04433,10.0,ALLOW,0,
EVT_04434,10.0,ALLOW,0,
EVT_04435,10.0,ALLOW,0,
EVT_04436,10.0,ALLOW,0,
EVT_04437,25.0,ALLOW,1,Unusual_Resource_Access
EVT_04438,70.0,CHALLENGE,1,New_Device_Sensitive
EVT_04439,10.0,ALLOW,0,
EVT_04440,50.0,CHALLENGE,0,
EVT_04441,45.0,CHALLENGE,0,
EVT_04442,25.0,ALLOW,0,
EVT_04443,10.0,ALLOW,0,
EVT_04444,10.0,ALLOW,0,
EVT_04445,10.0,ALLOW,0,
EVT_04446,15.0,ALLOW,0,
EVT_04447,25.0,ALLOW,0,
EVT_04448,30.0,ALLOW,0,
EVT_04449,10.0,ALLOW,0,
EVT_04450,15.0,ALLOW,0,
EVT_04451,80.0,BLOCK,1,New_Device_Sensitive
EVT_04452,10.0,ALLOW,0,
EVT_04453,10.0,ALLOW,0,
EVT_04454,10.0,ALLOW,0,
EVT_04455,55.0,CHALLENGE,0,
EVT_04456,25.0,ALLOW,1,Unusual_Resource_Access
EVT_04457,25.0,ALLOW,0,
EVT_04458,10.0,ALLOW,0,
EVT_04459,25.0,ALLOW,0,
EVT_04460,15.0,ALLOW,0,
EVT_04461,30.0,ALLOW,0,
EVT_04462,15.0,ALLOW,0,
EVT_04463,25.0,ALLOW,1,Unusual_Resource_Access
EVT_04464,15.0,ALLOW,0,
EVT_04465,25.0,ALLOW,0,
EVT_04466,10.0,ALLOW,0,
EVT_04467,10.0,ALLOW,0,
EVT_04468,10.0,ALLOW,0,
EVT_04469,10.0,ALLOW,0,
EVT_04470,10.0,ALLOW,0,
EVT_04471,10.0,ALLOW,0,
EVT_04472,10.0,ALLOW,0,
EVT_04473,25.0,ALLOW,0,
EVT_04474,10.0,ALLOW,0,
EVT_04475,10.0,ALLOW,0,
EVT_04476,25.0,ALLOW,0,
EVT_04477,30.0,ALLOW,0,
EVT_04478,80.0,BLOCK,1,New_Device_Sensitive
EVT_04479,50.0,CHALLENGE,0,
EVT_04480,25.0,ALLOW,0,
EVT_04481,15.0,ALLOW,0,
EVT_04482,10.0,ALLOW,0,
EVT_04483,10.0,ALLOW,0,
EVT_04484,45.0,CHALLENGE,0,
EVT_04485,40.0,ALLOW,0,
EVT_04486,10.0,ALLOW,0,
EVT_04487,25.0,ALLOW,0,
EVT_04488,30.0,ALLOW,0,
EVT_04489,25.0,ALLOW,0,
EVT_04490,10.0,ALLOW,0,
EVT_04491,10.0,ALLOW,0,
EVT_04492,10.0,ALLOW,0,
EVT_04493,10.0,ALLOW,0,
EVT_04494,60.0,CHALLENGE,0,
EVT_04495,10.0,ALLOW,0,
EVT_04496,10.0,ALLOW,0,
EVT_04497,10.0,ALLOW,0,
EVT_04498,45.0,CHALLENGE,0,
EVT_04499,35.0,ALLOW,0,
EVT_04500,70.0,CHALLENGE,0,
EVT_04501,10.0,ALLOW,0,
EVT_04502,10.0,ALLOW,0,
EVT_04503,10.0,ALLOW,0,
EVT_04504,25.0,ALLOW,0,
EVT_04505,25.0,ALLOW,0,
EVT_04506,20.0,ALLOW,0,
EVT_04507,15.0,ALLOW,0,
EVT_04508,10.0,ALLOW,0,
EVT_04509,10.0,ALLOW,0,
EVT_04510,10.0,ALLOW,0,
EVT_04511,10.0,ALLOW,0,
EVT_04512,35.0,ALLOW,1,Unusual_Resource_Access
EVT_04513,25.0,ALLOW,0,
EVT_04514,55.0,CHALLENGE,0,
EVT_04515,10.0,ALLOW,0,
EVT_04516,25.0,ALLOW,0,
EVT_04517,30.0,ALLOW,0,
EVT_04518,25.0,ALLOW,0,
EVT_04519,10.0,ALLOW,0,
EVT_04520,15.0,ALLOW,0,
EVT_04521,40.0,ALLOW,0,
EVT_04522,70.0,CHALLENGE,1,New_Device_Sensitive
EVT_04523,10.0,ALLOW,0,
EVT_04524,25.0,ALLOW,0,
EVT_04525,10.0,ALLOW,0,
EVT_04526,15.0,ALLOW,0,
EVT_04527,10.0,ALLOW,0,
EVT_04528,10.0,ALLOW,0,
EVT_04529,25.0,ALLOW,0,
EVT_04530,10.0,ALLOW,0,
EVT_04531,15.0,ALLOW,0,
EVT_04532,10.0,ALLOW,0,
EVT_04533,30.0,ALLOW,0,
EVT_04534,10.0,ALLOW,0,
EVT_04535,10.0,ALLOW,0,
EVT_04536,15.0,ALLOW,0,
EVT_04537,25.0,ALLOW,0,
EVT_04538,10.0,ALLOW,0,
EVT_04539,45.0,CHALLENGE,1,Impossible_Travel
EVT_04540,10.0,ALLOW,0,
EVT_04541,45.0,CHALLENGE,1,Impossible_Travel
EVT_04542,25.0,ALLOW,0,
EVT_04543,25.0,ALLOW,0,
EVT_04544,25.0,ALLOW,0,
EVT_04545,15.0,ALLOW,0,
EVT_04546,25.0,ALLOW,0,
EVT_04547,25.0,ALLOW,0,
EVT_04548,55.0,CHALLENGE,0,
EVT_04549,25.0,ALLOW,0,
EVT_04550,15.0,ALLOW,0,
EVT_04551,10.0,ALLOW,0,
EVT_04552,15.0,ALLOW,0,
EVT_04553,25.0,ALLOW,0,
EVT_04554,10.0,ALLOW,0,
EVT_04555,25.0,ALLOW,0,
EVT_04556,10.0,ALLOW,0,
EVT_04557,25.0,ALLOW,0,
EVT_04558,10.0,ALLOW,0,
EVT_04559,15.0,ALLOW,0,
EVT_04560,45.0,CHALLENGE,0,
EVT_04561,15.0,ALLOW,0,
EVT_04562,10.0,ALLOW,0,
EVT_04563,10.0,ALLOW,0,
EVT_04564,10.0,ALLOW,0,
EVT_04565,10.0,ALLOW,0,
EVT_04566,10.0,ALLOW,0,
EVT_04567,10.0,ALLOW,0,
EVT_04568,10.0,ALLOW,0,
EVT_04569,50.0,CHALLENGE,0,
EVT_04570,30.0,ALLOW,0,
EVT_04571,10.0,ALLOW,0,
EVT_04572,10.0,ALLOW,0,
EVT_04573,30.0,ALLOW,0,
EVT_04574,10.0,ALLOW,0,
EVT_04575,30.0,ALLOW,0,
EVT_04576,30.0,ALLOW,0,
EVT_04577,25.0,ALLOW,0,
EVT_04578,25.0,ALLOW,0,
EVT_04579,80.0,BLOCK,1,New_Device_Sensitive
EVT_04580,25.0,ALLOW,0,
EVT_04581,25.0,ALLOW,0,
EVT_04582,10.0,ALLOW,0,
EVT_04583,10.0,ALLOW,0,
EVT_04584,10.0,ALLOW,0,
EVT_04585,35.0,ALLOW,0,
EVT_04586,10.0,ALLOW,0,
EVT_04587,15.0,ALLOW,0,
EVT_04588,10.0,ALLOW,0,
EVT_04589,25.0,ALLOW,0,
EVT_04590,55.0,CHALLENGE,0,
EVT_04591,25.0,ALLOW,0,
EVT_04592,65.0,CHALLENGE,0,
EVT_04593,25.0,ALLOW,0,
EVT_04594,10.0,ALLOW,0,
EVT_04595,60.0,CHALLENGE,1,Impossible_Travel
EVT_04596,10.0,ALLOW,0,
EVT_04597,10.0,ALLOW,0,
EVT_04598,10.0,ALLOW,0,
EVT_04599,10.0,ALLOW,0,
EVT_04600,10.0,ALLOW,0,
EVT_04601,45.0,CHALLENGE,0,
EVT_04602,25.0,ALLOW,0,
EVT_04603,10.0,ALLOW,0,
EVT_04604,25.0,ALLOW,0,
EVT_04605,40.0,ALLOW,0,
EVT_04606,10.0,ALLOW,0,
EVT_04607,25.0,ALLOW,0,
EVT_04608,40.0,ALLOW,0,
EVT_04609,25.0,ALLOW,0,
EVT_04610,10.0,ALLOW,0,
EVT_04611,10.0,ALLOW,0,
EVT_04612,25.0,ALLOW,0,
EVT_04613,10.0,ALLOW,0,
EVT_04614,10.0,ALLOW,0,
EVT_04615,15.0,ALLOW,0,
EVT_04616,10.0,ALLOW,0,
EVT_04617,35.0,ALLOW,0,
EVT_04618,45.0,CHALLENGE,1,Impossible_Travel
EVT_04619,15.0,ALLOW,0,
EVT_04620,10.0,ALLOW,0,
EVT_04621,10.0,ALLOW,0,
EVT_04622,10.0,ALLOW,0,
EVT_04623,25.0,ALLOW,0,
EVT_04624,15.0,ALLOW,0,
EVT_04625,10.0,ALLOW,0,
EVT_04626,10.0,ALLOW,0,
EVT_04627,25.0,ALLOW,0,
EVT_04628,30.0,ALLOW,0,
EVT_04629,10.0,ALLOW,0,
EVT_04630,10.0,ALLOW,0,
EVT_04631,10.0,ALLOW,0,
EVT_04632,10.0,ALLOW,0,
EVT_04633,10.0,ALLOW,0,
EVT_04634,25.0,ALLOW,0,
EVT_04635,10.0,ALLOW,0,
EVT_04636,25.0,ALLOW,0,
EVT_04637,10.0,ALLOW,0,
EVT_04638,25.0,ALLOW,0,
EVT_04639,10.0,ALLOW,0,
EVT_04640,10.0,ALLOW,0,
EVT_04641,25.0,ALLOW,0,
EVT_04642,35.0,ALLOW,0,
EVT_04643,10.0,ALLOW,0,
EVT_04644,25.0,ALLOW,0,
EVT_04645,10.0,ALLOW,0,
EVT_04646,10.0,ALLOW,0,
EVT_04647,25.0,ALLOW,0,
EVT_04648,10.0,ALLOW,0,
EVT_04649,10.0,ALLOW,0,
EVT_04650,10.0,ALLOW,0,
EVT_04651,10.0,ALLOW,0,
EVT_04652,10.0,ALLOW,0,
EVT_04653,45.0,CHALLENGE,1,Impossible_Travel
EVT_04654,10.0,ALLOW,0,
EVT_04655,10.0,ALLOW,0,
EVT_04656,30.0,ALLOW,0,
EVT_04657,10.0,ALLOW,0,
EVT_04658,10.0,ALLOW,0,
EVT_04659,10.0,ALLOW,0,
EVT_04660,55.0,CHALLENGE,0,
EVT_04661,10.0,ALLOW,0,
EVT_04662,10.0,ALLOW,0,
EVT_04663,10.0,ALLOW,0,
EVT_04664,30.0,ALLOW,0,
EVT_04665,10.0,ALLOW,0,
EVT_04666,10.0,ALLOW,0,
EVT_04667,10.0,ALLOW,0,
EVT_04668,25.0,ALLOW,0,
EVT_04669,10.0,ALLOW,0,
EVT_04670,60.0,CHALLENGE,0,
EVT_04671,25.0,ALLOW,0,
EVT_04672,15.0,ALLOW,0,
EVT_04673,10.0,ALLOW,0,
EVT_04674,10.0,ALLOW,0,
EVT_04675,30.0,ALLOW,0,
EVT_04676,10.0,ALLOW,0,
EVT_04677,10.0,ALLOW,0,
EVT_04678,10.0,ALLOW,0,
EVT_04679,10.0,ALLOW,0,
EVT_04680,25.0,ALLOW,0,
EVT_04681,10.0,ALLOW,0,
EVT_04682,45.0,CHALLENGE,0,
EVT_04683,15.0,ALLOW,0,
EVT_04684,10.0,ALLOW,0,
EVT_04685,10.0,ALLOW,0,
EVT_04686,25.0,ALLOW,0,
EVT_04687,30.0,ALLOW,0,
EVT_04688,10.0,ALLOW,0,
EVT_04689,25.0,ALLOW,0,
EVT_04690,10.0,ALLOW,0,
EVT_04691,60.0,CHALLENGE,1,Impossible_Travel
EVT_04692,10.0,ALLOW,0,
EVT_04693,10.0,ALLOW,0,
EVT_04694,40.0,ALLOW,0,
EVT_04695,40.0,ALLOW,0,
EVT_04696,25.0,ALLOW,0,
EVT_04697,10.0,ALLOW,0,
EVT_04698,35.0,ALLOW,0,
EVT_04699,10.0,ALLOW,0,
EVT_04700,30.0,ALLOW,0,
EVT_04701,10.0,ALLOW,0,
EVT_04702,15.0,ALLOW,0,
EVT_04703,25.0,ALLOW,0,
EVT_04704,30.0,ALLOW,0,
EVT_04705,25.0,ALLOW,0,
EVT_04706,10.0,ALLOW,0,
EVT_04707,10.0,ALLOW,0,
EVT_04708,15.0,ALLOW,0,
EVT_04709,25.0,ALLOW,0,
EVT_04710,30.0,ALLOW,0,
EVT_04711,55.0,CHALLENGE,0,
EVT_04712,25.0,ALLOW,0,
EVT_04713,20.0,ALLOW,0,
EVT_04714,10.0,ALLOW,0,
EVT_04715,10.0,ALLOW,0,
EVT_04716,35.0,ALLOW,0,
EVT_04717,10.0,ALLOW,0,
EVT_04718,25.0,ALLOW,0,
EVT_04719,10.0,ALLOW,0,
EVT_04720,10.0,ALLOW,0,
EVT_04721,10.0,ALLOW,0,
EVT_04722,45.0,CHALLENGE,1,Impossible_Travel
EVT_04723,45.0,CHALLENGE,0,
EVT_04724,15.0,ALLOW,0,
EVT_04725,40.0,ALLOW,0,
EVT_04726,25.0,ALLOW,0,
EVT_04727,10.0,ALLOW,0,
EVT_04728,10.0,ALLOW,0,
EVT_04729,25.0,ALLOW,0,
EVT_04730,10.0,ALLOW,0,
EVT_04731,25.0,ALLOW,0,
EVT_04732,25.0,ALLOW,0,
EVT_04733,10.0,ALLOW,0,
EVT_04734,25.0,ALLOW,0,
EVT_04735,70.0,CHALLENGE,1,New_Device_Sensitive
EVT_04736,15.0,ALLOW,0,
EVT_04737,25.0,ALLOW,0,
EVT_04738,10.0,ALLOW,0,
EVT_04739,45.0,CHALLENGE,0,
EVT_04740,40.0,ALLOW,0,
EVT_04741,10.0,ALLOW,0,
EVT_04742,25.0,ALLOW,0,
EVT_04743,10.0,ALLOW,0,
EVT_04744,10.0,ALLOW,0,
EVT_04745,35.0,ALLOW,0,
EVT_04746,10.0,ALLOW,0,
EVT_04747,25.0,ALLOW,0,
EVT_04748,40.0,ALLOW,0,
EVT_04749,10.0,ALLOW,0,
EVT_04750,10.0,ALLOW,0,
EVT_04751,10.0,ALLOW,0,
EVT_04752,25.0,ALLOW,0,
EVT_04753,10.0,ALLOW,0,
EVT_04754,25.0,ALLOW,0,
EVT_04755,80.0,BLOCK,0,
EVT_04756,15.0,ALLOW,0,
EVT_04757,10.0,ALLOW,0,
EVT_04758,35.0,ALLOW,0,
EVT_04759,15.0,ALLOW,0,
EVT_04760,10.0,ALLOW,0,
EVT_04761,25.0,ALLOW,0,
EVT_04762,10.0,ALLOW,0,
EVT_04763,25.0,ALLOW,0,
EVT_04764,15.0,ALLOW,0,
EVT_04765,25.0,ALLOW,0,
EVT_04766,10.0,ALLOW,0,
EVT_04767,40.0,ALLOW,0,
EVT_04768,25.0,ALLOW,0,
EVT_04769,25.0,ALLOW,0,
EVT_04770,25.0,ALLOW,0,
EVT_04771,10.0,ALLOW,0,
EVT_04772,10.0,ALLOW,0,
EVT_04773,25.0,ALLOW,0,
EVT_04774,10.0,ALLOW,0,
EVT_04775,25.0,ALLOW,0,
EVT_04776,10.0,ALLOW,0,
EVT_04777,25.0,ALLOW,0,
EVT_04778,10.0,ALLOW,0,
EVT_04779,25.0,ALLOW,0,
EVT_04780,10.0,ALLOW,0,
EVT_04781,15.0,ALLOW,0,
EVT_04782,10.0,ALLOW,0,
EVT_04783,45.0,CHALLENGE,0,
EVT_04784,25.0,ALLOW,0,
EVT_04785,10.0,ALLOW,0,
EVT_04786,10.0,ALLOW,0,
EVT_04787,25.0,ALLOW,0,
EVT_04788,10.0,ALLOW,0,
EVT_04789,10.0,ALLOW,0,
EVT_04790,25.0,ALLOW,0,
EVT_04791,10.0,ALLOW,0,
EVT_04792,70.0,CHALLENGE,1,Privilege_Escalation
EVT_04793,70.0,CHALLENGE,1,Privilege_Escalation
EVT_04794,70.0,CHALLENGE,1,Privilege_Escalation
EVT_04795,70.0,CHALLENGE,1,Privilege_Escalation
EVT_04796,70.0,CHALLENGE,1,Privilege_Escalation
EVT_04797,60.0,CHALLENGE,1,Privilege_Escalation
EVT_04798,10.0,ALLOW,0,
EVT_04799,10.0,ALLOW,0,
EVT_04800,25.0,ALLOW,0,
EVT_04801,45.0,CHALLENGE,0,
EVT_04802,10.0,ALLOW,0,
EVT_04803,10.0,ALLOW,0,
EVT_04804,10.0,ALLOW,0,
EVT_04805,70.0,CHALLENGE,1,New_Device_Sensitive
EVT_04806,10.0,ALLOW,0,
EVT_04807,10.0,ALLOW,0,
EVT_04808,10.0,ALLOW,0,
EVT_04809,25.0,ALLOW,0,
EVT_04810,10.0,ALLOW,0,
EVT_04811,30.0,ALLOW,0,
EVT_04812,25.0,ALLOW,0,
EVT_04813,10.0,ALLOW,0,
EVT_04814,35.0,ALLOW,0,
EVT_04815,10.0,ALLOW,0,
EVT_04816,25.0,ALLOW,0,
EVT_04817,10.0,ALLOW,0,
EVT_04818,25.0,ALLOW,1,Unusual_Resource_Access
EVT_04819,10.0,ALLOW,0,
EVT_04820,15.0,ALLOW,0,
EVT_04821,25.0,ALLOW,0,
EVT_04822,30.0,ALLOW,0,
EVT_04823,10.0,ALLOW,0,
EVT_04824,10.0,ALLOW,0,
EVT_04825,10.0,ALLOW,0,
EVT_04826,15.0,ALLOW,0,
EVT_04827,30.0,ALLOW,0,
EVT_04828,45.0,CHALLENGE,0,
EVT_04829,25.0,ALLOW,0,
EVT_04830,25.0,ALLOW,0,
EVT_04831,25.0,ALLOW,0,
EVT_04832,10.0,ALLOW,0,
EVT_04833,15.0,ALLOW,0,
EVT_04834,25.0,ALLOW,0,
EVT_04835,25.0,ALLOW,0,
EVT_04836,15.0,ALLOW,0,
EVT_04837,25.0,ALLOW,0,
EVT_04838,30.0,ALLOW,0,
EVT_04839,35.0,ALLOW,0,
EVT_04840,40.0,ALLOW,0,
EVT_04841,15.0,ALLOW,0,
EVT_04842,10.0,ALLOW,0,
EVT_04843,10.0,ALLOW,0,
EVT_04844,10.0,ALLOW,0,
EVT_04845,10.0,ALLOW,0,
EVT_04846,25.0,ALLOW,0,
EVT_04847,35.0,ALLOW,0,
EVT_04848,10.0,ALLOW,0,
EVT_04849,10.0,ALLOW,0,
EVT_04850,25.0,ALLOW,0,
EVT_04851,10.0,ALLOW,0,
EVT_04852,25.0,ALLOW,0,
EVT_04853,10.0,ALLOW,0,
EVT_04854,10.0,ALLOW,0,
EVT_04855,10.0,ALLOW,0,
EVT_04856,10.0,ALLOW,0,
EVT_04857,25.0,ALLOW,0,
EVT_04858,10.0,ALLOW,0,
EVT_04859,15.0,ALLOW,0,
EVT_04860,25.0,ALLOW,0,
EVT_04861,30.0,ALLOW,0,
EVT_04862,10.0,ALLOW,0,
EVT_04863,40.0,ALLOW,0,
EVT_04864,10.0,ALLOW,0,
EVT_04865,10.0,ALLOW,0,
EVT_04866,15.0,ALLOW,0,
EVT_04867,10.0,ALLOW,0,
EVT_04868,25.0,ALLOW,0,
EVT_04869,10.0,ALLOW,0,
EVT_04870,10.0,ALLOW,0,
EVT_04871,10.0,ALLOW,0,
EVT_04872,10.0,ALLOW,0,
EVT_04873,10.0,ALLOW,0,
EVT_04874,10.0,ALLOW,0,
EVT_04875,10.0,ALLOW,0,
EVT_04876,10.0,ALLOW,0,
EVT_04877,15.0,ALLOW,0,
EVT_04878,10.0,ALLOW,0,
EVT_04879,25.0,ALLOW,0,
EVT_04880,25.0,ALLOW,0,
EVT_04881,10.0,ALLOW,0,
EVT_04882,25.0,ALLOW,0,
EVT_04883,45.0,CHALLENGE,0,
EVT_04884,10.0,ALLOW,0,
EVT_04885,10.0,ALLOW,0,
EVT_04886,35.0,ALLOW,0,
EVT_04887,10.0,ALLOW,0,
EVT_04888,10.0,ALLOW,0,
EVT_04889,10.0,ALLOW,0,
EVT_04890,25.0,ALLOW,0,
EVT_04891,25.0,ALLOW,0,
EVT_04892,45.0,CHALLENGE,0,
EVT_04893,10.0,ALLOW,0,
EVT_04894,10.0,ALLOW,0,
EVT_04895,20.0,ALLOW,0,
EVT_04896,35.0,ALLOW,0,
EVT_04897,25.0,ALLOW,0,
EVT_04898,25.0,ALLOW,0,
EVT_04899,15.0,ALLOW,0,
EVT_04900,10.0,ALLOW,0,
EVT_04901,10.0,ALLOW,0,
EVT_04902,40.0,ALLOW,0,
EVT_04903,35.0,ALLOW,0,
EVT_04904,30.0,ALLOW,0,
EVT_04905,10.0,ALLOW,0,
EVT_04906,25.0,ALLOW,0,
EVT_04907,10.0,ALLOW,0,
EVT_04908,10.0,ALLOW,0,
EVT_04909,30.0,ALLOW,0,
EVT_04910,25.0,ALLOW,0,
EVT_04911,25.0,ALLOW,0,
EVT_04912,10.0,ALLOW,0,
EVT_04913,45.0,CHALLENGE,0,
EVT_04914,10.0,ALLOW,0,
EVT_04915,25.0,ALLOW,0,
EVT_04916,25.0,ALLOW,0,
EVT_04917,25.0,ALLOW,0,
EVT_04918,30.0,ALLOW,0,
EVT_04919,10.0,ALLOW,0,
EVT_04920,30.0,ALLOW,0,
EVT_04921,10.0,ALLOW,0,
EVT_04922,10.0,ALLOW,0,
EVT_04923,25.0,ALLOW,0,
EVT_04924,10.0,ALLOW,0,
EVT_04925,15.0,ALLOW,0,
EVT_04926,25.0,ALLOW,0,
EVT_04927,10.0,ALLOW,0,
EVT_04928,25.0,ALLOW,0,
EVT_04929,10.0,ALLOW,0,
EVT_04930,40.0,ALLOW,0,
EVT_04931,25.0,ALLOW,0,
EVT_04932,10.0,ALLOW,0,
EVT_04933,35.0,ALLOW,0,
EVT_04934,10.0,ALLOW,0,
EVT_04935,10.0,ALLOW,0,
EVT_04936,10.0,ALLOW,0,
EVT_04937,60.0,CHALLENGE,0,
EVT_04938,10.0,ALLOW,0,
EVT_04939,10.0,ALLOW,0,
EVT_04940,25.0,ALLOW,0,
EVT_04941,10.0,ALLOW,0,
EVT_04942,25.0,ALLOW,0,
EVT_04943,10.0,ALLOW,0,
EVT_04944,25.0,ALLOW,0,
EVT_04945,10.0,ALLOW,0,
EVT_04946,10.0,ALLOW,0,
EVT_04947,15.0,ALLOW,0,
EVT_04948,10.0,ALLOW,0,
EVT_04949,25.0,ALLOW,0,
EVT_04950,10.0,ALLOW,0,
EVT_04951,25.0,ALLOW,0,
EVT_04952,15.0,ALLOW,0,
EVT_04953,10.0,ALLOW,0,
EVT_04954,25.0,ALLOW,0,
EVT_04955,10.0,ALLOW,0,
EVT_04956,10.0,ALLOW,0,
EVT_04957,10.0,ALLOW,0,
EVT_04958,10.0,ALLOW,0,
EVT_04959,10.0,ALLOW,0,
EVT_04960,10.0,ALLOW,0,
EVT_04961,50.0,CHALLENGE,0,
EVT_04962,25.0,ALLOW,0,
EVT_04963,15.0,ALLOW,0,
EVT_04964,10.0,ALLOW,0,
EVT_04965,10.0,ALLOW,0,
EVT_04966,70.0,CHALLENGE,1,New_Device_Sensitive
EVT_04967,10.0,ALLOW,0,
EVT_04968,10.0,ALLOW,0,
EVT_04969,10.0,ALLOW,0,
EVT_04970,15.0,ALLOW,0,
EVT_04971,10.0,ALLOW,0,
EVT_04972,15.0,ALLOW,0,
EVT_04973,20.0,ALLOW,0,
EVT_04974,10.0,ALLOW,0,
EVT_04975,10.0,ALLOW,0,
EVT_04976,25.0,ALLOW,0,
EVT_04977,10.0,ALLOW,0,
EVT_04978,35.0,ALLOW,0,
EVT_04979,10.0,ALLOW,0,
EVT_04980,25.0,ALLOW,0,
EVT_04981,25.0,ALLOW,0,
EVT_04982,10.0,ALLOW,0,
EVT_04983,30.0,ALLOW,0,
EVT_04984,25.0,ALLOW,0,
EVT_04985,25.0,ALLOW,0,
EVT_04986,10.0,ALLOW,0,
EVT_04987,10.0,ALLOW,0,
EVT_04988,45.0,CHALLENGE,0,
EVT_04989,25.0,ALLOW,0,
EVT_04990,35.0,ALLOW,0,
EVT_04991,10.0,ALLOW,0,
EVT_04992,25.0,ALLOW,0,
EVT_04993,15.0,ALLOW,0,
EVT_04994,15.0,ALLOW,0,
EVT_04995,25.0,ALLOW,0,
EVT_04996,10.0,ALLOW,0,
EVT_04997,10.0,ALLOW,0,
EVT_04998,10.0,ALLOW,0,
EVT_04999,10.0,ALLOW,0,
EVT_05000,95.0,BLOCK,1,New_Device_Sensitive
EVT_05001,45.0,CHALLENGE,0,
EVT_05002,20.0,ALLOW,0,
EVT_05003,15.0,ALLOW,0,
EVT_05004,10.0,ALLOW,0,
EVT_05005,10.0,ALLOW,0,
EVT_05006,10.0,ALLOW,0,
EVT_05007,10.0,ALLOW,0,
EVT_05008,10.0,ALLOW,0,
EVT_05009,10.0,ALLOW,0,
EVT_05010,10.0,ALLOW,0,
EVT_05011,10.0,ALLOW,0,
EVT_05012,15.0,ALLOW,0,
EVT_05013,25.0,ALLOW,0,
EVT_05014,10.0,ALLOW,0,
EVT_05015,10.0,ALLOW,0,
EVT_05016,30.0,ALLOW,0,
EVT_05017,10.0,ALLOW,0,
EVT_05018,10.0,ALLOW,0,
EVT_05019,10.0,ALLOW,0,
EVT_05020,10.0,ALLOW,0,
EVT_05021,25.0,ALLOW,0,
EVT_05022,15.0,ALLOW,0,
EVT_05023,10.0,ALLOW,0,
EVT_05024,10.0,ALLOW,0,
EVT_05025,40.0,ALLOW,0,
EVT_05026,25.0,ALLOW,0,
EVT_05027,10.0,ALLOW,0,
EVT_05028,10.0,ALLOW,0,
EVT_05029,25.0,ALLOW,0,
EVT_05030,40.0,ALLOW,0,
EVT_05031,25.0,ALLOW,0,
EVT_05032,10.0,ALLOW,0,
EVT_05033,10.0,ALLOW,0,
EVT_05034,10.0,ALLOW,0,
EVT_05035,15.0,ALLOW,0,
EVT_05036,30.0,ALLOW,0,
EVT_05037,25.0,ALLOW,0,
EVT_05038,10.0,ALLOW,0,
EVT_05039,10.0,ALLOW,0,
EVT_05040,30.0,ALLOW,0,
EVT_05041,10.0,ALLOW,0,
EVT_05042,10.0,ALLOW,0,
EVT_05043,30.0,ALLOW,0,
EVT_05044,25.0,ALLOW,0,
EVT_05045,10.0,ALLOW,0,
EVT_05046,10.0,ALLOW,0,
EVT_05047,10.0,ALLOW,0,
EVT_05048,40.0,ALLOW,0,
EVT_05049,10.0,ALLOW,0,
EVT_05050,10.0,ALLOW,0,
EVT_05051,25.0,ALLOW,0,
EVT_05052,30.0,ALLOW,0,
EVT_05053,15.0,ALLOW,0,
EVT_05054,10.0,ALLOW,0,
EVT_05055,10.0,ALLOW,0,
EVT_05056,25.0,ALLOW,0,
EVT_05057,10.0,ALLOW,0,
EVT_05058,30.0,ALLOW,0,
EVT_05059,15.0,ALLOW,0,
EVT_05060,10.0,ALLOW,0,
EVT_05061,10.0,ALLOW,0,
EVT_05062,10.0,ALLOW,0,
EVT_05063,10.0,ALLOW,0,
EVT_05064,25.0,ALLOW,1,Unusual_Resource_Access
EVT_05065,10.0,ALLOW,0,
EVT_05066,40.0,ALLOW,0,
EVT_05067,10.0,ALLOW,0,
EVT_05068,45.0,CHALLENGE,0,
EVT_05069,10.0,ALLOW,0,
EVT_05070,10.0,ALLOW,0,
EVT_05071,15.0,ALLOW,0,
EVT_05072,10.0,ALLOW,0,
EVT_05073,30.0,ALLOW,0,
EVT_05074,10.0,ALLOW,0,
EVT_05075,30.0,ALLOW,0,
EVT_05076,10.0,ALLOW,0,
EVT_05077,10.0,ALLOW,0,
EVT_05078,40.0,ALLOW,0,
EVT_05079,15.0,ALLOW,0,
EVT_05080,10.0,ALLOW,0,
EVT_05081,30.0,ALLOW,0,
EVT_05082,10.0,ALLOW,0,
EVT_05083,10.0,ALLOW,0,
EVT_05084,25.0,ALLOW,0,
EVT_05085,10.0,ALLOW,0,
EVT_05086,25.0,ALLOW,0,
EVT_05087,10.0,ALLOW,0,
EVT_05088,10.0,ALLOW,0,
EVT_05089,10.0,ALLOW,0,
EVT_05090,10.0,ALLOW,0,
EVT_05091,10.0,ALLOW,0,
EVT_05092,10.0,ALLOW,0,
EVT_05093,45.0,CHALLENGE,0,
EVT_05094,10.0,ALLOW,0,
EVT_05095,10.0,ALLOW,0,
EVT_05096,10.0,ALLOW,0,
EVT_05097,25.0,ALLOW,0,
EVT_05098,15.0,ALLOW,0,
EVT_05099,15.0,ALLOW,0,
EVT_05100,10.0,ALLOW,0,
EVT_05101,10.0,ALLOW,0,
EVT_05102,10.0,ALLOW,0,
EVT_05103,10.0,ALLOW,0,
EVT_05104,25.0,ALLOW,0,
EVT_05105,25.0,ALLOW,0,
EVT_05106,10.0,ALLOW,0,
EVT_05107,25.0,ALLOW,0,
EVT_05108,25.0,ALLOW,0,
EVT_05109,25.0,ALLOW,1,Unusual_Resource_Access
EVT_05110,10.0,ALLOW,0,
EVT_05111,10.0,ALLOW,0,
EVT_05112,25.0,ALLOW,0,
EVT_05113,25.0,ALLOW,0,
EVT_05114,25.0,ALLOW,0,
EVT_05115,25.0,ALLOW,0,
EVT_05116,25.0,ALLOW,0,
EVT_05117,10.0,ALLOW,0,
EVT_05118,10.0,ALLOW,0,
EVT_05119,45.0,CHALLENGE,0,
EVT_05120,25.0,ALLOW,0,
EVT_05121,25.0,ALLOW,0,
EVT_05122,10.0,ALLOW,0,
EVT_05123,10.0,ALLOW,0,
EVT_05124,10.0,ALLOW,0,
EVT_05125,10.0,ALLOW,0,
EVT_05126,25.0,ALLOW,0,
EVT_05127,10.0,ALLOW,0,
EVT_05128,25.0,ALLOW,0,
EVT_05129,15.0,ALLOW,0,
EVT_05130,30.0,ALLOW,0,
EVT_05131,10.0,ALLOW,0,
EVT_05132,10.0,ALLOW,0,
EVT_05133,10.0,ALLOW,0,
EVT_05134,10.0,ALLOW,0,
EVT_05135,10.0,ALLOW,0,
EVT_05136,25.0,ALLOW,0,
EVT_05137,15.0,ALLOW,0,
EVT_05138,35.0,ALLOW,0,
EVT_05139,10.0,ALLOW,0,
EVT_05140,25.0,ALLOW,0,
EVT_05141,10.0,ALLOW,0,
EVT_05142,10.0,ALLOW,0,
EVT_05143,10.0,ALLOW,0,
EVT_05144,10.0,ALLOW,0,
EVT_05145,10.0,ALLOW,0,
EVT_05146,25.0,ALLOW,0,
EVT_05147,10.0,ALLOW,0,
EVT_05148,25.0,ALLOW,0,
EVT_05149,10.0,ALLOW,0,
EVT_05150,10.0,ALLOW,0,
EVT_05151,15.0,ALLOW,0,
EVT_05152,30.0,ALLOW,0,
EVT_05153,10.0,ALLOW,0,
EVT_05154,25.0,ALLOW,0,
EVT_05155,10.0,ALLOW,0,
EVT_05156,15.0,ALLOW,0,
EVT_05157,25.0,ALLOW,0,
EVT_05158,10.0,ALLOW,0,
EVT_05159,40.0,ALLOW,0,
EVT_05160,10.0,ALLOW,0,
EVT_05161,10.0,ALLOW,0,
EVT_05162,40.0,ALLOW,0,
EVT_05163,45.0,CHALLENGE,0,
EVT_05164,25.0,ALLOW,0,
EVT_05165,70.0,CHALLENGE,0,
EVT_05166,10.0,ALLOW,0,
EVT_05167,10.0,ALLOW,0,
EVT_05168,30.0,ALLOW,0,
EVT_05169,10.0,ALLOW,0,
EVT_05170,10.0,ALLOW,0,
EVT_05171,10.0,ALLOW,0,
EVT_05172,25.0,ALLOW,0,
EVT_05173,10.0,ALLOW,0,
EVT_05174,15.0,ALLOW,0,
EVT_05175,25.0,ALLOW,0,
EVT_05176,40.0,ALLOW,0,
EVT_05177,10.0,ALLOW,0,
EVT_05178,30.0,ALLOW,0,
EVT_05179,10.0,ALLOW,0,
EVT_05180,25.0,ALLOW,0,
EVT_05181,25.0,ALLOW,0,
EVT_05182,10.0,ALLOW,0,
EVT_05183,10.0,ALLOW,0,
EVT_05184,10.0,ALLOW,0,
EVT_05185,25.0,ALLOW,0,
EVT_05186,25.0,ALLOW,0,
EVT_05187,30.0,ALLOW,0,
EVT_05188,10.0,ALLOW,0,
EVT_05189,25.0,ALLOW,0,
EVT_05190,25.0,ALLOW,0,
EVT_05191,45.0,CHALLENGE,0,
EVT_05192,15.0,ALLOW,0,
EVT_05193,10.0,ALLOW,0,
EVT_05194,25.0,ALLOW,0,
EVT_05195,10.0,ALLOW,0,
EVT_05196,25.0,ALLOW,0,
EVT_05197,10.0,ALLOW,0,
EVT_05198,10.0,ALLOW,0,
EVT_05199,25.0,ALLOW,0,
EVT_05200,60.0,CHALLENGE,0,
EVT_05201,25.0,ALLOW,0,
EVT_05202,10.0,ALLOW,0,
EVT_05203,25.0,ALLOW,0,
EVT_05204,10.0,ALLOW,0,
EVT_05205,40.0,ALLOW,0,
EVT_05206,10.0,ALLOW,0,
EVT_05207,10.0,ALLOW,0,
EVT_05208,10.0,ALLOW,0,
EVT_05209,15.0,ALLOW,0,
EVT_05210,10.0,ALLOW,0,
EVT_05211,10.0,ALLOW,0,
EVT_05212,10.0,ALLOW,0,
EVT_05213,10.0,ALLOW,0,
EVT_05214,10.0,ALLOW,0,
EVT_05215,40.0,ALLOW,0,
EVT_05216,30.0,ALLOW,0,
EVT_05217,10.0,ALLOW,0,
EVT_05218,25.0,ALLOW,0,
EVT_05219,25.0,ALLOW,0,
EVT_05220,40.0,ALLOW,0,
EVT_05221,10.0,ALLOW,0,
EVT_05222,15.0,ALLOW,0,
EVT_05223,10.0,ALLOW,0,
EVT_05224,25.0,ALLOW,0,
EVT_05225,40.0,ALLOW,0,
EVT_05226,25.0,ALLOW,0,
EVT_05227,10.0,ALLOW,0,
EVT_05228,10.0,ALLOW,0,
EVT_05229,10.0,ALLOW,0,
EVT_05230,10.0,ALLOW,0,
EVT_05231,25.0,ALLOW,0,
EVT_05232,80.0,BLOCK,1,New_Device_Sensitive
EVT_05233,10.0,ALLOW,0,
EVT_05234,25.0,ALLOW,0,
EVT_05235,35.0,ALLOW,0,
EVT_05236,10.0,ALLOW,0,
EVT_05237,25.0,ALLOW,1,Unusual_Resource_Access
EVT_05238,25.0,ALLOW,0,
EVT_05239,25.0,ALLOW,0,
EVT_05240,10.0,ALLOW,0,
EVT_05241,30.0,ALLOW,0,
EVT_05242,25.0,ALLOW,0,
EVT_05243,10.0,ALLOW,0,
EVT_05244,10.0,ALLOW,0,
EVT_05245,10.0,ALLOW,0,
EVT_05246,10.0,ALLOW,0,
EVT_05247,30.0,ALLOW,0,
EVT_05248,30.0,ALLOW,0,
EVT_05249,30.0,ALLOW,0,
EVT_05250,10.0,ALLOW,0,
EVT_05251,45.0,CHALLENGE,1,Impossible_Travel
EVT_05252,15.0,ALLOW,0,
EVT_05253,25.0,ALLOW,0,
EVT_05254,25.0,ALLOW,0,
EVT_05255,25.0,ALLOW,0,
EVT_05256,10.0,ALLOW,0,
EVT_05257,10.0,ALLOW,0,
EVT_05258,25.0,ALLOW,0,
EVT_05259,25.0,ALLOW,0,
EVT_05260,15.0,ALLOW,0,
EVT_05261,10.0,ALLOW,0,
EVT_05262,25.0,ALLOW,0,
EVT_05263,25.0,ALLOW,0,
EVT_05264,35.0,ALLOW,0,
EVT_05265,20.0,ALLOW,0,
EVT_05266,10.0,ALLOW,0,
EVT_05267,10.0,ALLOW,0,
EVT_05268,10.0,ALLOW,0,
EVT_05269,50.0,CHALLENGE,0,
EVT_05270,45.0,CHALLENGE,0,
EVT_05271,10.0,ALLOW,0,
EVT_05272,10.0,ALLOW,0,
EVT_05273,10.0,ALLOW,0,
EVT_05274,30.0,ALLOW,0,
EVT_05275,10.0,ALLOW,0,
EVT_05276,10.0,ALLOW,0,
EVT_05277,10.0,ALLOW,0,
EVT_05278,75.0,BLOCK,0,
EVT_05279,35.0,ALLOW,0,
EVT_05280,10.0,ALLOW,0,
EVT_05281,30.0,ALLOW,0,
EVT_05282,10.0,ALLOW,0,
EVT_05283,15.0,ALLOW,0,
EVT_05284,30.0,ALLOW,0,
EVT_05285,15.0,ALLOW,0,
EVT_05286,10.0,ALLOW,0,
EVT_05287,10.0,ALLOW,0,
EVT_05288,85.0,BLOCK,1,New_Device_Sensitive
EVT_05289,30.0,ALLOW,0,
EVT_05290,40.0,ALLOW,0,
EVT_05291,20.0,ALLOW,0,
EVT_05292,10.0,ALLOW,0,
EVT_05293,10.0,ALLOW,0,
EVT_05294,30.0,ALLOW,0,
EVT_05295,10.0,ALLOW,0,
EVT_05296,10.0,ALLOW,0,
EVT_05297,15.0,ALLOW,0,
EVT_05298,25.0,ALLOW,0,
EVT_05299,10.0,ALLOW,0,
EVT_05300,30.0,ALLOW,0,
EVT_05301,35.0,ALLOW,0,
EVT_05302,25.0,ALLOW,0,
EVT_05303,35.0,ALLOW,1,Unusual_Resource_Access
EVT_05304,10.0,ALLOW,0,
EVT_05305,35.0,ALLOW,0,
EVT_05306,10.0,ALLOW,0,
EVT_05307,25.0,ALLOW,0,
EVT_05308,70.0,CHALLENGE,1,New_Device_Sensitive
EVT_05309,70.0,CHALLENGE,1,Impossible_Travel
EVT_05310,10.0,ALLOW,0,
EVT_05311,10.0,ALLOW,0,
EVT_05312,10.0,ALLOW,0,
EVT_05313,10.0,ALLOW,0,
EVT_05314,45.0,CHALLENGE,1,Impossible_Travel
EVT_05315,10.0,ALLOW,0,
EVT_05316,10.0,ALLOW,0,
EVT_05317,70.0,CHALLENGE,1,Privilege_Escalation
EVT_05318,70.0,CHALLENGE,1,Privilege_Escalation
EVT_05319,70.0,CHALLENGE,1,Privilege_Escalation
EVT_05320,70.0,CHALLENGE,1,Privilege_Escalation
EVT_05321,70.0,CHALLENGE,1,Privilege_Escalation
EVT_05322,60.0,CHALLENGE,1,Privilege_Escalation
EVT_05323,25.0,ALLOW,1,Unusual_Resource_Access
EVT_05324,10.0,ALLOW,0,
EVT_05325,10.0,ALLOW,0,
EVT_05326,10.0,ALLOW,0,
EVT_05327,25.0,ALLOW,1,Unusual_Resource_Access
EVT_05328,25.0,ALLOW,0,
EVT_05329,45.0,CHALLENGE,0,
EVT_05330,25.0,ALLOW,0,
EVT_05331,35.0,ALLOW,1,Unusual_Resource_Access
EVT_05332,10.0,ALLOW,0,
EVT_05333,25.0,ALLOW,0,
EVT_05334,10.0,ALLOW,0,
EVT_05335,10.0,ALLOW,0,
EVT_05336,10.0,ALLOW,0,
EVT_05337,95.0,BLOCK,1,New_Device_Sensitive
EVT_05338,25.0,ALLOW,0,
EVT_05339,15.0,ALLOW,0,
EVT_05340,10.0,ALLOW,0,
EVT_05341,10.0,ALLOW,0,
EVT_05342,10.0,ALLOW,0,
EVT_05343,10.0,ALLOW,0,
EVT_05344,15.0,ALLOW,0,
EVT_05345,15.0,ALLOW,0,
EVT_05346,45.0,CHALLENGE,0,
EVT_05347,30.0,ALLOW,0,
EVT_05348,10.0,ALLOW,0,
EVT_05349,10.0,ALLOW,0,
EVT_05350,15.0,ALLOW,0,
EVT_05351,25.0,ALLOW,0,
EVT_05352,35.0,ALLOW,0,
EVT_05353,10.0,ALLOW,0,
EVT_05354,10.0,ALLOW,0,
EVT_05355,10.0,ALLOW,0,
EVT_05356,15.0,ALLOW,0,
EVT_05357,10.0,ALLOW,0,
EVT_05358,10.0,ALLOW,0,
EVT_05359,10.0,ALLOW,0,
EVT_05360,45.0,CHALLENGE,0,
EVT_05361,45.0,CHALLENGE,0,
EVT_05362,10.0,ALLOW,0,
EVT_05363,35.0,ALLOW,0,
EVT_05364,10.0,ALLOW,0,
EVT_05365,10.0,ALLOW,0,
EVT_05366,10.0,ALLOW,0,
EVT_05367,25.0,ALLOW,0,
EVT_05368,10.0,ALLOW,0,
EVT_05369,10.0,ALLOW,0,
EVT_05370,10.0,ALLOW,0,
EVT_05371,10.0,ALLOW,0,
EVT_05372,10.0,ALLOW,0,
EVT_05373,10.0,ALLOW,0,
EVT_05374,25.0,ALLOW,0,
EVT_05375,10.0,ALLOW,0,
EVT_05376,15.0,ALLOW,0,
EVT_05377,10.0,ALLOW,0,
EVT_05378,10.0,ALLOW,0,
EVT_05379,45.0,CHALLENGE,0,
EVT_05380,10.0,ALLOW,0,
EVT_05381,10.0,ALLOW,0,
EVT_05382,10.0,ALLOW,0,
EVT_05383,10.0,ALLOW,0,
EVT_05384,10.0,ALLOW,0,
EVT_05385,10.0,ALLOW,0,
EVT_05386,15.0,ALLOW,0,
EVT_05387,10.0,ALLOW,0,
EVT_05388,10.0,ALLOW,0,
EVT_05389,10.0,ALLOW,0,
EVT_05390,25.0,ALLOW,0,
EVT_05391,10.0,ALLOW,0,
EVT_05392,25.0,ALLOW,0,
EVT_05393,10.0,ALLOW,0,
EVT_05394,10.0,ALLOW,0,
EVT_05395,25.0,ALLOW,0,
EVT_05396,10.0,ALLOW,0,
EVT_05397,25.0,ALLOW,0,
EVT_05398,10.0,ALLOW,0,
EVT_05399,10.0,ALLOW,0,
EVT_05400,15.0,ALLOW,0,
EVT_05401,25.0,ALLOW,0,
EVT_05402,10.0,ALLOW,0,
EVT_05403,10.0,ALLOW,0,
EVT_05404,10.0,ALLOW,0,
EVT_05405,10.0,ALLOW,0,
EVT_05406,15.0,ALLOW,0,
EVT_05407,10.0,ALLOW,0,
EVT_05408,25.0,ALLOW,0,
EVT_05409,10.0,ALLOW,0,
EVT_05410,10.0,ALLOW,0,
EVT_05411,10.0,ALLOW,0,
EVT_05412,25.0,ALLOW,0,
EVT_05413,10.0,ALLOW,0,
EVT_05414,10.0,ALLOW,0,
EVT_05415,25.0,ALLOW,0,
EVT_05416,10.0,ALLOW,0,
EVT_05417,10.0,ALLOW,0,
EVT_05418,25.0,ALLOW,0,
EVT_05419,10.0,ALLOW,0,
EVT_05420,15.0,ALLOW,0,
EVT_05421,15.0,ALLOW,0,
EVT_05422,10.0,ALLOW,0,
EVT_05423,25.0,ALLOW,0,
EVT_05424,25.0,ALLOW,0,
EVT_05425,35.0,ALLOW,0,
EVT_05426,10.0,ALLOW,0,
EVT_05427,10.0,ALLOW,0,
EVT_05428,10.0,ALLOW,0,
EVT_05429,15.0,ALLOW,0,
EVT_05430,25.0,ALLOW,0,
EVT_05431,15.0,ALLOW,0,
EVT_05432,10.0,ALLOW,0,
EVT_05433,75.0,BLOCK,1,Off_Hours_Privileged
EVT_05434,75.0,BLOCK,1,Off_Hours_Privileged
EVT_05435,75.0,BLOCK,1,Off_Hours_Privileged
EVT_05436,75.0,BLOCK,1,Off_Hours_Privileged
EVT_05437,70.0,CHALLENGE,1,Off_Hours_Privileged
EVT_05438,75.0,BLOCK,1,Off_Hours_Privileged
EVT_05439,10.0,ALLOW,0,
EVT_05440,15.0,ALLOW,0,
EVT_05441,10.0,ALLOW,0,
EVT_05442,10.0,ALLOW,0,
EVT_05443,10.0,ALLOW,0,
EVT_05444,10.0,ALLOW,0,
EVT_05445,15.0,ALLOW,0,
EVT_05446,10.0,ALLOW,0,
EVT_05447,25.0,ALLOW,0,
EVT_05448,15.0,ALLOW,0,
EVT_05449,10.0,ALLOW,0,
EVT_05450,10.0,ALLOW,0,
EVT_05451,10.0,ALLOW,0,
EVT_05452,10.0,ALLOW,0,
EVT_05453,10.0,ALLOW,0,
EVT_05454,10.0,ALLOW,0,
EVT_05455,35.0,ALLOW,0,
EVT_05456,10.0,ALLOW,0,
EVT_05457,30.0,ALLOW,0,
EVT_05458,45.0,CHALLENGE,0,
EVT_05459,10.0,ALLOW,0,
EVT_05460,10.0,ALLOW,0,
EVT_05461,60.0,CHALLENGE,0,
EVT_05462,25.0,ALLOW,0,
EVT_05463,10.0,ALLOW,0,
EVT_05464,10.0,ALLOW,0,
EVT_05465,10.0,ALLOW,0,
EVT_05466,30.0,ALLOW,0,
EVT_05467,30.0,ALLOW,0,
EVT_05468,25.0,ALLOW,0,
EVT_05469,25.0,ALLOW,0,
EVT_05470,35.0,ALLOW,0,
EVT_05471,10.0,ALLOW,0,
EVT_05472,10.0,ALLOW,0,
EVT_05473,25.0,ALLOW,0,
EVT_05474,25.0,ALLOW,0,
EVT_05475,10.0,ALLOW,0,
EVT_05476,25.0,ALLOW,0,
EVT_05477,25.0,ALLOW,0,
EVT_05478,10.0,ALLOW,0,
EVT_05479,10.0,ALLOW,0,
EVT_05480,25.0,ALLOW,0,
EVT_05481,10.0,ALLOW,0,
EVT_05482,30.0,ALLOW,0,
EVT_05483,10.0,ALLOW,0,
EVT_05484,10.0,ALLOW,0,
EVT_05485,15.0,ALLOW,0,
EVT_05486,10.0,ALLOW,0,
EVT_05487,25.0,ALLOW,0,
EVT_05488,10.0,ALLOW,0,
EVT_05489,25.0,ALLOW,0,
EVT_05490,15.0,ALLOW,0,
EVT_05491,25.0,ALLOW,0,
EVT_05492,10.0,ALLOW,0,
EVT_05493,25.0,ALLOW,0,
EVT_05494,10.0,ALLOW,0,
EVT_05495,10.0,ALLOW,0,
EVT_05496,25.0,ALLOW,0,
EVT_05497,30.0,ALLOW,0,
EVT_05498,10.0,ALLOW,0,
EVT_05499,25.0,ALLOW,0,
EVT_05500,10.0,ALLOW,0,
EVT_05501,25.0,ALLOW,0,
EVT_05502,10.0,ALLOW,0,
EVT_05503,10.0,ALLOW,0,
EVT_05504,10.0,ALLOW,0,
EVT_05505,10.0,ALLOW,0,
EVT_05506,20.0,ALLOW,0,
EVT_05507,25.0,ALLOW,0,
EVT_05508,10.0,ALLOW,0,
EVT_05509,10.0,ALLOW,0,
EVT_05510,25.0,ALLOW,0,
EVT_05511,15.0,ALLOW,0,
EVT_05512,25.0,ALLOW,0,
EVT_05513,10.0,ALLOW,0,
EVT_05514,50.0,CHALLENGE,0,
EVT_05515,10.0,ALLOW,0,
EVT_05516,10.0,ALLOW,0,
EVT_05517,35.0,ALLOW,0,
EVT_05518,25.0,ALLOW,0,
EVT_05519,45.0,CHALLENGE,0,
EVT_05520,15.0,ALLOW,0,
EVT_05521,25.0,ALLOW,0,
EVT_05522,25.0,ALLOW,0,
EVT_05523,10.0,ALLOW,0,
EVT_05524,25.0,ALLOW,0,
EVT_05525,10.0,ALLOW,0,
EVT_05526,10.0,ALLOW,0,
EVT_05527,10.0,ALLOW,0,
EVT_05528,10.0,ALLOW,0,
EVT_05529,10.0,ALLOW,0,
EVT_05530,15.0,ALLOW,0,
EVT_05531,70.0,CHALLENGE,1,New_Device_Sensitive
EVT_05532,45.0,CHALLENGE,0,
EVT_05533,15.0,ALLOW,0,
EVT_05534,10.0,ALLOW,0,
EVT_05535,10.0,ALLOW,0,
EVT_05536,85.0,BLOCK,1,New_Device_Sensitive
EVT_05537,10.0,ALLOW,0,
EVT_05538,10.0,ALLOW,0,
EVT_05539,10.0,ALLOW,0,
EVT_05540,10.0,ALLOW,0,
EVT_05541,10.0,ALLOW,0,
EVT_05542,10.0,ALLOW,0,
EVT_05543,25.0,ALLOW,0,
EVT_05544,15.0,ALLOW,0,
EVT_05545,10.0,ALLOW,0,
EVT_05546,10.0,ALLOW,0,
EVT_05547,10.0,ALLOW,0,
EVT_05548,10.0,ALLOW,0,
EVT_05549,10.0,ALLOW,0,
EVT_05550,10.0,ALLOW,0,
EVT_05551,35.0,ALLOW,0,
EVT_05552,15.0,ALLOW,0,
EVT_05553,10.0,ALLOW,0,
EVT_05554,10.0,ALLOW,0,
EVT_05555,10.0,ALLOW,0,
EVT_05556,25.0,ALLOW,0,
EVT_05557,15.0,ALLOW,0,
EVT_05558,40.0,ALLOW,0,
EVT_05559,25.0,ALLOW,0,
EVT_05560,25.0,ALLOW,0,
EVT_05561,10.0,ALLOW,0,
EVT_05562,15.0,ALLOW,0,
EVT_05563,15.0,ALLOW,0,
EVT_05564,10.0,ALLOW,0,
EVT_05565,10.0,ALLOW,0,
EVT_05566,25.0,ALLOW,0,
EVT_05567,25.0,ALLOW,0,
EVT_05568,10.0,ALLOW,0,
EVT_05569,10.0,ALLOW,0,
EVT_05570,10.0,ALLOW,0,
EVT_05571,35.0,ALLOW,1,Unusual_Resource_Access
EVT_05572,15.0,ALLOW,0,
EVT_05573,10.0,ALLOW,0,
EVT_05574,10.0,ALLOW,0,
EVT_05575,25.0,ALLOW,1,Unusual_Resource_Access
EVT_05576,40.0,ALLOW,0,
EVT_05577,10.0,ALLOW,0,
EVT_05578,40.0,ALLOW,0,
EVT_05579,10.0,ALLOW,0,
EVT_05580,15.0,ALLOW,0,
EVT_05581,40.0,ALLOW,0,
EVT_05582,20.0,ALLOW,0,
EVT_05583,15.0,ALLOW,0,
EVT_05584,10.0,ALLOW,0,
EVT_05585,10.0,ALLOW,0,
EVT_05586,10.0,ALLOW,0,
EVT_05587,10.0,ALLOW,0,
EVT_05588,10.0,ALLOW,0,
EVT_05589,10.0,ALLOW,0,
EVT_05590,10.0,ALLOW,0,
EVT_05591,25.0,ALLOW,0,
EVT_05592,55.0,CHALLENGE,0,
EVT_05593,20.0,ALLOW,0,
EVT_05594,25.0,ALLOW,1,Unusual_Resource_Access
EVT_05595,45.0,CHALLENGE,1,Impossible_Travel
EVT_05596,10.0,ALLOW,0,
EVT_05597,10.0,ALLOW,0,
EVT_05598,10.0,ALLOW,0,
EVT_05599,10.0,ALLOW,0,
EVT_05600,65.0,CHALLENGE,0,
EVT_05601,45.0,CHALLENGE,0,
EVT_05602,25.0,ALLOW,0,
EVT_05603,10.0,ALLOW,0,
EVT_05604,10.0,ALLOW,0,
EVT_05605,25.0,ALLOW,0,
EVT_05606,70.0,CHALLENGE,1,Privilege_Escalation
EVT_05607,70.0,CHALLENGE,1,Privilege_Escalation
EVT_05608,70.0,CHALLENGE,1,Privilege_Escalation
EVT_05609,70.0,CHALLENGE,1,Privilege_Escalation
EVT_05610,70.0,CHALLENGE,1,Privilege_Escalation
EVT_05611,60.0,CHALLENGE,1,Privilege_Escalation
EVT_05612,40.0,ALLOW,0,
EVT_05613,10.0,ALLOW,0,
EVT_05614,10.0,ALLOW,0,
EVT_05615,10.0,ALLOW,0,
EVT_05616,45.0,CHALLENGE,0,
EVT_05617,10.0,ALLOW,0,
EVT_05618,10.0,ALLOW,0,
EVT_05619,10.0,ALLOW,0,
EVT_05620,10.0,ALLOW,0,
EVT_05621,10.0,ALLOW,0,
EVT_05622,10.0,ALLOW,0,
EVT_05623,25.0,ALLOW,0,
EVT_05624,30.0,ALLOW,0,
EVT_05625,10.0,ALLOW,0,
EVT_05626,15.0,ALLOW,0,
EVT_05627,25.0,ALLOW,0,
EVT_05628,35.0,ALLOW,0,
EVT_05629,10.0,ALLOW,0,
EVT_05630,30.0,ALLOW,0,
EVT_05631,10.0,ALLOW,0,
EVT_05632,40.0,ALLOW,0,
EVT_05633,25.0,ALLOW,0,
EVT_05634,10.0,ALLOW,0,
EVT_05635,25.0,ALLOW,0,
EVT_05636,25.0,ALLOW,0,
EVT_05637,25.0,ALLOW,0,
EVT_05638,15.0,ALLOW,0,
EVT_05639,25.0,ALLOW,0,
EVT_05640,10.0,ALLOW,0,
EVT_05641,15.0,ALLOW,0,
EVT_05642,10.0,ALLOW,0,
EVT_05643,25.0,ALLOW,0,
EVT_05644,20.0,ALLOW,0,
EVT_05645,10.0,ALLOW,0,
EVT_05646,25.0,ALLOW,0,
EVT_05647,10.0,ALLOW,0,
EVT_05648,10.0,ALLOW,0,
EVT_05649,25.0,ALLOW,0,
EVT_05650,25.0,ALLOW,0,
EVT_05651,10.0,ALLOW,0,
EVT_05652,10.0,ALLOW,0,
EVT_05653,10.0,ALLOW,0,
EVT_05654,10.0,ALLOW,0,
EVT_05655,10.0,ALLOW,0,
EVT_05656,10.0,ALLOW,0,
EVT_05657,25.0,ALLOW,0,
EVT_05658,10.0,ALLOW,0,
EVT_05659,25.0,ALLOW,0,
EVT_05660,45.0,CHALLENGE,0,
EVT_05661,10.0,ALLOW,0,
EVT_05662,10.0,ALLOW,0,
EVT_05663,10.0,ALLOW,0,
EVT_05664,10.0,ALLOW,0,
EVT_05665,35.0,ALLOW,0,
EVT_05666,25.0,ALLOW,0,
EVT_05667,10.0,ALLOW,0,
EVT_05668,10.0,ALLOW,0,
EVT_05669,10.0,ALLOW,0,
EVT_05670,10.0,ALLOW,0,
EVT_05671,10.0,ALLOW,0,
EVT_05672,15.0,ALLOW,0,
EVT_05673,25.0,ALLOW,0,
EVT_05674,10.0,ALLOW,0,
EVT_05675,15.0,ALLOW,0,
EVT_05676,15.0,ALLOW,0,
EVT_05677,15.0,ALLOW,0,
EVT_05678,10.0,ALLOW,0,
EVT_05679,10.0,ALLOW,0,
EVT_05680,45.0,CHALLENGE,1,Impossible_Travel
EVT_05681,10.0,ALLOW,0,
EVT_05682,10.0,ALLOW,0,
EVT_05683,25.0,ALLOW,1,Unusual_Resource_Access
EVT_05684,10.0,ALLOW,0,
EVT_05685,30.0,ALLOW,0,
EVT_05686,25.0,ALLOW,0,
EVT_05687,15.0,ALLOW,0,
EVT_05688,25.0,ALLOW,0,
EVT_05689,25.0,ALLOW,0,
EVT_05690,10.0,ALLOW,0,
EVT_05691,30.0,ALLOW,0,
EVT_05692,20.0,ALLOW,0,
EVT_05693,10.0,ALLOW,0,
EVT_05694,10.0,ALLOW,0,
EVT_05695,10.0,ALLOW,0,
EVT_05696,10.0,ALLOW,0,
EVT_05697,10.0,ALLOW,0,
EVT_05698,10.0,ALLOW,0,
EVT_05699,10.0,ALLOW,0,
EVT_05700,25.0,ALLOW,0,
EVT_05701,70.0,CHALLENGE,1,New_Device_Sensitive
EVT_05702,10.0,ALLOW,0,
EVT_05703,40.0,ALLOW,0,
EVT_05704,15.0,ALLOW,0,
EVT_05705,10.0,ALLOW,0,
EVT_05706,25.0,ALLOW,0,
EVT_05707,15.0,ALLOW,0,
EVT_05708,25.0,ALLOW,0,
EVT_05709,10.0,ALLOW,0,
EVT_05710,10.0,ALLOW,0,
EVT_05711,10.0,ALLOW,0,
EVT_05712,15.0,ALLOW,0,
EVT_05713,10.0,ALLOW,0,
EVT_05714,35.0,ALLOW,0,
EVT_05715,30.0,ALLOW,0,
EVT_05716,25.0,ALLOW,0,
EVT_05717,15.0,ALLOW,0,
EVT_05718,25.0,ALLOW,0,
EVT_05719,10.0,ALLOW,0,
EVT_05720,15.0,ALLOW,0,
EVT_05721,10.0,ALLOW,0,
EVT_05722,25.0,ALLOW,0,
EVT_05723,10.0,ALLOW,0,
EVT_05724,10.0,ALLOW,0,
EVT_05725,25.0,ALLOW,0,
EVT_05726,25.0,ALLOW,0,
EVT_05727,10.0,ALLOW,0,
EVT_05728,25.0,ALLOW,0,
EVT_05729,10.0,ALLOW,0,
EVT_05730,10.0,ALLOW,0,
EVT_05731,20.0,ALLOW,0,
EVT_05732,10.0,ALLOW,0,
EVT_05733,10.0,ALLOW,0,
EVT_05734,35.0,ALLOW,0,
EVT_05735,25.0,ALLOW,0,
EVT_05736,10.0,ALLOW,0,
EVT_05737,10.0,ALLOW,0,
EVT_05738,10.0,ALLOW,0,
EVT_05739,10.0,ALLOW,0,
EVT_05740,10.0,ALLOW,0,
EVT_05741,20.0,ALLOW,0,
EVT_05742,25.0,ALLOW,0,
EVT_05743,50.0,CHALLENGE,0,
EVT_05744,10.0,ALLOW,0,
EVT_05745,15.0,ALLOW,0,
EVT_05746,25.0,ALLOW,0,
EVT_05747,10.0,ALLOW,0,
EVT_05748,40.0,ALLOW,0,
EVT_05749,10.0,ALLOW,0,
EVT_05750,15.0,ALLOW,0,
EVT_05751,40.0,ALLOW,0,
EVT_05752,10.0,ALLOW,0,
EVT_05753,40.0,ALLOW,0,
EVT_05754,40.0,ALLOW,0,
EVT_05755,20.0,ALLOW,0,
EVT_05756,45.0,CHALLENGE,0,
EVT_05757,10.0,ALLOW,0,
EVT_05758,10.0,ALLOW,0,
EVT_05759,10.0,ALLOW,0,
EVT_05760,10.0,ALLOW,0,
EVT_05761,10.0,ALLOW,0,
EVT_05762,25.0,ALLOW,0,
EVT_05763,30.0,ALLOW,0,
EVT_05764,10.0,ALLOW,0,
EVT_05765,10.0,ALLOW,0,
EVT_05766,10.0,ALLOW,0,
EVT_05767,15.0,ALLOW,0,
EVT_05768,40.0,ALLOW,0,
EVT_05769,25.0,ALLOW,0,
EVT_05770,40.0,ALLOW,0,
EVT_05771,10.0,ALLOW,0,
EVT_05772,15.0,ALLOW,0,
EVT_05773,25.0,ALLOW,0,
EVT_05774,25.0,ALLOW,0,
EVT_05775,15.0,ALLOW,0,
EVT_05776,10.0,ALLOW,0,
EVT_05777,15.0,ALLOW,0,
EVT_05778,25.0,ALLOW,0,
EVT_05779,10.0,ALLOW,0,
EVT_05780,10.0,ALLOW,0,
EVT_05781,25.0,ALLOW,0,
EVT_05782,35.0,ALLOW,0,
EVT_05783,15.0,ALLOW,0,
EVT_05784,10.0,ALLOW,0,
EVT_05785,15.0,ALLOW,0,
EVT_05786,10.0,ALLOW,0,
EVT_05787,25.0,ALLOW,0,
EVT_05788,25.0,ALLOW,0,
EVT_05789,30.0,ALLOW,0,
EVT_05790,10.0,ALLOW,0,
EVT_05791,10.0,ALLOW,0,
EVT_05792,40.0,ALLOW,0,
EVT_05793,25.0,ALLOW,0,
EVT_05794,10.0,ALLOW,0,
EVT_05795,10.0,ALLOW,0,
EVT_05796,25.0,ALLOW,0,
EVT_05797,10.0,ALLOW,0,
EVT_05798,25.0,ALLOW,0,
EVT_05799,15.0,ALLOW,0,
EVT_05800,35.0,ALLOW,0,
EVT_05801,15.0,ALLOW,0,
EVT_05802,40.0,ALLOW,0,
EVT_05803,25.0,ALLOW,0,
EVT_05804,10.0,ALLOW,0,
EVT_05805,35.0,ALLOW,0,
EVT_05806,95.0,BLOCK,1,New_Device_Sensitive
EVT_05807,10.0,ALLOW,0,
EVT_05808,15.0,ALLOW,0,
EVT_05809,10.0,ALLOW,0,
EVT_05810,25.0,ALLOW,0,
EVT_05811,40.0,ALLOW,0,
EVT_05812,50.0,CHALLENGE,0,
EVT_05813,10.0,ALLOW,0,
EVT_05814,30.0,ALLOW,0,
EVT_05815,25.0,ALLOW,0,
EVT_05816,10.0,ALLOW,0,
EVT_05817,30.0,ALLOW,0,
EVT_05818,10.0,ALLOW,0,
EVT_05819,25.0,ALLOW,0,
EVT_05820,25.0,ALLOW,0,
EVT_05821,10.0,ALLOW,0,
EVT_05822,25.0,ALLOW,0,
EVT_05823,35.0,ALLOW,0,
EVT_05824,25.0,ALLOW,0,
EVT_05825,25.0,ALLOW,0,
EVT_05826,10.0,ALLOW,0,
EVT_05827,25.0,ALLOW,0,
EVT_05828,25.0,ALLOW,1,Unusual_Resource_Access
EVT_05829,30.0,ALLOW,0,
EVT_05830,50.0,CHALLENGE,0,
EVT_05831,15.0,ALLOW,0,
EVT_05832,10.0,ALLOW,0,
EVT_05833,10.0,ALLOW,0,
EVT_05834,45.0,CHALLENGE,0,
EVT_05835,80.0,BLOCK,1,Privilege_Escalation
EVT_05836,80.0,BLOCK,1,Privilege_Escalation
EVT_05837,65.0,CHALLENGE,0,
EVT_05838,80.0,BLOCK,1,Privilege_Escalation
EVT_05839,80.0,BLOCK,1,Privilege_Escalation
EVT_05840,80.0,BLOCK,1,Privilege_Escalation
EVT_05841,70.0,CHALLENGE,1,Privilege_Escalation
EVT_05842,10.0,ALLOW,0,
EVT_05843,25.0,ALLOW,0,
EVT_05844,25.0,ALLOW,0,
EVT_05845,10.0,ALLOW,0,
EVT_05846,10.0,ALLOW,0,
EVT_05847,10.0,ALLOW,0,
EVT_05848,10.0,ALLOW,0,
EVT_05849,10.0,ALLOW,0,
EVT_05850,15.0,ALLOW,0,
EVT_05851,30.0,ALLOW,0,
EVT_05852,45.0,CHALLENGE,0,
EVT_05853,10.0,ALLOW,0,
EVT_05854,10.0,ALLOW,0,
EVT_05855,10.0,ALLOW,0,
EVT_05856,10.0,ALLOW,0,
EVT_05857,10.0,ALLOW,0,
EVT_05858,10.0,ALLOW,0,
EVT_05859,15.0,ALLOW,0,
EVT_05860,10.0,ALLOW,0,
EVT_05861,25.0,ALLOW,0,
EVT_05862,15.0,ALLOW,0,
EVT_05863,10.0,ALLOW,0,
EVT_05864,10.0,ALLOW,0,
EVT_05865,15.0,ALLOW,0,
EVT_05866,40.0,ALLOW,0,
EVT_05867,15.0,ALLOW,0,
EVT_05868,10.0,ALLOW,0,
EVT_05869,10.0,ALLOW,0,
EVT_05870,25.0,ALLOW,0,
EVT_05871,10.0,ALLOW,0,
EVT_05872,25.0,ALLOW,0,
EVT_05873,10.0,ALLOW,0,
EVT_05874,10.0,ALLOW,0,
EVT_05875,10.0,ALLOW,0,
EVT_05876,20.0,ALLOW,0,
EVT_05877,15.0,ALLOW,0,
EVT_05878,25.0,ALLOW,0,
EVT_05879,25.0,ALLOW,0,
EVT_05880,20.0,ALLOW,0,
EVT_05881,15.0,ALLOW,0,
EVT_05882,10.0,ALLOW,0,
EVT_05883,25.0,ALLOW,0,
EVT_05884,10.0,ALLOW,0,
EVT_05885,25.0,ALLOW,0,
EVT_05886,45.0,CHALLENGE,1,Impossible_Travel
EVT_05887,10.0,ALLOW,0,
EVT_05888,10.0,ALLOW,0,
EVT_05889,25.0,ALLOW,0,
EVT_05890,25.0,ALLOW,0,
EVT_05891,15.0,ALLOW,0,
EVT_05892,10.0,ALLOW,0,
EVT_05893,10.0,ALLOW,0,
EVT_05894,15.0,ALLOW,0,
EVT_05895,10.0,ALLOW,0,
EVT_05896,10.0,ALLOW,0,
EVT_05897,25.0,ALLOW,0,
EVT_05898,10.0,ALLOW,0,
EVT_05899,30.0,ALLOW,0,
EVT_05900,25.0,ALLOW,0,
EVT_05901,25.0,ALLOW,0,
EVT_05902,35.0,ALLOW,0,
EVT_05903,40.0,ALLOW,0,
EVT_05904,40.0,ALLOW,0,
EVT_05905,10.0,ALLOW,0,
EVT_05906,25.0,ALLOW,1,Unusual_Resource_Access
EVT_05907,10.0,ALLOW,0,
EVT_05908,10.0,ALLOW,0,
EVT_05909,10.0,ALLOW,0,
EVT_05910,10.0,ALLOW,0,
EVT_05911,70.0,CHALLENGE,1,New_Device_Sensitive
EVT_05912,10.0,ALLOW,0,
EVT_05913,15.0,ALLOW,0,
EVT_05914,25.0,ALLOW,0,
EVT_05915,25.0,ALLOW,0,
EVT_05916,10.0,ALLOW,0,
EVT_05917,10.0,ALLOW,0,
EVT_05918,10.0,ALLOW,0,
EVT_05919,10.0,ALLOW,0,
EVT_05920,25.0,ALLOW,0,
EVT_05921,10.0,ALLOW,0,
EVT_05922,25.0,ALLOW,0,
EVT_05923,30.0,ALLOW,0,
EVT_05924,10.0,ALLOW,0,
EVT_05925,10.0,ALLOW,0,
EVT_05926,10.0,ALLOW,0,
EVT_05927,10.0,ALLOW,0,
EVT_05928,35.0,ALLOW,0,
EVT_05929,20.0,ALLOW,0,
EVT_05930,10.0,ALLOW,0,
EVT_05931,10.0,ALLOW,0,
EVT_05932,15.0,ALLOW,0,
EVT_05933,10.0,ALLOW,0,
EVT_05934,10.0,ALLOW,0,
EVT_05935,10.0,ALLOW,0,
EVT_05936,45.0,CHALLENGE,0,
EVT_05937,10.0,ALLOW,0,
EVT_05938,50.0,CHALLENGE,0,
EVT_05939,10.0,ALLOW,0,
EVT_05940,15.0,ALLOW,0,
EVT_05941,15.0,ALLOW,0,
EVT_05942,10.0,ALLOW,0,
EVT_05943,25.0,ALLOW,0,
EVT_05944,25.0,ALLOW,0,
EVT_05945,10.0,ALLOW,0,
EVT_05946,35.0,ALLOW,0,
EVT_05947,25.0,ALLOW,0,
EVT_05948,10.0,ALLOW,0,
EVT_05949,10.0,ALLOW,0,
EVT_05950,10.0,ALLOW,0,
EVT_05951,10.0,ALLOW,0,
EVT_05952,10.0,ALLOW,0,
EVT_05953,25.0,ALLOW,0,
EVT_05954,25.0,ALLOW,0,
EVT_05955,25.0,ALLOW,0,
EVT_05956,10.0,ALLOW,0,
EVT_05957,25.0,ALLOW,0,
EVT_05958,35.0,ALLOW,0,
EVT_05959,25.0,ALLOW,0,
EVT_05960,15.0,ALLOW,0,
EVT_05961,10.0,ALLOW,0,
EVT_05962,10.0,ALLOW,0,
EVT_05963,25.0,ALLOW,0,
EVT_05964,10.0,ALLOW,0,
EVT_05965,10.0,ALLOW,0,
EVT_05966,30.0,ALLOW,0,
EVT_05967,30.0,ALLOW,0,
EVT_05968,10.0,ALLOW,0,
EVT_05969,10.0,ALLOW,0,
EVT_05970,25.0,ALLOW,0,
EVT_05971,10.0,ALLOW,0,
EVT_05972,10.0,ALLOW,0,
EVT_05973,25.0,ALLOW,0,
EVT_05974,10.0,ALLOW,0,
EVT_05975,20.0,ALLOW,0,
EVT_05976,15.0,ALLOW,0,
EVT_05977,25.0,ALLOW,0,
EVT_05978,10.0,ALLOW,0,
EVT_05979,25.0,ALLOW,0,
EVT_05980,25.0,ALLOW,0,
EVT_05981,10.0,ALLOW,0,
EVT_05982,40.0,ALLOW,0,
EVT_05983,10.0,ALLOW,0,
EVT_05984,40.0,ALLOW,0,
EVT_05985,10.0,ALLOW,0,
EVT_05986,40.0,ALLOW,0,
EVT_05987,15.0,ALLOW,0,
EVT_05988,25.0,ALLOW,0,
EVT_05989,10.0,ALLOW,0,
EVT_05990,15.0,ALLOW,0,
EVT_05991,10.0,ALLOW,0,
EVT_05992,10.0,ALLOW,0,
EVT_05993,25.0,ALLOW,0,
EVT_05994,10.0,ALLOW,0,
EVT_05995,10.0,ALLOW,0,
EVT_05996,15.0,ALLOW,0,
EVT_05997,15.0,ALLOW,0,
EVT_05998,10.0,ALLOW,0,
EVT_05999,15.0,ALLOW,0,
EVT_06000,10.0,ALLOW,0,
EVT_06001,10.0,ALLOW,0,
EVT_06002,25.0,ALLOW,0,
EVT_06003,10.0,ALLOW,0,
EVT_06004,10.0,ALLOW,0,
EVT_06005,25.0,ALLOW,0,
EVT_06006,10.0,ALLOW,0,
EVT_06007,25.0,ALLOW,0,
EVT_06008,10.0,ALLOW,0,
EVT_06009,30.0,ALLOW,0,
EVT_06010,10.0,ALLOW,0,
EVT_06011,15.0,ALLOW,0,
EVT_06012,30.0,ALLOW,0,
EVT_06013,10.0,ALLOW,0,
EVT_06014,10.0,ALLOW,0,
EVT_06015,50.0,CHALLENGE,0,
EVT_06016,15.0,ALLOW,0,
EVT_06017,25.0,ALLOW,0,
EVT_06018,10.0,ALLOW,0,
EVT_06019,10.0,ALLOW,0,
EVT_06020,10.0,ALLOW,0,
EVT_06021,30.0,ALLOW,0,
EVT_06022,15.0,ALLOW,0,
EVT_06023,10.0,ALLOW,0,
EVT_06024,25.0,ALLOW,0,
EVT_06025,25.0,ALLOW,0,
EVT_06026,10.0,ALLOW,0,
EVT_06027,10.0,ALLOW,0,
EVT_06028,30.0,ALLOW,0,
EVT_06029,25.0,ALLOW,0,
EVT_06030,10.0,ALLOW,0,
EVT_06031,25.0,ALLOW,0,
EVT_06032,25.0,ALLOW,0,
EVT_06033,10.0,ALLOW,0,
EVT_06034,10.0,ALLOW,0,
EVT_06035,10.0,ALLOW,0,
EVT_06036,25.0,ALLOW,0,
EVT_06037,45.0,CHALLENGE,0,
EVT_06038,30.0,ALLOW,0,
EVT_06039,10.0,ALLOW,0,
EVT_06040,15.0,ALLOW,0,
EVT_06041,25.0,ALLOW,0,
EVT_06042,20.0,ALLOW,0,
EVT_06043,25.0,ALLOW,0,
EVT_06044,10.0,ALLOW,0,
EVT_06045,10.0,ALLOW,0,
EVT_06046,45.0,CHALLENGE,0,
EVT_06047,25.0,ALLOW,0,
EVT_06048,10.0,ALLOW,0,
EVT_06049,25.0,ALLOW,0,
EVT_06050,10.0,ALLOW,0,
EVT_06051,30.0,ALLOW,0,
EVT_06052,15.0,ALLOW,0,
EVT_06053,10.0,ALLOW,0,
EVT_06054,25.0,ALLOW,0,
EVT_06055,10.0,ALLOW,0,
EVT_06056,10.0,ALLOW,0,
EVT_06057,40.0,ALLOW,0,
EVT_06058,15.0,ALLOW,0,
EVT_06059,25.0,ALLOW,0,
EVT_06060,10.0,ALLOW,0,
EVT_06061,25.0,ALLOW,0,
EVT_06062,10.0,ALLOW,0,
EVT_06063,10.0,ALLOW,0,
EVT_06064,25.0,ALLOW,0,
EVT_06065,10.0,ALLOW,0,
EVT_06066,10.0,ALLOW,0,
EVT_06067,30.0,ALLOW,0,
EVT_06068,25.0,ALLOW,0,
EVT_06069,25.0,ALLOW,0,
EVT_06070,10.0,ALLOW,0,
EVT_06071,10.0,ALLOW,0,
EVT_06072,10.0,ALLOW,0,
EVT_06073,10.0,ALLOW,0,
EVT_06074,25.0,ALLOW,0,
EVT_06075,15.0,ALLOW,0,
EVT_06076,30.0,ALLOW,0,
EVT_06077,10.0,ALLOW,0,
EVT_06078,10.0,ALLOW,0,
EVT_06079,45.0,CHALLENGE,0,
EVT_06080,10.0,ALLOW,0,
EVT_06081,10.0,ALLOW,0,
EVT_06082,15.0,ALLOW,0,
EVT_06083,10.0,ALLOW,0,
EVT_06084,10.0,ALLOW,0,
EVT_06085,10.0,ALLOW,0,
EVT_06086,10.0,ALLOW,0,
EVT_06087,10.0,ALLOW,0,
EVT_06088,30.0,ALLOW,0,
EVT_06089,10.0,ALLOW,0,
EVT_06090,45.0,CHALLENGE,0,
EVT_06091,10.0,ALLOW,0,
EVT_06092,10.0,ALLOW,0,
EVT_06093,10.0,ALLOW,0,
EVT_06094,10.0,ALLOW,0,
EVT_06095,10.0,ALLOW,0,
EVT_06096,20.0,ALLOW,0,
EVT_06097,25.0,ALLOW,0,
EVT_06098,25.0,ALLOW,0,
EVT_06099,10.0,ALLOW,0,
EVT_06100,10.0,ALLOW,0,
EVT_06101,40.0,ALLOW,0,
EVT_06102,10.0,ALLOW,0,
EVT_06103,25.0,ALLOW,0,
EVT_06104,10.0,ALLOW,0,
EVT_06105,15.0,ALLOW,0,
EVT_06106,45.0,CHALLENGE,1,Impossible_Travel
EVT_06107,25.0,ALLOW,0,
EVT_06108,25.0,ALLOW,0,
EVT_06109,25.0,ALLOW,0,
EVT_06110,15.0,ALLOW,0,
EVT_06111,10.0,ALLOW,0,
EVT_06112,10.0,ALLOW,0,
EVT_06113,35.0,ALLOW,0,
EVT_06114,25.0,ALLOW,0,
EVT_06115,10.0,ALLOW,0,
EVT_06116,40.0,ALLOW,0,
EVT_06117,10.0,ALLOW,0,
EVT_06118,10.0,ALLOW,0,
EVT_06119,10.0,ALLOW,0,
EVT_06120,10.0,ALLOW,0,
EVT_06121,10.0,ALLOW,0,
EVT_06122,10.0,ALLOW,0,
EVT_06123,10.0,ALLOW,0,
EVT_06124,40.0,ALLOW,0,
EVT_06125,45.0,CHALLENGE,0,
EVT_06126,25.0,ALLOW,0,
EVT_06127,10.0,ALLOW,0,
EVT_06128,25.0,ALLOW,0,
EVT_06129,80.0,BLOCK,1,Privilege_Escalation
EVT_06130,10.0,ALLOW,0,
EVT_06131,25.0,ALLOW,0,
EVT_06132,80.0,BLOCK,1,Privilege_Escalation
EVT_06133,10.0,ALLOW,0,
EVT_06134,80.0,BLOCK,1,Privilege_Escalation
EVT_06135,80.0,BLOCK,1,Privilege_Escalation
EVT_06136,80.0,BLOCK,1,Privilege_Escalation
EVT_06137,70.0,CHALLENGE,1,Privilege_Escalation
EVT_06138,45.0,CHALLENGE,0,
EVT_06139,15.0,ALLOW,0,
EVT_06140,35.0,ALLOW,0,
EVT_06141,25.0,ALLOW,0,
EVT_06142,25.0,ALLOW,0,
EVT_06143,25.0,ALLOW,0,
EVT_06144,10.0,ALLOW,0,
EVT_06145,10.0,ALLOW,0,
EVT_06146,10.0,ALLOW,0,
EVT_06147,15.0,ALLOW,0,
EVT_06148,10.0,ALLOW,0,
EVT_06149,30.0,ALLOW,0,
EVT_06150,15.0,ALLOW,0,
EVT_06151,10.0,ALLOW,0,
EVT_06152,10.0,ALLOW,0,
EVT_06153,25.0,ALLOW,0,
EVT_06154,10.0,ALLOW,0,
EVT_06155,10.0,ALLOW,0,
EVT_06156,10.0,ALLOW,0,
EVT_06157,10.0,ALLOW,0,
EVT_06158,20.0,ALLOW,0,
EVT_06159,35.0,ALLOW,0,
EVT_06160,10.0,ALLOW,0,
EVT_06161,25.0,ALLOW,0,
EVT_06162,30.0,ALLOW,0,
EVT_06163,30.0,ALLOW,0,
EVT_06164,10.0,ALLOW,0,
EVT_06165,30.0,ALLOW,0,
EVT_06166,10.0,ALLOW,0,
EVT_06167,25.0,ALLOW,0,
EVT_06168,25.0,ALLOW,0,
EVT_06169,10.0,ALLOW,0,
EVT_06170,25.0,ALLOW,0,
EVT_06171,25.0,ALLOW,0,
EVT_06172,25.0,ALLOW,0,
EVT_06173,15.0,ALLOW,0,
EVT_06174,10.0,ALLOW,0,
EVT_06175,10.0,ALLOW,0,
EVT_06176,10.0,ALLOW,0,
EVT_06177,10.0,ALLOW,0,
EVT_06178,10.0,ALLOW,0,
EVT_06179,10.0,ALLOW,0,
EVT_06180,45.0,CHALLENGE,0,
EVT_06181,50.0,CHALLENGE,0,
EVT_06182,10.0,ALLOW,0,
EVT_06183,10.0,ALLOW,0,
EVT_06184,70.0,CHALLENGE,0,
EVT_06185,10.0,ALLOW,0,
EVT_06186,10.0,ALLOW,0,
EVT_06187,15.0,ALLOW,0,
EVT_06188,25.0,ALLOW,0,
EVT_06189,10.0,ALLOW,0,
EVT_06190,10.0,ALLOW,0,
EVT_06191,50.0,CHALLENGE,0,
EVT_06192,10.0,ALLOW,0,
EVT_06193,10.0,ALLOW,0,
EVT_06194,15.0,ALLOW,0,
EVT_06195,35.0,ALLOW,0,
EVT_06196,10.0,ALLOW,0,
EVT_06197,25.0,ALLOW,0,
EVT_06198,10.0,ALLOW,0,
EVT_06199,10.0,ALLOW,0,
EVT_06200,40.0,ALLOW,0,
EVT_06201,10.0,ALLOW,0,
EVT_06202,10.0,ALLOW,0,
EVT_06203,10.0,ALLOW,0,
EVT_06204,25.0,ALLOW,0,
EVT_06205,25.0,ALLOW,0,
EVT_06206,30.0,ALLOW,0,
EVT_06207,10.0,ALLOW,0,
EVT_06208,35.0,ALLOW,0,
EVT_06209,15.0,ALLOW,0,
EVT_06210,10.0,ALLOW,0,
EVT_06211,15.0,ALLOW,0,
EVT_06212,25.0,ALLOW,0,
EVT_06213,10.0,ALLOW,0,
EVT_06214,15.0,ALLOW,0,
EVT_06215,25.0,ALLOW,0,
EVT_06216,40.0,ALLOW,0,
EVT_06217,30.0,ALLOW,0,
EVT_06218,10.0,ALLOW,0,
EVT_06219,10.0,ALLOW,0,
EVT_06220,10.0,ALLOW,0,
EVT_06221,15.0,ALLOW,0,
EVT_06222,85.0,BLOCK,1,New_Device_Sensitive
EVT_06223,25.0,ALLOW,0,
EVT_06224,80.0,BLOCK,1,New_Device_Sensitive
EVT_06225,25.0,ALLOW,0,
EVT_06226,25.0,ALLOW,0,
EVT_06227,15.0,ALLOW,0,
EVT_06228,25.0,ALLOW,0,
EVT_06229,15.0,ALLOW,0,
EVT_06230,10.0,ALLOW,0,
EVT_06231,45.0,CHALLENGE,0,
EVT_06232,10.0,ALLOW,0,
EVT_06233,10.0,ALLOW,0,
EVT_06234,35.0,ALLOW,0,
EVT_06235,25.0,ALLOW,0,
EVT_06236,35.0,ALLOW,0,
EVT_06237,15.0,ALLOW,0,
EVT_06238,25.0,ALLOW,0,
EVT_06239,40.0,ALLOW,0,
EVT_06240,55.0,CHALLENGE,0,
EVT_06241,25.0,ALLOW,0,
EVT_06242,15.0,ALLOW,0,
EVT_06243,10.0,ALLOW,0,
EVT_06244,15.0,ALLOW,0,
EVT_06245,10.0,ALLOW,0,
EVT_06246,25.0,ALLOW,0,
EVT_06247,25.0,ALLOW,0,
EVT_06248,10.0,ALLOW,0,
EVT_06249,10.0,ALLOW,0,
EVT_06250,30.0,ALLOW,0,
EVT_06251,25.0,ALLOW,0,
EVT_06252,15.0,ALLOW,0,
EVT_06253,25.0,ALLOW,0,
EVT_06254,40.0,ALLOW,0,
EVT_06255,10.0,ALLOW,0,
EVT_06256,10.0,ALLOW,0,
EVT_06257,20.0,ALLOW,0,
EVT_06258,15.0,ALLOW,0,
EVT_06259,25.0,ALLOW,0,
EVT_06260,10.0,ALLOW,0,
EVT_06261,20.0,ALLOW,0,
EVT_06262,45.0,CHALLENGE,0,
EVT_06263,10.0,ALLOW,0,
EVT_06264,25.0,ALLOW,0,
EVT_06265,25.0,ALLOW,0,
EVT_06266,10.0,ALLOW,0,
EVT_06267,25.0,ALLOW,0,
EVT_06268,10.0,ALLOW,0,
EVT_06269,10.0,ALLOW,0,
EVT_06270,60.0,CHALLENGE,0,
EVT_06271,10.0,ALLOW,0,
EVT_06272,70.0,CHALLENGE,1,Privilege_Escalation
EVT_06273,70.0,CHALLENGE,1,Privilege_Escalation
EVT_06274,70.0,CHALLENGE,1,Privilege_Escalation
EVT_06275,70.0,CHALLENGE,1,Privilege_Escalation
EVT_06276,10.0,ALLOW,0,
EVT_06277,70.0,CHALLENGE,1,Privilege_Escalation
EVT_06278,60.0,CHALLENGE,1,Privilege_Escalation
EVT_06279,10.0,ALLOW,0,
EVT_06280,45.0,CHALLENGE,0,
EVT_06281,30.0,ALLOW,0,
EVT_06282,10.0,ALLOW,0,
EVT_06283,95.0,BLOCK,1,New_Device_Sensitive
EVT_06284,45.0,CHALLENGE,0,
EVT_06285,10.0,ALLOW,0,
EVT_06286,35.0,ALLOW,0,
EVT_06287,25.0,ALLOW,0,
EVT_06288,10.0,ALLOW,0,
EVT_06289,30.0,ALLOW,0,
EVT_06290,10.0,ALLOW,0,
EVT_06291,10.0,ALLOW,0,
EVT_06292,25.0,ALLOW,0,
EVT_06293,15.0,ALLOW,0,
EVT_06294,45.0,CHALLENGE,0,
EVT_06295,35.0,ALLOW,0,
EVT_06296,10.0,ALLOW,0,
EVT_06297,40.0,ALLOW,0,
EVT_06298,10.0,ALLOW,0,
EVT_06299,25.0,ALLOW,0,
EVT_06300,10.0,ALLOW,0,
EVT_06301,10.0,ALLOW,0,
EVT_06302,10.0,ALLOW,0,
EVT_06303,10.0,ALLOW,0,
EVT_06304,10.0,ALLOW,0,
EVT_06305,10.0,ALLOW,0,
EVT_06306,10.0,ALLOW,0,
EVT_06307,35.0,ALLOW,1,Unusual_Resource_Access
EVT_06308,10.0,ALLOW,0,
EVT_06309,10.0,ALLOW,0,
EVT_06310,10.0,ALLOW,0,
EVT_06311,15.0,ALLOW,0,
EVT_06312,10.0,ALLOW,0,
EVT_06313,45.0,CHALLENGE,0,
EVT_06314,10.0,ALLOW,0,
EVT_06315,10.0,ALLOW,0,
EVT_06316,25.0,ALLOW,0,
EVT_06317,10.0,ALLOW,0,
EVT_06318,25.0,ALLOW,0,
EVT_06319,15.0,ALLOW,0,
EVT_06320,25.0,ALLOW,0,
EVT_06321,25.0,ALLOW,0,
EVT_06322,15.0,ALLOW,0,
EVT_06323,10.0,ALLOW,0,
EVT_06324,10.0,ALLOW,0,
EVT_06325,10.0,ALLOW,0,
EVT_06326,45.0,CHALLENGE,0,
EVT_06327,45.0,CHALLENGE,0,
EVT_06328,25.0,ALLOW,0,
EVT_06329,25.0,ALLOW,0,
EVT_06330,25.0,ALLOW,0,
EVT_06331,15.0,ALLOW,0,
EVT_06332,15.0,ALLOW,0,
EVT_06333,50.0,CHALLENGE,0,
EVT_06334,15.0,ALLOW,0,
EVT_06335,10.0,ALLOW,0,
EVT_06336,10.0,ALLOW,0,
EVT_06337,10.0,ALLOW,0,
EVT_06338,25.0,ALLOW,0,
EVT_06339,10.0,ALLOW,0,
EVT_06340,10.0,ALLOW,0,
EVT_06341,25.0,ALLOW,0,
EVT_06342,35.0,ALLOW,0,
EVT_06343,10.0,ALLOW,0,
EVT_06344,40.0,ALLOW,0,
EVT_06345,25.0,ALLOW,0,
EVT_06346,10.0,ALLOW,0,
EVT_06347,10.0,ALLOW,0,
EVT_06348,30.0,ALLOW,0,
EVT_06349,10.0,ALLOW,0,
EVT_06350,10.0,ALLOW,0,
EVT_06351,10.0,ALLOW,0,
EVT_06352,30.0,ALLOW,0,
EVT_06353,10.0,ALLOW,0,
EVT_06354,35.0,ALLOW,0,
EVT_06355,15.0,ALLOW,0,
EVT_06356,10.0,ALLOW,0,
EVT_06357,15.0,ALLOW,0,
EVT_06358,25.0,ALLOW,0,
EVT_06359,10.0,ALLOW,0,
EVT_06360,10.0,ALLOW,0,
EVT_06361,45.0,CHALLENGE,0,
EVT_06362,10.0,ALLOW,0,
EVT_06363,10.0,ALLOW,0,
EVT_06364,15.0,ALLOW,0,
EVT_06365,15.0,ALLOW,0,
EVT_06366,10.0,ALLOW,0,
EVT_06367,35.0,ALLOW,0,
EVT_06368,85.0,BLOCK,1,New_Device_Sensitive
EVT_06369,10.0,ALLOW,0,
EVT_06370,45.0,CHALLENGE,1,Impossible_Travel
EVT_06371,10.0,ALLOW,0,
EVT_06372,25.0,ALLOW,0,
EVT_06373,80.0,BLOCK,1,Privilege_Escalation
EVT_06374,80.0,BLOCK,1,Privilege_Escalation
EVT_06375,80.0,BLOCK,1,Privilege_Escalation
EVT_06376,80.0,BLOCK,1,Privilege_Escalation
EVT_06377,80.0,BLOCK,1,Privilege_Escalation
EVT_06378,70.0,CHALLENGE,1,Privilege_Escalation
EVT_06379,10.0,ALLOW,0,
EVT_06380,10.0,ALLOW,0,
EVT_06381,10.0,ALLOW,0,
EVT_06382,35.0,ALLOW,1,Unusual_Resource_Access
EVT_06383,10.0,ALLOW,0,
EVT_06384,45.0,CHALLENGE,1,Impossible_Travel
EVT_06385,25.0,ALLOW,0,
EVT_06386,15.0,ALLOW,0,
EVT_06387,40.0,ALLOW,0,
EVT_06388,25.0,ALLOW,0,
EVT_06389,30.0,ALLOW,0,
EVT_06390,35.0,ALLOW,0,
EVT_06391,35.0,ALLOW,0,
EVT_06392,10.0,ALLOW,0,
EVT_06393,10.0,ALLOW,0,
EVT_06394,25.0,ALLOW,0,
EVT_06395,10.0,ALLOW,0,
EVT_06396,10.0,ALLOW,0,
EVT_06397,15.0,ALLOW,0,
EVT_06398,10.0,ALLOW,0,
EVT_06399,10.0,ALLOW,0,
EVT_06400,10.0,ALLOW,0,
EVT_06401,10.0,ALLOW,0,
EVT_06402,10.0,ALLOW,0,
EVT_06403,35.0,ALLOW,1,Unusual_Resource_Access
EVT_06404,10.0,ALLOW,0,
EVT_06405,10.0,ALLOW,0,
EVT_06406,10.0,ALLOW,0,
EVT_06407,25.0,ALLOW,0,
EVT_06408,30.0,ALLOW,0,
EVT_06409,10.0,ALLOW,0,
EVT_06410,25.0,ALLOW,1,Unusual_Resource_Access
EVT_06411,15.0,ALLOW,0,
EVT_06412,10.0,ALLOW,0,
EVT_06413,10.0,ALLOW,0,
EVT_06414,10.0,ALLOW,0,
EVT_06415,30.0,ALLOW,0,
EVT_06416,20.0,ALLOW,0,
EVT_06417,10.0,ALLOW,0,
EVT_06418,25.0,ALLOW,0,
EVT_06419,50.0,CHALLENGE,0,
EVT_06420,25.0,ALLOW,0,
EVT_06421,10.0,ALLOW,0,
EVT_06422,45.0,CHALLENGE,0,
EVT_06423,25.0,ALLOW,0,
EVT_06424,10.0,ALLOW,0,
EVT_06425,15.0,ALLOW,0,
EVT_06426,75.0,BLOCK,0,
EVT_06427,25.0,ALLOW,0,
EVT_06428,10.0,ALLOW,0,
EVT_06429,25.0,ALLOW,0,
EVT_06430,20.0,ALLOW,0,
EVT_06431,85.0,BLOCK,1,New_Device_Sensitive
EVT_06432,25.0,ALLOW,0,
EVT_06433,40.0,ALLOW,0,
EVT_06434,10.0,ALLOW,0,
EVT_06435,45.0,CHALLENGE,0,
EVT_06436,10.0,ALLOW,0,
EVT_06437,10.0,ALLOW,0,
EVT_06438,25.0,ALLOW,0,
EVT_06439,60.0,CHALLENGE,0,
EVT_06440,80.0,BLOCK,1,Privilege_Escalation
EVT_06441,80.0,BLOCK,1,Privilege_Escalation
EVT_06442,80.0,BLOCK,1,Privilege_Escalation
EVT_06443,80.0,BLOCK,1,Privilege_Escalation
EVT_06444,80.0,BLOCK,1,Privilege_Escalation
EVT_06445,70.0,CHALLENGE,1,Privilege_Escalation
EVT_06446,45.0,CHALLENGE,1,Impossible_Travel
EVT_06447,15.0,ALLOW,0,
EVT_06448,10.0,ALLOW,0,
EVT_06449,10.0,ALLOW,0,
EVT_06450,25.0,ALLOW,0,
EVT_06451,25.0,ALLOW,0,
EVT_06452,25.0,ALLOW,0,
EVT_06453,10.0,ALLOW,0,
EVT_06454,25.0,ALLOW,0,
EVT_06455,30.0,ALLOW,0,
EVT_06456,25.0,ALLOW,0,
EVT_06457,25.0,ALLOW,0,
EVT_06458,40.0,ALLOW,0,
EVT_06459,25.0,ALLOW,0,
EVT_06460,25.0,ALLOW,0,
EVT_06461,30.0,ALLOW,0,
EVT_06462,10.0,ALLOW,0,
EVT_06463,10.0,ALLOW,0,
EVT_06464,10.0,ALLOW,0,
EVT_06465,10.0,ALLOW,0,
EVT_06466,25.0,ALLOW,0,
EVT_06467,25.0,ALLOW,0,
EVT_06468,10.0,ALLOW,0,
EVT_06469,10.0,ALLOW,0,
EVT_06470,25.0,ALLOW,0,
EVT_06471,25.0,ALLOW,0,
EVT_06472,25.0,ALLOW,0,
EVT_06473,15.0,ALLOW,0,
EVT_06474,15.0,ALLOW,0,
EVT_06475,35.0,ALLOW,0,
EVT_06476,45.0,CHALLENGE,0,
EVT_06477,25.0,ALLOW,0,
EVT_06478,10.0,ALLOW,0,
EVT_06479,35.0,ALLOW,0,
EVT_06480,10.0,ALLOW,0,
EVT_06481,30.0,ALLOW,0,
EVT_06482,10.0,ALLOW,0,
EVT_06483,15.0,ALLOW,0,
EVT_06484,10.0,ALLOW,0,
EVT_06485,10.0,ALLOW,0,
EVT_06486,25.0,ALLOW,0,
EVT_06487,10.0,ALLOW,0,
EVT_06488,10.0,ALLOW,0,
EVT_06489,10.0,ALLOW,0,
EVT_06490,35.0,ALLOW,0,
EVT_06491,25.0,ALLOW,0,
EVT_06492,10.0,ALLOW,0,
EVT_06493,25.0,ALLOW,0,
EVT_06494,10.0,ALLOW,0,
EVT_06495,10.0,ALLOW,0,
EVT_06496,10.0,ALLOW,0,
EVT_06497,15.0,ALLOW,0,
EVT_06498,15.0,ALLOW,0,
EVT_06499,10.0,ALLOW,0,
EVT_06500,10.0,ALLOW,0,
EVT_06501,25.0,ALLOW,0,
EVT_06502,10.0,ALLOW,0,
EVT_06503,25.0,ALLOW,0,
EVT_06504,10.0,ALLOW,0,
EVT_06505,10.0,ALLOW,0,
EVT_06506,10.0,ALLOW,0,
EVT_06507,25.0,ALLOW,0,
EVT_06508,10.0,ALLOW,0,
EVT_06509,30.0,ALLOW,0,
EVT_06510,10.0,ALLOW,0,
EVT_06511,10.0,ALLOW,0,
EVT_06512,10.0,ALLOW,0,
EVT_06513,40.0,ALLOW,0,
EVT_06514,25.0,ALLOW,0,
EVT_06515,25.0,ALLOW,0,
EVT_06516,15.0,ALLOW,0,
EVT_06517,55.0,CHALLENGE,0,
EVT_06518,15.0,ALLOW,0,
EVT_06519,25.0,ALLOW,0,
EVT_06520,10.0,ALLOW,0,
EVT_06521,40.0,ALLOW,0,
EVT_06522,10.0,ALLOW,0,
EVT_06523,10.0,ALLOW,0,
EVT_06524,25.0,ALLOW,0,
EVT_06525,10.0,ALLOW,0,
EVT_06526,25.0,ALLOW,0,
EVT_06527,10.0,ALLOW,0,
EVT_06528,30.0,ALLOW,0,
EVT_06529,70.0,CHALLENGE,1,Off_Hours_Privileged
EVT_06530,70.0,CHALLENGE,1,Off_Hours_Privileged
EVT_06531,70.0,CHALLENGE,1,Off_Hours_Privileged
EVT_06532,70.0,CHALLENGE,1,Off_Hours_Privileged
EVT_06533,75.0,BLOCK,1,Off_Hours_Privileged
EVT_06534,70.0,CHALLENGE,1,Off_Hours_Privileged
EVT_06535,75.0,BLOCK,1,Off_Hours_Privileged
EVT_06536,75.0,BLOCK,1,Off_Hours_Privileged
EVT_06537,75.0,BLOCK,1,Off_Hours_Privileged
EVT_06538,70.0,CHALLENGE,1,Off_Hours_Privileged
EVT_06539,75.0,BLOCK,1,Off_Hours_Privileged
EVT_06540,70.0,CHALLENGE,1,Off_Hours_Privileged
EVT_06541,70.0,CHALLENGE,1,Off_Hours_Privileged
EVT_06542,75.0,BLOCK,1,Off_Hours_Privileged
EVT_06543,70.0,CHALLENGE,1,Off_Hours_Privileged
EVT_06544,10.0,ALLOW,0,
EVT_06545,25.0,ALLOW,0,
EVT_06546,15.0,ALLOW,0,
EVT_06547,10.0,ALLOW,0,
EVT_06548,10.0,ALLOW,0,
EVT_06549,10.0,ALLOW,0,
EVT_06550,10.0,ALLOW,0,
EVT_06551,10.0,ALLOW,0,
EVT_06552,10.0,ALLOW,0,
EVT_06553,25.0,ALLOW,0,
EVT_06554,50.0,CHALLENGE,0,
EVT_06555,10.0,ALLOW,0,
EVT_06556,10.0,ALLOW,0,
EVT_06557,10.0,ALLOW,0,
EVT_06558,10.0,ALLOW,0,
EVT_06559,25.0,ALLOW,0,
EVT_06560,10.0,ALLOW,0,
EVT_06561,10.0,ALLOW,0,
EVT_06562,10.0,ALLOW,0,
EVT_06563,25.0,ALLOW,0,
EVT_06564,10.0,ALLOW,0,
EVT_06565,10.0,ALLOW,0,
EVT_06566,25.0,ALLOW,0,
EVT_06567,10.0,ALLOW,0,
EVT_06568,50.0,CHALLENGE,0,
EVT_06569,25.0,ALLOW,0,
EVT_06570,10.0,ALLOW,0,
EVT_06571,25.0,ALLOW,0,
EVT_06572,15.0,ALLOW,0,
EVT_06573,10.0,ALLOW,0,
EVT_06574,10.0,ALLOW,0,
EVT_06575,10.0,ALLOW,0,
EVT_06576,25.0,ALLOW,0,
EVT_06577,10.0,ALLOW,0,
EVT_06578,25.0,ALLOW,0,
EVT_06579,25.0,ALLOW,0,
EVT_06580,15.0,ALLOW,0,
EVT_06581,10.0,ALLOW,0,
EVT_06582,15.0,ALLOW,0,
EVT_06583,10.0,ALLOW,0,
EVT_06584,15.0,ALLOW,0,
EVT_06585,10.0,ALLOW,0,
EVT_06586,10.0,ALLOW,0,
EVT_06587,15.0,ALLOW,0,
EVT_06588,10.0,ALLOW,0,
EVT_06589,35.0,ALLOW,0,
EVT_06590,30.0,ALLOW,0,
EVT_06591,30.0,ALLOW,0,
EVT_06592,25.0,ALLOW,0,
EVT_06593,25.0,ALLOW,0,
EVT_06594,10.0,ALLOW,0,
EVT_06595,10.0,ALLOW,0,
EVT_06596,15.0,ALLOW,0,
EVT_06597,25.0,ALLOW,0,
EVT_06598,45.0,CHALLENGE,0,
EVT_06599,10.0,ALLOW,0,
EVT_06600,25.0,ALLOW,0,
EVT_06601,10.0,ALLOW,0,
EVT_06602,10.0,ALLOW,0,
EVT_06603,10.0,ALLOW,0,
EVT_06604,15.0,ALLOW,0,
EVT_06605,15.0,ALLOW,0,
EVT_06606,30.0,ALLOW,0,
EVT_06607,10.0,ALLOW,0,
EVT_06608,25.0,ALLOW,0,
EVT_06609,25.0,ALLOW,0,
EVT_06610,20.0,ALLOW,0,
EVT_06611,10.0,ALLOW,0,
EVT_06612,25.0,ALLOW,0,
EVT_06613,25.0,ALLOW,0,
EVT_06614,10.0,ALLOW,0,
EVT_06615,25.0,ALLOW,0,
EVT_06616,45.0,CHALLENGE,0,
EVT_06617,20.0,ALLOW,0,
EVT_06618,25.0,ALLOW,0,
EVT_06619,10.0,ALLOW,0,
EVT_06620,10.0,ALLOW,0,
EVT_06621,10.0,ALLOW,0,
EVT_06622,25.0,ALLOW,0,
EVT_06623,25.0,ALLOW,0,
EVT_06624,10.0,ALLOW,0,
EVT_06625,10.0,ALLOW,0,
EVT_06626,30.0,ALLOW,0,
EVT_06627,35.0,ALLOW,0,
EVT_06628,30.0,ALLOW,0,
EVT_06629,25.0,ALLOW,0,
EVT_06630,35.0,ALLOW,0,
EVT_06631,15.0,ALLOW,0,
EVT_06632,30.0,ALLOW,0,
EVT_06633,25.0,ALLOW,0,
EVT_06634,10.0,ALLOW,0,
EVT_06635,25.0,ALLOW,0,
EVT_06636,10.0,ALLOW,0,
EVT_06637,40.0,ALLOW,0,
EVT_06638,15.0,ALLOW,0,
EVT_06639,25.0,ALLOW,0,
EVT_06640,15.0,ALLOW,0,
EVT_06641,25.0,ALLOW,0,
EVT_06642,25.0,ALLOW,1,Unusual_Resource_Access
EVT_06643,10.0,ALLOW,0,
EVT_06644,20.0,ALLOW,0,
EVT_06645,15.0,ALLOW,0,
EVT_06646,35.0,ALLOW,1,Unusual_Resource_Access
EVT_06647,20.0,ALLOW,0,
EVT_06648,25.0,ALLOW,0,
EVT_06649,25.0,ALLOW,0,
EVT_06650,30.0,ALLOW,0,
EVT_06651,10.0,ALLOW,0,
EVT_06652,45.0,CHALLENGE,0,
EVT_06653,85.0,BLOCK,1,New_Device_Sensitive
EVT_06654,10.0,ALLOW,0,
EVT_06655,25.0,ALLOW,0,
EVT_06656,25.0,ALLOW,0,
EVT_06657,15.0,ALLOW,0,
EVT_06658,15.0,ALLOW,0,
EVT_06659,10.0,ALLOW,0,
EVT_06660,10.0,ALLOW,0,
EVT_06661,10.0,ALLOW,0,
EVT_06662,25.0,ALLOW,0,
EVT_06663,10.0,ALLOW,0,
EVT_06664,10.0,ALLOW,0,
EVT_06665,25.0,ALLOW,0,
EVT_06666,10.0,ALLOW,0,
EVT_06667,25.0,ALLOW,0,
EVT_06668,10.0,ALLOW,0,
EVT_06669,25.0,ALLOW,0,
EVT_06670,25.0,ALLOW,0,
EVT_06671,15.0,ALLOW,0,
EVT_06672,10.0,ALLOW,0,
EVT_06673,30.0,ALLOW,0,
EVT_06674,25.0,ALLOW,0,
EVT_06675,20.0,ALLOW,0,
EVT_06676,15.0,ALLOW,0,
EVT_06677,15.0,ALLOW,0,
EVT_06678,25.0,ALLOW,0,
EVT_06679,45.0,CHALLENGE,1,Impossible_Travel
EVT_06680,25.0,ALLOW,0,
EVT_06681,20.0,ALLOW,0,
EVT_06682,80.0,BLOCK,1,New_Device_Sensitive
EVT_06683,10.0,ALLOW,0,
EVT_06684,30.0,ALLOW,0,
EVT_06685,10.0,ALLOW,0,
EVT_06686,10.0,ALLOW,0,
EVT_06687,10.0,ALLOW,0,
EVT_06688,15.0,ALLOW,0,
EVT_06689,10.0,ALLOW,0,
EVT_06690,10.0,ALLOW,0,
EVT_06691,10.0,ALLOW,0,
EVT_06692,10.0,ALLOW,0,
EVT_06693,25.0,ALLOW,0,
EVT_06694,10.0,ALLOW,0,
EVT_06695,25.0,ALLOW,0,
EVT_06696,25.0,ALLOW,0,
EVT_06697,30.0,ALLOW,0,
EVT_06698,10.0,ALLOW,0,
EVT_06699,10.0,ALLOW,0,
EVT_06700,10.0,ALLOW,0,
EVT_06701,15.0,ALLOW,0,
EVT_06702,35.0,ALLOW,0,
EVT_06703,15.0,ALLOW,0,
EVT_06704,15.0,ALLOW,0,
EVT_06705,10.0,ALLOW,0,
EVT_06706,35.0,ALLOW,0,
EVT_06707,25.0,ALLOW,0,
EVT_06708,10.0,ALLOW,0,
EVT_06709,15.0,ALLOW,0,
EVT_06710,10.0,ALLOW,0,
EVT_06711,25.0,ALLOW,1,Unusual_Resource_Access
EVT_06712,10.0,ALLOW,0,
EVT_06713,10.0,ALLOW,0,
EVT_06714,10.0,ALLOW,0,
EVT_06715,25.0,ALLOW,0,
EVT_06716,65.0,CHALLENGE,0,
EVT_06717,10.0,ALLOW,0,
EVT_06718,10.0,ALLOW,0,
EVT_06719,35.0,ALLOW,0,
EVT_06720,40.0,ALLOW,0,
EVT_06721,10.0,ALLOW,0,
EVT_06722,10.0,ALLOW,0,
EVT_06723,30.0,ALLOW,0,
EVT_06724,45.0,CHALLENGE,0,
EVT_06725,10.0,ALLOW,0,
EVT_06726,10.0,ALLOW,0,
EVT_06727,10.0,ALLOW,0,
EVT_06728,10.0,ALLOW,0,
EVT_06729,10.0,ALLOW,0,
EVT_06730,10.0,ALLOW,0,
EVT_06731,10.0,ALLOW,0,
EVT_06732,40.0,ALLOW,0,
EVT_06733,10.0,ALLOW,0,
EVT_06734,30.0,ALLOW,0,
EVT_06735,25.0,ALLOW,0,
EVT_06736,35.0,ALLOW,0,
EVT_06737,35.0,ALLOW,0,
EVT_06738,25.0,ALLOW,0,
EVT_06739,35.0,ALLOW,0,
EVT_06740,15.0,ALLOW,0,
EVT_06741,25.0,ALLOW,0,
EVT_06742,10.0,ALLOW,0,
EVT_06743,10.0,ALLOW,0,
EVT_06744,40.0,ALLOW,0,
EVT_06745,10.0,ALLOW,0,
EVT_06746,10.0,ALLOW,0,
EVT_06747,10.0,ALLOW,0,
EVT_06748,30.0,ALLOW,0,
EVT_06749,25.0,ALLOW,0,
EVT_06750,10.0,ALLOW,0,
EVT_06751,30.0,ALLOW,0,
EVT_06752,15.0,ALLOW,0,
EVT_06753,10.0,ALLOW,0,
EVT_06754,25.0,ALLOW,0,
EVT_06755,35.0,ALLOW,0,
EVT_06756,25.0,ALLOW,0,
EVT_06757,10.0,ALLOW,0,
EVT_06758,40.0,ALLOW,0,
EVT_06759,15.0,ALLOW,0,
EVT_06760,10.0,ALLOW,0,
EVT_06761,10.0,ALLOW,0,
EVT_06762,15.0,ALLOW,0,
EVT_06763,25.0,ALLOW,0,
EVT_06764,15.0,ALLOW,0,
EVT_06765,10.0,ALLOW,0,
EVT_06766,10.0,ALLOW,0,
EVT_06767,10.0,ALLOW,0,
EVT_06768,10.0,ALLOW,0,
EVT_06769,10.0,ALLOW,0,
EVT_06770,25.0,ALLOW,0,
EVT_06771,25.0,ALLOW,0,
EVT_06772,10.0,ALLOW,0,
EVT_06773,10.0,ALLOW,0,
EVT_06774,10.0,ALLOW,0,
EVT_06775,10.0,ALLOW,0,
EVT_06776,40.0,ALLOW,0,
EVT_06777,10.0,ALLOW,0,
EVT_06778,10.0,ALLOW,0,
EVT_06779,25.0,ALLOW,0,
EVT_06780,10.0,ALLOW,0,
EVT_06781,10.0,ALLOW,0,
EVT_06782,15.0,ALLOW,0,
EVT_06783,15.0,ALLOW,0,
EVT_06784,25.0,ALLOW,0,
EVT_06785,25.0,ALLOW,0,
EVT_06786,10.0,ALLOW,0,
EVT_06787,15.0,ALLOW,0,
EVT_06788,25.0,ALLOW,0,
EVT_06789,15.0,ALLOW,0,
EVT_06790,10.0,ALLOW,0,
EVT_06791,10.0,ALLOW,0,
EVT_06792,35.0,ALLOW,0,
EVT_06793,10.0,ALLOW,0,
EVT_06794,40.0,ALLOW,0,
EVT_06795,15.0,ALLOW,0,
EVT_06796,10.0,ALLOW,0,
EVT_06797,15.0,ALLOW,0,
EVT_06798,10.0,ALLOW,0,
EVT_06799,10.0,ALLOW,0,
EVT_06800,10.0,ALLOW,0,
EVT_06801,40.0,ALLOW,0,
EVT_06802,15.0,ALLOW,0,
EVT_06803,15.0,ALLOW,0,
EVT_06804,15.0,ALLOW,0,
EVT_06805,10.0,ALLOW,0,
EVT_06806,10.0,ALLOW,0,
EVT_06807,10.0,ALLOW,0,
EVT_06808,10.0,ALLOW,0,
EVT_06809,10.0,ALLOW,0,
EVT_06810,25.0,ALLOW,0,
EVT_06811,10.0,ALLOW,0,
EVT_06812,10.0,ALLOW,0,
EVT_06813,10.0,ALLOW,0,
EVT_06814,10.0,ALLOW,0,
EVT_06815,20.0,ALLOW,0,
EVT_06816,10.0,ALLOW,0,
EVT_06817,25.0,ALLOW,1,Unusual_Resource_Access
EVT_06818,40.0,ALLOW,0,
EVT_06819,30.0,ALLOW,0,
EVT_06820,10.0,ALLOW,0,
EVT_06821,25.0,ALLOW,0,
EVT_06822,10.0,ALLOW,0,
EVT_06823,25.0,ALLOW,0,
EVT_06824,25.0,ALLOW,0,
EVT_06825,10.0,ALLOW,0,
EVT_06826,35.0,ALLOW,0,
EVT_06827,10.0,ALLOW,0,
EVT_06828,10.0,ALLOW,0,
EVT_06829,10.0,ALLOW,0,
EVT_06830,30.0,ALLOW,0,
EVT_06831,25.0,ALLOW,0,
EVT_06832,30.0,ALLOW,0,
EVT_06833,15.0,ALLOW,0,
EVT_06834,25.0,ALLOW,0,
EVT_06835,10.0,ALLOW,0,
EVT_06836,10.0,ALLOW,0,
EVT_06837,10.0,ALLOW,0,
EVT_06838,10.0,ALLOW,0,
EVT_06839,15.0,ALLOW,0,
EVT_06840,10.0,ALLOW,0,
EVT_06841,10.0,ALLOW,0,
EVT_06842,25.0,ALLOW,0,
EVT_06843,10.0,ALLOW,0,
EVT_06844,15.0,ALLOW,0,
EVT_06845,25.0,ALLOW,0,
EVT_06846,10.0,ALLOW,0,
EVT_06847,30.0,ALLOW,0,
EVT_06848,25.0,ALLOW,0,
EVT_06849,10.0,ALLOW,0,
EVT_06850,45.0,CHALLENGE,1,Impossible_Travel
EVT_06851,65.0,CHALLENGE,0,
EVT_06852,40.0,ALLOW,0,
EVT_06853,10.0,ALLOW,0,
EVT_06854,10.0,ALLOW,0,
EVT_06855,10.0,ALLOW,0,
EVT_06856,10.0,ALLOW,0,
EVT_06857,25.0,ALLOW,1,Unusual_Resource_Access
EVT_06858,10.0,ALLOW,0,
EVT_06859,10.0,ALLOW,0,
EVT_06860,10.0,ALLOW,0,
EVT_06861,15.0,ALLOW,0,
EVT_06862,25.0,ALLOW,0,
EVT_06863,25.0,ALLOW,0,
EVT_06864,25.0,ALLOW,0,
EVT_06865,10.0,ALLOW,0,
EVT_06866,10.0,ALLOW,0,
EVT_06867,15.0,ALLOW,0,
EVT_06868,10.0,ALLOW,0,
EVT_06869,10.0,ALLOW,0,
EVT_06870,10.0,ALLOW,0,
EVT_06871,25.0,ALLOW,0,
EVT_06872,35.0,ALLOW,0,
EVT_06873,10.0,ALLOW,0,
EVT_06874,25.0,ALLOW,0,
EVT_06875,10.0,ALLOW,0,
EVT_06876,10.0,ALLOW,0,
EVT_06877,45.0,CHALLENGE,0,
EVT_06878,10.0,ALLOW,0,
EVT_06879,10.0,ALLOW,0,
EVT_06880,10.0,ALLOW,0,
EVT_06881,25.0,ALLOW,0,
EVT_06882,45.0,CHALLENGE,0,
EVT_06883,15.0,ALLOW,0,
EVT_06884,25.0,ALLOW,0,
EVT_06885,35.0,ALLOW,0,
EVT_06886,10.0,ALLOW,0,
EVT_06887,30.0,ALLOW,0,
EVT_06888,10.0,ALLOW,0,
EVT_06889,15.0,ALLOW,0,
EVT_06890,45.0,CHALLENGE,0,
EVT_06891,15.0,ALLOW,0,
EVT_06892,25.0,ALLOW,0,
EVT_06893,10.0,ALLOW,0,
EVT_06894,10.0,ALLOW,0,
EVT_06895,65.0,CHALLENGE,0,
EVT_06896,10.0,ALLOW,0,
EVT_06897,10.0,ALLOW,0,
EVT_06898,15.0,ALLOW,0,
EVT_06899,50.0,CHALLENGE,0,
EVT_06900,25.0,ALLOW,0,
EVT_06901,40.0,ALLOW,0,
EVT_06902,15.0,ALLOW,0,
EVT_06903,10.0,ALLOW,0,
EVT_06904,10.0,ALLOW,0,
EVT_06905,25.0,ALLOW,0,
EVT_06906,10.0,ALLOW,0,
EVT_06907,10.0,ALLOW,0,
EVT_06908,15.0,ALLOW,0,
EVT_06909,20.0,ALLOW,0,
EVT_06910,10.0,ALLOW,0,
EVT_06911,50.0,CHALLENGE,0,
EVT_06912,10.0,ALLOW,0,
EVT_06913,25.0,ALLOW,0,
EVT_06914,10.0,ALLOW,0,
EVT_06915,30.0,ALLOW,0,
EVT_06916,15.0,ALLOW,0,
EVT_06917,70.0,CHALLENGE,1,Privilege_Escalation
EVT_06918,70.0,CHALLENGE,1,Privilege_Escalation
EVT_06919,70.0,CHALLENGE,1,Privilege_Escalation
EVT_06920,70.0,CHALLENGE,1,Privilege_Escalation
EVT_06921,70.0,CHALLENGE,1,Privilege_Escalation
EVT_06922,60.0,CHALLENGE,1,Privilege_Escalation
EVT_06923,15.0,ALLOW,0,
EVT_06924,10.0,ALLOW,0,
EVT_06925,45.0,CHALLENGE,0,
EVT_06926,15.0,ALLOW,0,
EVT_06927,10.0,ALLOW,0,
EVT_06928,10.0,ALLOW,0,
EVT_06929,10.0,ALLOW,0,
EVT_06930,10.0,ALLOW,0,
EVT_06931,10.0,ALLOW,0,
EVT_06932,25.0,ALLOW,0,
EVT_06933,10.0,ALLOW,0,
EVT_06934,30.0,ALLOW,0,
EVT_06935,10.0,ALLOW,0,
EVT_06936,10.0,ALLOW,0,
EVT_06937,25.0,ALLOW,0,
EVT_06938,10.0,ALLOW,0,
EVT_06939,15.0,ALLOW,0,
EVT_06940,10.0,ALLOW,0,
EVT_06941,25.0,ALLOW,1,Unusual_Resource_Access
EVT_06942,15.0,ALLOW,0,
EVT_06943,10.0,ALLOW,0,
EVT_06944,25.0,ALLOW,0,
EVT_06945,10.0,ALLOW,0,
EVT_06946,15.0,ALLOW,0,
EVT_06947,40.0,ALLOW,0,
EVT_06948,10.0,ALLOW,0,
EVT_06949,10.0,ALLOW,0,
EVT_06950,10.0,ALLOW,0,
EVT_06951,30.0,ALLOW,0,
EVT_06952,25.0,ALLOW,0,
EVT_06953,10.0,ALLOW,0,
EVT_06954,25.0,ALLOW,0,
EVT_06955,10.0,ALLOW,0,
EVT_06956,25.0,ALLOW,0,
EVT_06957,10.0,ALLOW,0,
EVT_06958,15.0,ALLOW,0,
EVT_06959,25.0,ALLOW,0,
EVT_06960,10.0,ALLOW,0,
EVT_06961,10.0,ALLOW,0,
EVT_06962,10.0,ALLOW,0,
EVT_06963,25.0,ALLOW,0,
EVT_06964,10.0,ALLOW,0,
EVT_06965,25.0,ALLOW,0,
EVT_06966,30.0,ALLOW,0,
EVT_06967,30.0,ALLOW,0,
EVT_06968,25.0,ALLOW,0,
EVT_06969,25.0,ALLOW,0,
EVT_06970,30.0,ALLOW,0,
EVT_06971,25.0,ALLOW,0,
EVT_06972,10.0,ALLOW,0,
EVT_06973,25.0,ALLOW,0,
EVT_06974,30.0,ALLOW,0,
EVT_06975,10.0,ALLOW,0,
EVT_06976,35.0,ALLOW,1,Unusual_Resource_Access
EVT_06977,25.0,ALLOW,0,
EVT_06978,10.0,ALLOW,0,
EVT_06979,75.0,BLOCK,0,
EVT_06980,10.0,ALLOW,0,
EVT_06981,95.0,BLOCK,1,New_Device_Sensitive
EVT_06982,10.0,ALLOW,0,
EVT_06983,10.0,ALLOW,0,
EVT_06984,25.0,ALLOW,0,
EVT_06985,10.0,ALLOW,0,
EVT_06986,10.0,ALLOW,0,
EVT_06987,15.0,ALLOW,0,
EVT_06988,15.0,ALLOW,0,
EVT_06989,15.0,ALLOW,0,
EVT_06990,25.0,ALLOW,0,
EVT_06991,25.0,ALLOW,0,
EVT_06992,10.0,ALLOW,0,
EVT_06993,10.0,ALLOW,0,
EVT_06994,25.0,ALLOW,0,
EVT_06995,15.0,ALLOW,0,
EVT_06996,10.0,ALLOW,0,
EVT_06997,10.0,ALLOW,0,
EVT_06998,10.0,ALLOW,0,
EVT_06999,20.0,ALLOW,0,
EVT_07000,10.0,ALLOW,0,
EVT_07001,10.0,ALLOW,0,
EVT_07002,25.0,ALLOW,1,Unusual_Resource_Access
EVT_07003,15.0,ALLOW,0,
EVT_07004,25.0,ALLOW,0,
EVT_07005,10.0,ALLOW,0,
EVT_07006,10.0,ALLOW,0,
EVT_07007,25.0,ALLOW,0,
EVT_07008,10.0,ALLOW,0,
EVT_07009,25.0,ALLOW,0,
EVT_07010,10.0,ALLOW,0,
EVT_07011,25.0,ALLOW,0,
EVT_07012,25.0,ALLOW,0,
EVT_07013,25.0,ALLOW,0,
EVT_07014,15.0,ALLOW,0,
EVT_07015,10.0,ALLOW,0,
EVT_07016,15.0,ALLOW,0,
EVT_07017,10.0,ALLOW,0,
EVT_07018,15.0,ALLOW,0,
EVT_07019,25.0,ALLOW,0,
EVT_07020,25.0,ALLOW,0,
EVT_07021,10.0,ALLOW,0,
EVT_07022,25.0,ALLOW,0,
EVT_07023,10.0,ALLOW,0,
EVT_07024,10.0,ALLOW,0,
EVT_07025,10.0,ALLOW,0,
EVT_07026,95.0,BLOCK,1,New_Device_Sensitive
EVT_07027,10.0,ALLOW,0,
EVT_07028,10.0,ALLOW,0,
EVT_07029,35.0,ALLOW,0,
EVT_07030,25.0,ALLOW,0,
EVT_07031,10.0,ALLOW,0,
EVT_07032,10.0,ALLOW,0,
EVT_07033,10.0,ALLOW,0,
EVT_07034,10.0,ALLOW,0,
EVT_07035,25.0,ALLOW,0,
EVT_07036,25.0,ALLOW,0,
EVT_07037,10.0,ALLOW,0,
EVT_07038,10.0,ALLOW,0,
EVT_07039,10.0,ALLOW,0,
EVT_07040,45.0,CHALLENGE,0,
EVT_07041,10.0,ALLOW,0,
EVT_07042,10.0,ALLOW,0,
EVT_07043,10.0,ALLOW,0,
EVT_07044,10.0,ALLOW,0,
EVT_07045,70.0,CHALLENGE,1,New_Device_Sensitive
EVT_07046,15.0,ALLOW,0,
EVT_07047,10.0,ALLOW,0,
EVT_07048,15.0,ALLOW,0,
EVT_07049,40.0,ALLOW,0,
EVT_07050,10.0,ALLOW,0,
EVT_07051,10.0,ALLOW,0,
EVT_07052,40.0,ALLOW,0,
EVT_07053,40.0,ALLOW,0,
EVT_07054,10.0,ALLOW,0,
EVT_07055,10.0,ALLOW,0,
EVT_07056,10.0,ALLOW,0,
EVT_07057,55.0,CHALLENGE,0,
EVT_07058,10.0,ALLOW,0,
EVT_07059,10.0,ALLOW,0,
EVT_07060,15.0,ALLOW,0,
EVT_07061,10.0,ALLOW,0,
EVT_07062,25.0,ALLOW,0,
EVT_07063,15.0,ALLOW,0,
EVT_07064,45.0,CHALLENGE,0,
EVT_07065,10.0,ALLOW,0,
EVT_07066,10.0,ALLOW,0,
EVT_07067,25.0,ALLOW,0,
EVT_07068,25.0,ALLOW,0,
EVT_07069,10.0,ALLOW,0,
EVT_07070,10.0,ALLOW,0,
EVT_07071,10.0,ALLOW,0,
EVT_07072,70.0,CHALLENGE,1,Impossible_Travel
EVT_07073,25.0,ALLOW,0,
EVT_07074,10.0,ALLOW,0,
EVT_07075,15.0,ALLOW,0,
EVT_07076,10.0,ALLOW,0,
EVT_07077,10.0,ALLOW,0,
EVT_07078,25.0,ALLOW,0,
EVT_07079,10.0,ALLOW,0,
EVT_07080,15.0,ALLOW,0,
EVT_07081,20.0,ALLOW,0,
EVT_07082,25.0,ALLOW,0,
EVT_07083,10.0,ALLOW,0,
EVT_07084,25.0,ALLOW,0,
EVT_07085,30.0,ALLOW,0,
EVT_07086,40.0,ALLOW,0,
EVT_07087,10.0,ALLOW,0,
EVT_07088,10.0,ALLOW,0,
EVT_07089,25.0,ALLOW,0,
EVT_07090,15.0,ALLOW,0,
EVT_07091,25.0,ALLOW,0,
EVT_07092,30.0,ALLOW,0,
EVT_07093,10.0,ALLOW,0,
EVT_07094,10.0,ALLOW,0,
EVT_07095,10.0,ALLOW,0,
EVT_07096,10.0,ALLOW,0,
EVT_07097,10.0,ALLOW,0,
EVT_07098,45.0,CHALLENGE,0,
EVT_07099,25.0,ALLOW,0,
EVT_07100,25.0,ALLOW,0,
EVT_07101,25.0,ALLOW,0,
EVT_07102,35.0,ALLOW,0,
EVT_07103,10.0,ALLOW,0,
EVT_07104,10.0,ALLOW,0,
EVT_07105,45.0,CHALLENGE,0,
EVT_07106,10.0,ALLOW,0,
EVT_07107,25.0,ALLOW,0,
EVT_07108,35.0,ALLOW,1,Unusual_Resource_Access
EVT_07109,25.0,ALLOW,0,
EVT_07110,10.0,ALLOW,0,
EVT_07111,10.0,ALLOW,0,
EVT_07112,10.0,ALLOW,0,
EVT_07113,10.0,ALLOW,0,
EVT_07114,15.0,ALLOW,0,
EVT_07115,15.0,ALLOW,0,
EVT_07116,25.0,ALLOW,0,
EVT_07117,25.0,ALLOW,0,
EVT_07118,10.0,ALLOW,0,
EVT_07119,50.0,CHALLENGE,0,
EVT_07120,25.0,ALLOW,0,
EVT_07121,15.0,ALLOW,0,
EVT_07122,25.0,ALLOW,0,
EVT_07123,30.0,ALLOW,0,
EVT_07124,25.0,ALLOW,0,
EVT_07125,10.0,ALLOW,0,
EVT_07126,45.0,CHALLENGE,0,
EVT_07127,40.0,ALLOW,0,
EVT_07128,10.0,ALLOW,0,
EVT_07129,10.0,ALLOW,0,
EVT_07130,30.0,ALLOW,0,
EVT_07131,15.0,ALLOW,0,
EVT_07132,15.0,ALLOW,0,
EVT_07133,10.0,ALLOW,0,
EVT_07134,10.0,ALLOW,0,
EVT_07135,10.0,ALLOW,0,
EVT_07136,10.0,ALLOW,0,
EVT_07137,25.0,ALLOW,0,
EVT_07138,45.0,CHALLENGE,0,
EVT_07139,25.0,ALLOW,0,
EVT_07140,10.0,ALLOW,0,
EVT_07141,50.0,CHALLENGE,0,
EVT_07142,25.0,ALLOW,0,
EVT_07143,25.0,ALLOW,0,
EVT_07144,25.0,ALLOW,0,
EVT_07145,40.0,ALLOW,0,
EVT_07146,10.0,ALLOW,0,
EVT_07147,40.0,ALLOW,0,
EVT_07148,10.0,ALLOW,0,
EVT_07149,10.0,ALLOW,0,
EVT_07150,10.0,ALLOW,0,
EVT_07151,10.0,ALLOW,0,
EVT_07152,25.0,ALLOW,0,
EVT_07153,35.0,ALLOW,0,
EVT_07154,25.0,ALLOW,0,
EVT_07155,10.0,ALLOW,0,
EVT_07156,15.0,ALLOW,0,
EVT_07157,60.0,CHALLENGE,0,
EVT_07158,10.0,ALLOW,0,
EVT_07159,25.0,ALLOW,0,
EVT_07160,25.0,ALLOW,0,
EVT_07161,10.0,ALLOW,0,
EVT_07162,10.0,ALLOW,0,
EVT_07163,25.0,ALLOW,0,
EVT_07164,15.0,ALLOW,0,
EVT_07165,25.0,ALLOW,0,
EVT_07166,25.0,ALLOW,0,
EVT_07167,40.0,ALLOW,0,
EVT_07168,10.0,ALLOW,0,
EVT_07169,10.0,ALLOW,0,
EVT_07170,10.0,ALLOW,0,
EVT_07171,10.0,ALLOW,0,
EVT_07172,10.0,ALLOW,0,
EVT_07173,25.0,ALLOW,0,
EVT_07174,10.0,ALLOW,0,
EVT_07175,35.0,ALLOW,0,
EVT_07176,10.0,ALLOW,0,
EVT_07177,25.0,ALLOW,0,
EVT_07178,45.0,CHALLENGE,0,
EVT_07179,10.0,ALLOW,0,
EVT_07180,10.0,ALLOW,0,
EVT_07181,25.0,ALLOW,0,
EVT_07182,15.0,ALLOW,0,
EVT_07183,15.0,ALLOW,0,
EVT_07184,10.0,ALLOW,0,
EVT_07185,25.0,ALLOW,0,
EVT_07186,25.0,ALLOW,0,
EVT_07187,10.0,ALLOW,0,
EVT_07188,10.0,ALLOW,0,
EVT_07189,40.0,ALLOW,0,
EVT_07190,30.0,ALLOW,0,
EVT_07191,15.0,ALLOW,0,
EVT_07192,25.0,ALLOW,0,
EVT_07193,10.0,ALLOW,0,
EVT_07194,15.0,ALLOW,0,
EVT_07195,30.0,ALLOW,0,
EVT_07196,10.0,ALLOW,0,
EVT_07197,10.0,ALLOW,0,
EVT_07198,10.0,ALLOW,0,
EVT_07199,10.0,ALLOW,0,
EVT_07200,15.0,ALLOW,0,
EVT_07201,10.0,ALLOW,0,
EVT_07202,15.0,ALLOW,0,
EVT_07203,40.0,ALLOW,0,
EVT_07204,10.0,ALLOW,0,
EVT_07205,25.0,ALLOW,0,
EVT_07206,25.0,ALLOW,1,Unusual_Resource_Access
EVT_07207,45.0,CHALLENGE,0,
EVT_07208,70.0,CHALLENGE,1,New_Device_Sensitive
EVT_07209,70.0,CHALLENGE,1,New_Device_Sensitive
EVT_07210,25.0,ALLOW,0,
EVT_07211,40.0,ALLOW,0,
EVT_07212,30.0,ALLOW,0,
EVT_07213,25.0,ALLOW,0,
EVT_07214,25.0,ALLOW,0,
EVT_07215,30.0,ALLOW,0,
EVT_07216,25.0,ALLOW,0,
EVT_07217,30.0,ALLOW,0,
EVT_07218,10.0,ALLOW,0,
EVT_07219,25.0,ALLOW,0,
EVT_07220,25.0,ALLOW,0,
EVT_07221,10.0,ALLOW,0,
EVT_07222,50.0,CHALLENGE,0,
EVT_07223,10.0,ALLOW,0,
EVT_07224,25.0,ALLOW,0,
EVT_07225,10.0,ALLOW,0,
EVT_07226,45.0,CHALLENGE,0,
EVT_07227,10.0,ALLOW,0,
EVT_07228,10.0,ALLOW,0,
EVT_07229,60.0,CHALLENGE,0,
EVT_07230,30.0,ALLOW,0,
EVT_07231,10.0,ALLOW,0,
EVT_07232,10.0,ALLOW,0,
EVT_07233,20.0,ALLOW,0,
EVT_07234,25.0,ALLOW,0,
EVT_07235,10.0,ALLOW,0,
EVT_07236,25.0,ALLOW,0,
EVT_07237,25.0,ALLOW,0,
EVT_07238,10.0,ALLOW,0,
EVT_07239,10.0,ALLOW,0,
EVT_07240,25.0,ALLOW,0,
EVT_07241,30.0,ALLOW,0,
EVT_07242,15.0,ALLOW,0,
EVT_07243,15.0,ALLOW,0,
EVT_07244,60.0,CHALLENGE,1,Impossible_Travel
EVT_07245,10.0,ALLOW,0,
EVT_07246,15.0,ALLOW,0,
EVT_07247,25.0,ALLOW,0,
EVT_07248,10.0,ALLOW,0,
EVT_07249,45.0,CHALLENGE,0,
EVT_07250,10.0,ALLOW,0,
EVT_07251,15.0,ALLOW,0,
EVT_07252,25.0,ALLOW,0,
EVT_07253,25.0,ALLOW,0,
EVT_07254,25.0,ALLOW,0,
EVT_07255,25.0,ALLOW,0,
EVT_07256,10.0,ALLOW,0,
EVT_07257,45.0,CHALLENGE,1,Impossible_Travel
EVT_07258,25.0,ALLOW,0,
EVT_07259,15.0,ALLOW,0,
EVT_07260,30.0,ALLOW,0,
EVT_07261,25.0,ALLOW,0,
EVT_07262,15.0,ALLOW,0,
EVT_07263,25.0,ALLOW,0,
EVT_07264,25.0,ALLOW,0,
EVT_07265,25.0,ALLOW,0,
EVT_07266,30.0,ALLOW,0,
EVT_07267,25.0,ALLOW,0,
EVT_07268,10.0,ALLOW,0,
EVT_07269,10.0,ALLOW,0,
EVT_07270,15.0,ALLOW,0,
EVT_07271,20.0,ALLOW,0,
EVT_07272,25.0,ALLOW,0,
EVT_07273,10.0,ALLOW,0,
EVT_07274,10.0,ALLOW,0,
EVT_07275,10.0,ALLOW,0,
EVT_07276,10.0,ALLOW,0,
EVT_07277,10.0,ALLOW,0,
EVT_07278,40.0,ALLOW,0,
EVT_07279,10.0,ALLOW,0,
EVT_07280,10.0,ALLOW,0,
EVT_07281,10.0,ALLOW,0,
EVT_07282,10.0,ALLOW,0,
EVT_07283,10.0,ALLOW,0,
EVT_07284,10.0,ALLOW,0,
EVT_07285,15.0,ALLOW,0,
EVT_07286,65.0,CHALLENGE,0,
EVT_07287,10.0,ALLOW,0,
EVT_07288,15.0,ALLOW,0,
EVT_07289,25.0,ALLOW,0,
EVT_07290,55.0,CHALLENGE,0,
EVT_07291,25.0,ALLOW,0,
EVT_07292,35.0,ALLOW,0,
EVT_07293,25.0,ALLOW,0,
EVT_07294,25.0,ALLOW,0,
EVT_07295,15.0,ALLOW,0,
EVT_07296,10.0,ALLOW,0,
EVT_07297,15.0,ALLOW,0,
EVT_07298,30.0,ALLOW,0,
EVT_07299,40.0,ALLOW,0,
EVT_07300,10.0,ALLOW,0,
EVT_07301,30.0,ALLOW,0,
EVT_07302,30.0,ALLOW,0,
EVT_07303,15.0,ALLOW,0,
EVT_07304,35.0,ALLOW,0,
EVT_07305,10.0,ALLOW,0,
EVT_07306,15.0,ALLOW,0,
EVT_07307,25.0,ALLOW,0,
EVT_07308,10.0,ALLOW,0,
EVT_07309,25.0,ALLOW,0,
EVT_07310,10.0,ALLOW,0,
EVT_07311,40.0,ALLOW,0,
EVT_07312,25.0,ALLOW,0,
EVT_07313,25.0,ALLOW,1,Unusual_Resource_Access
EVT_07314,10.0,ALLOW,0,
EVT_07315,10.0,ALLOW,0,
EVT_07316,10.0,ALLOW,0,
EVT_07317,10.0,ALLOW,0,
EVT_07318,25.0,ALLOW,0,
EVT_07319,10.0,ALLOW,0,
EVT_07320,40.0,ALLOW,0,
EVT_07321,25.0,ALLOW,0,
EVT_07322,25.0,ALLOW,0,
EVT_07323,10.0,ALLOW,0,
EVT_07324,15.0,ALLOW,0,
EVT_07325,10.0,ALLOW,0,
EVT_07326,45.0,CHALLENGE,0,
EVT_07327,10.0,ALLOW,0,
EVT_07328,10.0,ALLOW,0,
EVT_07329,10.0,ALLOW,0,
EVT_07330,10.0,ALLOW,0,
EVT_07331,10.0,ALLOW,0,
EVT_07332,25.0,ALLOW,0,
EVT_07333,50.0,CHALLENGE,0,
EVT_07334,10.0,ALLOW,0,
EVT_07335,10.0,ALLOW,0,
EVT_07336,60.0,CHALLENGE,0,
EVT_07337,40.0,ALLOW,0,
EVT_07338,40.0,ALLOW,0,
EVT_07339,25.0,ALLOW,0,
EVT_07340,15.0,ALLOW,0,
EVT_07341,10.0,ALLOW,0,
EVT_07342,10.0,ALLOW,0,
EVT_07343,40.0,ALLOW,0,
EVT_07344,10.0,ALLOW,0,
EVT_07345,30.0,ALLOW,0,
EVT_07346,10.0,ALLOW,0,
EVT_07347,10.0,ALLOW,0,
EVT_07348,25.0,ALLOW,0,
EVT_07349,10.0,ALLOW,0,
EVT_07350,10.0,ALLOW,0,
EVT_07351,10.0,ALLOW,0,
EVT_07352,10.0,ALLOW,0,
EVT_07353,10.0,ALLOW,0,
EVT_07354,10.0,ALLOW,0,
EVT_07355,10.0,ALLOW,0,
EVT_07356,10.0,ALLOW,0,
EVT_07357,25.0,ALLOW,0,
EVT_07358,30.0,ALLOW,0,
EVT_07359,10.0,ALLOW,0,
EVT_07360,10.0,ALLOW,0,
EVT_07361,10.0,ALLOW,0,
EVT_07362,10.0,ALLOW,0,
EVT_07363,10.0,ALLOW,0,
EVT_07364,45.0,CHALLENGE,0,
EVT_07365,15.0,ALLOW,0,
EVT_07366,10.0,ALLOW,0,
EVT_07367,25.0,ALLOW,0,
EVT_07368,25.0,ALLOW,0,
EVT_07369,10.0,ALLOW,0,
EVT_07370,10.0,ALLOW,0,
EVT_07371,10.0,ALLOW,0,
EVT_07372,10.0,ALLOW,0,
EVT_07373,15.0,ALLOW,0,
EVT_07374,15.0,ALLOW,0,
EVT_07375,25.0,ALLOW,0,
EVT_07376,40.0,ALLOW,0,
EVT_07377,10.0,ALLOW,0,
EVT_07378,10.0,ALLOW,0,
EVT_07379,15.0,ALLOW,0,
EVT_07380,10.0,ALLOW,0,
EVT_07381,10.0,ALLOW,0,
EVT_07382,15.0,ALLOW,0,
EVT_07383,25.0,ALLOW,0,
EVT_07384,50.0,CHALLENGE,0,
EVT_07385,25.0,ALLOW,0,
EVT_07386,25.0,ALLOW,0,
EVT_07387,10.0,ALLOW,0,
EVT_07388,15.0,ALLOW,0,
EVT_07389,10.0,ALLOW,0,
EVT_07390,25.0,ALLOW,0,
EVT_07391,25.0,ALLOW,1,Unusual_Resource_Access
EVT_07392,25.0,ALLOW,0,
EVT_07393,10.0,ALLOW,0,
EVT_07394,10.0,ALLOW,0,
EVT_07395,25.0,ALLOW,0,
EVT_07396,25.0,ALLOW,0,
EVT_07397,15.0,ALLOW,0,
EVT_07398,15.0,ALLOW,0,
EVT_07399,10.0,ALLOW,0,
EVT_07400,35.0,ALLOW,0,
EVT_07401,10.0,ALLOW,0,
EVT_07402,10.0,ALLOW,0,
EVT_07403,10.0,ALLOW,0,
EVT_07404,10.0,ALLOW,0,
EVT_07405,15.0,ALLOW,0,
EVT_07406,10.0,ALLOW,0,
EVT_07407,20.0,ALLOW,0,
EVT_07408,25.0,ALLOW,0,
EVT_07409,45.0,CHALLENGE,1,Impossible_Travel
EVT_07410,45.0,CHALLENGE,0,
EVT_07411,25.0,ALLOW,0,
EVT_07412,40.0,ALLOW,0,
EVT_07413,10.0,ALLOW,0,
EVT_07414,45.0,CHALLENGE,1,Impossible_Travel
EVT_07415,25.0,ALLOW,0,
EVT_07416,10.0,ALLOW,0,
EVT_07417,15.0,ALLOW,0,
EVT_07418,10.0,ALLOW,0,
EVT_07419,10.0,ALLOW,0,
EVT_07420,30.0,ALLOW,0,
EVT_07421,25.0,ALLOW,0,
EVT_07422,10.0,ALLOW,0,
EVT_07423,50.0,CHALLENGE,0,
EVT_07424,10.0,ALLOW,0,
EVT_07425,15.0,ALLOW,0,
EVT_07426,25.0,ALLOW,0,
EVT_07427,10.0,ALLOW,0,
EVT_07428,25.0,ALLOW,0,
EVT_07429,10.0,ALLOW,0,
EVT_07430,40.0,ALLOW,0,
EVT_07431,25.0,ALLOW,0,
EVT_07432,10.0,ALLOW,0,
EVT_07433,30.0,ALLOW,0,
EVT_07434,30.0,ALLOW,0,
EVT_07435,25.0,ALLOW,0,
EVT_07436,10.0,ALLOW,0,
EVT_07437,15.0,ALLOW,0,
EVT_07438,10.0,ALLOW,0,
EVT_07439,10.0,ALLOW,0,
EVT_07440,25.0,ALLOW,1,Unusual_Resource_Access
EVT_07441,40.0,ALLOW,0,
EVT_07442,40.0,ALLOW,0,
EVT_07443,25.0,ALLOW,0,
EVT_07444,25.0,ALLOW,0,
EVT_07445,10.0,ALLOW,0,
EVT_07446,10.0,ALLOW,0,
EVT_07447,10.0,ALLOW,0,
EVT_07448,10.0,ALLOW,0,
EVT_07449,15.0,ALLOW,0,
EVT_07450,85.0,BLOCK,1,New_Device_Sensitive
EVT_07451,10.0,ALLOW,0,
EVT_07452,10.0,ALLOW,0,
EVT_07453,10.0,ALLOW,0,
EVT_07454,15.0,ALLOW,0,
EVT_07455,10.0,ALLOW,0,
EVT_07456,45.0,CHALLENGE,0,
EVT_07457,10.0,ALLOW,0,
EVT_07458,25.0,ALLOW,0,
EVT_07459,10.0,ALLOW,0,
EVT_07460,70.0,CHALLENGE,1,New_Device_Sensitive
EVT_07461,10.0,ALLOW,0,
EVT_07462,25.0,ALLOW,0,
EVT_07463,10.0,ALLOW,0,
EVT_07464,25.0,ALLOW,0,
EVT_07465,25.0,ALLOW,1,Unusual_Resource_Access
EVT_07466,10.0,ALLOW,1,Bulk_Data_Spike
EVT_07467,10.0,ALLOW,1,Bulk_Data_Spike
EVT_07468,10.0,ALLOW,1,Bulk_Data_Spike
EVT_07469,10.0,ALLOW,1,Bulk_Data_Spike
EVT_07470,10.0,ALLOW,1,Bulk_Data_Spike
EVT_07471,10.0,ALLOW,1,Bulk_Data_Spike
EVT_07472,10.0,ALLOW,1,Bulk_Data_Spike
EVT_07473,10.0,ALLOW,1,Bulk_Data_Spike
EVT_07474,10.0,ALLOW,1,Bulk_Data_Spike
EVT_07475,10.0,ALLOW,1,Bulk_Data_Spike
EVT_07476,10.0,ALLOW,1,Bulk_Data_Spike
EVT_07477,25.0,ALLOW,0,
EVT_07478,10.0,ALLOW,1,Bulk_Data_Spike
EVT_07479,10.0,ALLOW,1,Bulk_Data_Spike
EVT_07480,10.0,ALLOW,1,Bulk_Data_Spike
EVT_07481,15.0,ALLOW,0,
EVT_07482,10.0,ALLOW,1,Bulk_Data_Spike
EVT_07483,10.0,ALLOW,1,Bulk_Data_Spike
EVT_07484,45.0,CHALLENGE,1,Impossible_Travel
EVT_07485,10.0,ALLOW,1,Bulk_Data_Spike
EVT_07486,10.0,ALLOW,1,Bulk_Data_Spike
EVT_07487,10.0,ALLOW,1,Bulk_Data_Spike
EVT_07488,25.0,ALLOW,0,
EVT_07489,10.0,ALLOW,1,Bulk_Data_Spike
EVT_07490,10.0,ALLOW,1,Bulk_Data_Spike
EVT_07491,10.0,ALLOW,1,Bulk_Data_Spike
EVT_07492,10.0,ALLOW,1,Bulk_Data_Spike
EVT_07493,10.0,ALLOW,1,Bulk_Data_Spike
EVT_07494,10.0,ALLOW,1,Bulk_Data_Spike
EVT_07495,25.0,ALLOW,0,
EVT_07496,15.0,ALLOW,0,
EVT_07497,10.0,ALLOW,0,
EVT_07498,10.0,ALLOW,0,
EVT_07499,10.0,ALLOW,0,
EVT_07500,10.0,ALLOW,0,
EVT_07501,25.0,ALLOW,0,
EVT_07502,10.0,ALLOW,0,
EVT_07503,10.0,ALLOW,0,
EVT_07504,10.0,ALLOW,0,
EVT_07505,25.0,ALLOW,0,
EVT_07506,50.0,CHALLENGE,0,
EVT_07507,25.0,ALLOW,0,
EVT_07508,10.0,ALLOW,0,
EVT_07509,10.0,ALLOW,0,
EVT_07510,35.0,ALLOW,0,
EVT_07511,15.0,ALLOW,0,
EVT_07512,10.0,ALLOW,0,
EVT_07513,10.0,ALLOW,0,
EVT_07514,35.0,ALLOW,0,
EVT_07515,15.0,ALLOW,0,
EVT_07516,10.0,ALLOW,0,
EVT_07517,10.0,ALLOW,0,
EVT_07518,10.0,ALLOW,0,
EVT_07519,10.0,ALLOW,0,
EVT_07520,15.0,ALLOW,0,
EVT_07521,15.0,ALLOW,0,
EVT_07522,10.0,ALLOW,0,
EVT_07523,25.0,ALLOW,0,
EVT_07524,25.0,ALLOW,0,
EVT_07525,10.0,ALLOW,0,
EVT_07526,10.0,ALLOW,0,
EVT_07527,25.0,ALLOW,0,
EVT_07528,10.0,ALLOW,0,
EVT_07529,10.0,ALLOW,0,
EVT_07530,30.0,ALLOW,0,
EVT_07531,25.0,ALLOW,0,
EVT_07532,40.0,ALLOW,0,
EVT_07533,35.0,ALLOW,1,Unusual_Resource_Access
EVT_07534,15.0,ALLOW,0,
EVT_07535,20.0,ALLOW,0,
EVT_07536,30.0,ALLOW,0,
EVT_07537,15.0,ALLOW,0,
EVT_07538,10.0,ALLOW,0,
EVT_07539,40.0,ALLOW,0,
EVT_07540,40.0,ALLOW,0,
EVT_07541,25.0,ALLOW,0,
EVT_07542,25.0,ALLOW,0,
EVT_07543,15.0,ALLOW,0,
EVT_07544,25.0,ALLOW,0,
EVT_07545,15.0,ALLOW,0,
EVT_07546,45.0,CHALLENGE,0,
EVT_07547,10.0,ALLOW,0,
EVT_07548,15.0,ALLOW,0,
EVT_07549,10.0,ALLOW,0,
EVT_07550,25.0,ALLOW,0,
EVT_07551,15.0,ALLOW,0,
EVT_07552,40.0,ALLOW,0,
EVT_07553,30.0,ALLOW,0,
EVT_07554,25.0,ALLOW,0,
EVT_07555,30.0,ALLOW,0,
EVT_07556,25.0,ALLOW,0,
EVT_07557,10.0,ALLOW,0,
EVT_07558,10.0,ALLOW,0,
EVT_07559,20.0,ALLOW,0,
EVT_07560,40.0,ALLOW,0,
EVT_07561,10.0,ALLOW,0,
EVT_07562,25.0,ALLOW,0,
EVT_07563,30.0,ALLOW,0,
EVT_07564,20.0,ALLOW,0,
EVT_07565,10.0,ALLOW,0,
EVT_07566,25.0,ALLOW,0,
EVT_07567,10.0,ALLOW,0,
EVT_07568,25.0,ALLOW,0,
EVT_07569,35.0,ALLOW,1,Unusual_Resource_Access
EVT_07570,25.0,ALLOW,0,
EVT_07571,10.0,ALLOW,0,
EVT_07572,30.0,ALLOW,0,
EVT_07573,25.0,ALLOW,0,
EVT_07574,45.0,CHALLENGE,1,Impossible_Travel
EVT_07575,25.0,ALLOW,0,
EVT_07576,10.0,ALLOW,0,
EVT_07577,25.0,ALLOW,0,
EVT_07578,45.0,CHALLENGE,1,Impossible_Travel
EVT_07579,70.0,CHALLENGE,1,New_Device_Sensitive
EVT_07580,15.0,ALLOW,0,
EVT_07581,10.0,ALLOW,0,
EVT_07582,80.0,BLOCK,1,Privilege_Escalation
EVT_07583,80.0,BLOCK,1,Privilege_Escalation
EVT_07584,80.0,BLOCK,1,Privilege_Escalation
EVT_07585,80.0,BLOCK,1,Privilege_Escalation
EVT_07586,80.0,BLOCK,1,Privilege_Escalation
EVT_07587,70.0,CHALLENGE,1,Privilege_Escalation
EVT_07588,10.0,ALLOW,0,
EVT_07589,10.0,ALLOW,0,
EVT_07590,15.0,ALLOW,0,
EVT_07591,25.0,ALLOW,0,
EVT_07592,45.0,CHALLENGE,0,
EVT_07593,35.0,ALLOW,0,
EVT_07594,25.0,ALLOW,1,Unusual_Resource_Access
EVT_07595,10.0,ALLOW,0,
EVT_07596,10.0,ALLOW,0,
EVT_07597,10.0,ALLOW,0,
EVT_07598,10.0,ALLOW,0,
EVT_07599,25.0,ALLOW,0,
EVT_07600,45.0,CHALLENGE,0,
EVT_07601,25.0,ALLOW,0,
EVT_07602,25.0,ALLOW,0,
EVT_07603,25.0,ALLOW,0,
EVT_07604,25.0,ALLOW,0,
EVT_07605,10.0,ALLOW,0,
EVT_07606,10.0,ALLOW,0,
EVT_07607,25.0,ALLOW,0,
EVT_07608,10.0,ALLOW,0,
EVT_07609,10.0,ALLOW,0,
EVT_07610,45.0,CHALLENGE,0,
EVT_07611,10.0,ALLOW,0,
EVT_07612,45.0,CHALLENGE,0,
EVT_07613,35.0,ALLOW,0,
EVT_07614,10.0,ALLOW,0,
EVT_07615,10.0,ALLOW,0,
EVT_07616,15.0,ALLOW,0,
EVT_07617,10.0,ALLOW,0,
EVT_07618,35.0,ALLOW,0,
EVT_07619,25.0,ALLOW,0,
EVT_07620,10.0,ALLOW,0,
EVT_07621,25.0,ALLOW,0,
EVT_07622,25.0,ALLOW,0,
EVT_07623,25.0,ALLOW,0,
EVT_07624,10.0,ALLOW,0,
EVT_07625,20.0,ALLOW,0,
EVT_07626,50.0,CHALLENGE,0,
EVT_07627,10.0,ALLOW,0,
EVT_07628,25.0,ALLOW,0,
EVT_07629,10.0,ALLOW,0,
EVT_07630,25.0,ALLOW,0,
EVT_07631,10.0,ALLOW,0,
EVT_07632,25.0,ALLOW,0,
EVT_07633,10.0,ALLOW,0,
EVT_07634,25.0,ALLOW,0,
EVT_07635,10.0,ALLOW,0,
EVT_07636,10.0,ALLOW,0,
EVT_07637,10.0,ALLOW,0,
EVT_07638,40.0,ALLOW,0,
EVT_07639,15.0,ALLOW,0,
EVT_07640,10.0,ALLOW,0,
EVT_07641,10.0,ALLOW,0,
EVT_07642,10.0,ALLOW,0,
EVT_07643,25.0,ALLOW,0,
EVT_07644,10.0,ALLOW,0,
EVT_07645,10.0,ALLOW,0,
EVT_07646,10.0,ALLOW,0,
EVT_07647,25.0,ALLOW,0,
EVT_07648,10.0,ALLOW,0,
EVT_07649,15.0,ALLOW,0,
EVT_07650,50.0,CHALLENGE,0,
EVT_07651,10.0,ALLOW,0,
EVT_07652,35.0,ALLOW,0,
EVT_07653,35.0,ALLOW,0,
EVT_07654,45.0,CHALLENGE,0,
EVT_07655,25.0,ALLOW,0,
EVT_07656,10.0,ALLOW,0,
EVT_07657,10.0,ALLOW,0,
EVT_07658,25.0,ALLOW,0,
EVT_07659,10.0,ALLOW,0,
EVT_07660,25.0,ALLOW,0,
EVT_07661,10.0,ALLOW,0,
EVT_07662,15.0,ALLOW,0,
EVT_07663,10.0,ALLOW,0,
EVT_07664,10.0,ALLOW,0,
EVT_07665,25.0,ALLOW,0,
EVT_07666,10.0,ALLOW,0,
EVT_07667,10.0,ALLOW,0,
EVT_07668,25.0,ALLOW,0,
EVT_07669,40.0,ALLOW,0,
EVT_07670,25.0,ALLOW,0,
EVT_07671,10.0,ALLOW,0,
EVT_07672,35.0,ALLOW,0,
EVT_07673,10.0,ALLOW,0,
EVT_07674,25.0,ALLOW,0,
EVT_07675,10.0,ALLOW,0,
EVT_07676,10.0,ALLOW,0,
EVT_07677,25.0,ALLOW,0,
EVT_07678,10.0,ALLOW,0,
EVT_07679,10.0,ALLOW,0,
EVT_07680,10.0,ALLOW,0,
EVT_07681,15.0,ALLOW,0,
EVT_07682,10.0,ALLOW,0,
EVT_07683,10.0,ALLOW,0,
EVT_07684,10.0,ALLOW,0,
EVT_07685,25.0,ALLOW,0,
EVT_07686,25.0,ALLOW,0,
EVT_07687,15.0,ALLOW,0,
EVT_07688,15.0,ALLOW,0,
EVT_07689,25.0,ALLOW,0,
EVT_07690,10.0,ALLOW,0,
EVT_07691,10.0,ALLOW,0,
EVT_07692,25.0,ALLOW,0,
EVT_07693,25.0,ALLOW,0,
EVT_07694,30.0,ALLOW,0,
EVT_07695,10.0,ALLOW,0,
EVT_07696,10.0,ALLOW,0,
EVT_07697,25.0,ALLOW,0,
EVT_07698,45.0,CHALLENGE,0,
EVT_07699,25.0,ALLOW,0,
EVT_07700,25.0,ALLOW,0,
EVT_07701,25.0,ALLOW,0,
EVT_07702,40.0,ALLOW,0,
EVT_07703,15.0,ALLOW,0,
EVT_07704,10.0,ALLOW,0,
EVT_07705,10.0,ALLOW,0,
EVT_07706,70.0,CHALLENGE,1,Off_Hours_Privileged
EVT_07707,70.0,CHALLENGE,1,Off_Hours_Privileged
EVT_07708,70.0,CHALLENGE,1,Off_Hours_Privileged
EVT_07709,75.0,BLOCK,1,Off_Hours_Privileged
EVT_07710,70.0,CHALLENGE,1,Off_Hours_Privileged
EVT_07711,70.0,CHALLENGE,1,Off_Hours_Privileged
EVT_07712,70.0,CHALLENGE,1,Off_Hours_Privileged
EVT_07713,75.0,BLOCK,1,Off_Hours_Privileged
EVT_07714,70.0,CHALLENGE,1,Off_Hours_Privileged
EVT_07715,70.0,CHALLENGE,1,Off_Hours_Privileged
EVT_07716,70.0,CHALLENGE,1,Off_Hours_Privileged
EVT_07717,70.0,CHALLENGE,1,Off_Hours_Privileged
EVT_07718,75.0,BLOCK,1,Off_Hours_Privileged
EVT_07719,25.0,ALLOW,0,
EVT_07720,10.0,ALLOW,0,
EVT_07721,45.0,CHALLENGE,0,
EVT_07722,10.0,ALLOW,0,
EVT_07723,10.0,ALLOW,0,
EVT_07724,45.0,CHALLENGE,0,
EVT_07725,10.0,ALLOW,0,
EVT_07726,25.0,ALLOW,0,
EVT_07727,15.0,ALLOW,0,
EVT_07728,10.0,ALLOW,0,
EVT_07729,15.0,ALLOW,0,
EVT_07730,10.0,ALLOW,0,
EVT_07731,10.0,ALLOW,0,
EVT_07732,30.0,ALLOW,0,
EVT_07733,10.0,ALLOW,0,
EVT_07734,10.0,ALLOW,0,
EVT_07735,10.0,ALLOW,0,
EVT_07736,10.0,ALLOW,0,
EVT_07737,15.0,ALLOW,0,
EVT_07738,15.0,ALLOW,0,
EVT_07739,10.0,ALLOW,0,
EVT_07740,45.0,CHALLENGE,0,
EVT_07741,25.0,ALLOW,0,
EVT_07742,25.0,ALLOW,0,
EVT_07743,15.0,ALLOW,0,
EVT_07744,25.0,ALLOW,0,
EVT_07745,10.0,ALLOW,0,
EVT_07746,25.0,ALLOW,0,
EVT_07747,25.0,ALLOW,0,
EVT_07748,25.0,ALLOW,0,
EVT_07749,25.0,ALLOW,0,
EVT_07750,25.0,ALLOW,0,
EVT_07751,40.0,ALLOW,0,
EVT_07752,10.0,ALLOW,0,
EVT_07753,25.0,ALLOW,0,
EVT_07754,10.0,ALLOW,0,
EVT_07755,30.0,ALLOW,0,
EVT_07756,10.0,ALLOW,0,
EVT_07757,10.0,ALLOW,0,
EVT_07758,10.0,ALLOW,0,
EVT_07759,10.0,ALLOW,0,
EVT_07760,10.0,ALLOW,0,
EVT_07761,30.0,ALLOW,0,
EVT_07762,50.0,CHALLENGE,0,
EVT_07763,35.0,ALLOW,0,
EVT_07764,10.0,ALLOW,0,
EVT_07765,10.0,ALLOW,0,
EVT_07766,10.0,ALLOW,0,
EVT_07767,15.0,ALLOW,0,
EVT_07768,25.0,ALLOW,0,
EVT_07769,15.0,ALLOW,0,
EVT_07770,15.0,ALLOW,0,
EVT_07771,25.0,ALLOW,0,
EVT_07772,25.0,ALLOW,0,
EVT_07773,10.0,ALLOW,0,
EVT_07774,25.0,ALLOW,0,
EVT_07775,10.0,ALLOW,0,
EVT_07776,25.0,ALLOW,0,
EVT_07777,10.0,ALLOW,0,
EVT_07778,10.0,ALLOW,0,
EVT_07779,10.0,ALLOW,0,
EVT_07780,10.0,ALLOW,0,
EVT_07781,10.0,ALLOW,0,
EVT_07782,10.0,ALLOW,0,
EVT_07783,10.0,ALLOW,0,
EVT_07784,15.0,ALLOW,0,
EVT_07785,45.0,CHALLENGE,0,
EVT_07786,10.0,ALLOW,0,
EVT_07787,25.0,ALLOW,0,
EVT_07788,10.0,ALLOW,0,
EVT_07789,10.0,ALLOW,0,
EVT_07790,10.0,ALLOW,0,
EVT_07791,10.0,ALLOW,0,
EVT_07792,10.0,ALLOW,0,
EVT_07793,10.0,ALLOW,0,
EVT_07794,10.0,ALLOW,0,
EVT_07795,10.0,ALLOW,0,
EVT_07796,10.0,ALLOW,0,
EVT_07797,50.0,CHALLENGE,0,
EVT_07798,25.0,ALLOW,0,
EVT_07799,15.0,ALLOW,0,
EVT_07800,25.0,ALLOW,0,
EVT_07801,25.0,ALLOW,0,
EVT_07802,30.0,ALLOW,0,
EVT_07803,30.0,ALLOW,0,
EVT_07804,10.0,ALLOW,0,
EVT_07805,20.0,ALLOW,0,
EVT_07806,10.0,ALLOW,0,
EVT_07807,10.0,ALLOW,0,
EVT_07808,10.0,ALLOW,0,
EVT_07809,10.0,ALLOW,0,
EVT_07810,35.0,ALLOW,0,
EVT_07811,10.0,ALLOW,0,
EVT_07812,10.0,ALLOW,0,
EVT_07813,25.0,ALLOW,0,
EVT_07814,25.0,ALLOW,0,
EVT_07815,25.0,ALLOW,0,
EVT_07816,15.0,ALLOW,0,
EVT_07817,65.0,CHALLENGE,0,
EVT_07818,25.0,ALLOW,0,
EVT_07819,10.0,ALLOW,0,
EVT_07820,25.0,ALLOW,0,
EVT_07821,40.0,ALLOW,0,
EVT_07822,15.0,ALLOW,0,
EVT_07823,85.0,BLOCK,1,New_Device_Sensitive
EVT_07824,40.0,ALLOW,0,
EVT_07825,15.0,ALLOW,0,
EVT_07826,15.0,ALLOW,0,
EVT_07827,10.0,ALLOW,0,
EVT_07828,30.0,ALLOW,0,
EVT_07829,10.0,ALLOW,0,
EVT_07830,25.0,ALLOW,0,
EVT_07831,70.0,CHALLENGE,1,New_Device_Sensitive
EVT_07832,10.0,ALLOW,0,
EVT_07833,25.0,ALLOW,0,
EVT_07834,25.0,ALLOW,0,
EVT_07835,15.0,ALLOW,0,
EVT_07836,35.0,ALLOW,0,
EVT_07837,25.0,ALLOW,0,
EVT_07838,10.0,ALLOW,0,
EVT_07839,15.0,ALLOW,0,
EVT_07840,10.0,ALLOW,0,
EVT_07841,15.0,ALLOW,0,
EVT_07842,25.0,ALLOW,0,
EVT_07843,25.0,ALLOW,1,Unusual_Resource_Access
EVT_07844,35.0,ALLOW,0,
EVT_07845,10.0,ALLOW,0,
EVT_07846,10.0,ALLOW,0,
EVT_07847,10.0,ALLOW,0,
EVT_07848,20.0,ALLOW,0,
EVT_07849,30.0,ALLOW,0,
EVT_07850,15.0,ALLOW,0,
EVT_07851,15.0,ALLOW,0,
EVT_07852,10.0,ALLOW,0,
EVT_07853,25.0,ALLOW,0,
EVT_07854,10.0,ALLOW,0,
EVT_07855,10.0,ALLOW,0,
EVT_07856,15.0,ALLOW,0,
EVT_07857,15.0,ALLOW,0,
EVT_07858,45.0,CHALLENGE,1,Impossible_Travel
EVT_07859,25.0,ALLOW,0,
EVT_07860,25.0,ALLOW,0,
EVT_07861,70.0,CHALLENGE,1,New_Device_Sensitive
EVT_07862,40.0,ALLOW,0,
EVT_07863,10.0,ALLOW,0,
EVT_07864,10.0,ALLOW,0,
EVT_07865,10.0,ALLOW,0,
EVT_07866,10.0,ALLOW,0,
EVT_07867,15.0,ALLOW,0,
EVT_07868,15.0,ALLOW,0,
EVT_07869,10.0,ALLOW,0,
EVT_07870,60.0,CHALLENGE,0,
EVT_07871,15.0,ALLOW,0,
EVT_07872,70.0,CHALLENGE,1,New_Device_Sensitive
EVT_07873,10.0,ALLOW,0,
EVT_07874,10.0,ALLOW,0,
EVT_07875,30.0,ALLOW,0,
EVT_07876,10.0,ALLOW,0,
EVT_07877,45.0,CHALLENGE,1,Impossible_Travel
EVT_07878,25.0,ALLOW,0,
EVT_07879,10.0,ALLOW,0,
EVT_07880,25.0,ALLOW,0,
EVT_07881,10.0,ALLOW,0,
EVT_07882,20.0,ALLOW,0,
EVT_07883,10.0,ALLOW,0,
EVT_07884,10.0,ALLOW,0,
EVT_07885,70.0,CHALLENGE,1,New_Device_Sensitive
EVT_07886,10.0,ALLOW,0,
EVT_07887,25.0,ALLOW,0,
EVT_07888,40.0,ALLOW,0,
EVT_07889,10.0,ALLOW,0,
EVT_07890,25.0,ALLOW,0,
EVT_07891,45.0,CHALLENGE,1,Impossible_Travel
EVT_07892,25.0,ALLOW,0,
EVT_07893,10.0,ALLOW,0,
EVT_07894,10.0,ALLOW,0,
EVT_07895,45.0,CHALLENGE,1,Impossible_Travel
EVT_07896,20.0,ALLOW,0,
EVT_07897,25.0,ALLOW,0,
EVT_07898,25.0,ALLOW,0,
EVT_07899,25.0,ALLOW,0,
EVT_07900,10.0,ALLOW,0,
EVT_07901,25.0,ALLOW,0,
EVT_07902,45.0,CHALLENGE,0,
EVT_07903,10.0,ALLOW,0,
EVT_07904,25.0,ALLOW,0,
EVT_07905,10.0,ALLOW,0,
EVT_07906,10.0,ALLOW,0,
EVT_07907,10.0,ALLOW,0,
EVT_07908,15.0,ALLOW,0,
EVT_07909,50.0,CHALLENGE,0,
EVT_07910,15.0,ALLOW,0,
EVT_07911,10.0,ALLOW,0,
EVT_07912,15.0,ALLOW,0,
EVT_07913,10.0,ALLOW,0,
EVT_07914,20.0,ALLOW,0,
EVT_07915,15.0,ALLOW,0,
EVT_07916,10.0,ALLOW,0,
EVT_07917,25.0,ALLOW,1,Unusual_Resource_Access
EVT_07918,10.0,ALLOW,0,
EVT_07919,10.0,ALLOW,0,
EVT_07920,15.0,ALLOW,0,
EVT_07921,25.0,ALLOW,0,
EVT_07922,45.0,CHALLENGE,1,Impossible_Travel
EVT_07923,10.0,ALLOW,0,
EVT_07924,10.0,ALLOW,0,
EVT_07925,10.0,ALLOW,0,
EVT_07926,25.0,ALLOW,0,
EVT_07927,35.0,ALLOW,1,Unusual_Resource_Access
EVT_07928,25.0,ALLOW,0,
EVT_07929,10.0,ALLOW,0,
EVT_07930,10.0,ALLOW,0,
EVT_07931,10.0,ALLOW,0,
EVT_07932,25.0,ALLOW,0,
EVT_07933,25.0,ALLOW,0,
EVT_07934,20.0,ALLOW,0,
EVT_07935,10.0,ALLOW,0,
EVT_07936,25.0,ALLOW,0,
EVT_07937,25.0,ALLOW,0,
EVT_07938,85.0,BLOCK,1,New_Device_Sensitive
EVT_07939,30.0,ALLOW,0,
EVT_07940,10.0,ALLOW,0,
EVT_07941,10.0,ALLOW,0,
EVT_07942,10.0,ALLOW,0,
EVT_07943,25.0,ALLOW,0,
EVT_07944,25.0,ALLOW,0,
EVT_07945,10.0,ALLOW,0,
EVT_07946,35.0,ALLOW,0,
EVT_07947,10.0,ALLOW,0,
EVT_07948,15.0,ALLOW,0,
EVT_07949,25.0,ALLOW,0,
EVT_07950,55.0,CHALLENGE,0,
EVT_07951,30.0,ALLOW,0,
EVT_07952,10.0,ALLOW,0,
EVT_07953,45.0,CHALLENGE,0,
EVT_07954,10.0,ALLOW,0,
EVT_07955,30.0,ALLOW,0,
EVT_07956,25.0,ALLOW,0,
EVT_07957,40.0,ALLOW,0,
EVT_07958,15.0,ALLOW,0,
EVT_07959,85.0,BLOCK,1,New_Device_Sensitive
EVT_07960,10.0,ALLOW,0,
EVT_07961,25.0,ALLOW,0,
EVT_07962,10.0,ALLOW,0,
EVT_07963,10.0,ALLOW,0,
EVT_07964,15.0,ALLOW,0,
EVT_07965,25.0,ALLOW,0,
EVT_07966,10.0,ALLOW,0,
EVT_07967,35.0,ALLOW,0,
EVT_07968,15.0,ALLOW,0,
EVT_07969,35.0,ALLOW,0,
EVT_07970,25.0,ALLOW,0,
EVT_07971,40.0,ALLOW,0,
EVT_07972,10.0,ALLOW,0,
EVT_07973,25.0,ALLOW,0,
EVT_07974,15.0,ALLOW,0,
EVT_07975,10.0,ALLOW,0,
EVT_07976,25.0,ALLOW,0,
EVT_07977,10.0,ALLOW,0,
EVT_07978,20.0,ALLOW,0,
EVT_07979,10.0,ALLOW,0,
EVT_07980,15.0,ALLOW,0,
EVT_07981,10.0,ALLOW,0,
EVT_07982,25.0,ALLOW,0,
EVT_07983,10.0,ALLOW,0,
EVT_07984,15.0,ALLOW,0,
EVT_07985,10.0,ALLOW,0,
EVT_07986,10.0,ALLOW,0,
EVT_07987,10.0,ALLOW,0,
EVT_07988,10.0,ALLOW,0,
EVT_07989,35.0,ALLOW,0,
EVT_07990,25.0,ALLOW,0,
EVT_07991,10.0,ALLOW,0,
EVT_07992,70.0,CHALLENGE,0,
EVT_07993,25.0,ALLOW,0,
EVT_07994,45.0,CHALLENGE,0,
EVT_07995,25.0,ALLOW,0,
EVT_07996,25.0,ALLOW,0,
EVT_07997,10.0,ALLOW,0,
EVT_07998,10.0,ALLOW,0,
EVT_07999,25.0,ALLOW,0,
EVT_08000,10.0,ALLOW,0,
EVT_08001,10.0,ALLOW,0,
EVT_08002,10.0,ALLOW,0,
EVT_08003,10.0,ALLOW,0,
EVT_08004,25.0,ALLOW,0,
EVT_08005,15.0,ALLOW,0,
EVT_08006,10.0,ALLOW,0,
EVT_08007,25.0,ALLOW,0,
EVT_08008,10.0,ALLOW,0,
EVT_08009,10.0,ALLOW,0,
EVT_08010,40.0,ALLOW,0,
EVT_08011,40.0,ALLOW,0,
EVT_08012,30.0,ALLOW,0,
EVT_08013,10.0,ALLOW,0,
EVT_08014,10.0,ALLOW,0,
EVT_08015,10.0,ALLOW,0,
EVT_08016,25.0,ALLOW,0,
EVT_08017,85.0,BLOCK,1,New_Device_Sensitive
EVT_08018,10.0,ALLOW,0,
EVT_08019,40.0,ALLOW,0,
EVT_08020,25.0,ALLOW,0,
EVT_08021,25.0,ALLOW,1,Unusual_Resource_Access
EVT_08022,10.0,ALLOW,0,
EVT_08023,10.0,ALLOW,0,
EVT_08024,25.0,ALLOW,0,
EVT_08025,10.0,ALLOW,0,
EVT_08026,10.0,ALLOW,0,
EVT_08027,10.0,ALLOW,0,
EVT_08028,25.0,ALLOW,0,
EVT_08029,25.0,ALLOW,0,
EVT_08030,35.0,ALLOW,0,
EVT_08031,10.0,ALLOW,0,
EVT_08032,10.0,ALLOW,0,
EVT_08033,25.0,ALLOW,0,
EVT_08034,10.0,ALLOW,0,
EVT_08035,10.0,ALLOW,0,
EVT_08036,10.0,ALLOW,0,
EVT_08037,15.0,ALLOW,0,
EVT_08038,10.0,ALLOW,0,
EVT_08039,30.0,ALLOW,0,
EVT_08040,25.0,ALLOW,0,
EVT_08041,25.0,ALLOW,0,
EVT_08042,10.0,ALLOW,0,
EVT_08043,10.0,ALLOW,0,
EVT_08044,15.0,ALLOW,0,
EVT_08045,15.0,ALLOW,0,
EVT_08046,10.0,ALLOW,0,
EVT_08047,10.0,ALLOW,0,
EVT_08048,50.0,CHALLENGE,0,
EVT_08049,10.0,ALLOW,0,
EVT_08050,10.0,ALLOW,0,
EVT_08051,10.0,ALLOW,0,
EVT_08052,10.0,ALLOW,0,
EVT_08053,25.0,ALLOW,0,
EVT_08054,10.0,ALLOW,0,
EVT_08055,10.0,ALLOW,0,
EVT_08056,10.0,ALLOW,0,
EVT_08057,25.0,ALLOW,0,
EVT_08058,85.0,BLOCK,1,New_Device_Sensitive
EVT_08059,10.0,ALLOW,0,
EVT_08060,25.0,ALLOW,0,
EVT_08061,10.0,ALLOW,0,
EVT_08062,15.0,ALLOW,0,
EVT_08063,10.0,ALLOW,0,
EVT_08064,45.0,CHALLENGE,0,
EVT_08065,10.0,ALLOW,0,
EVT_08066,45.0,CHALLENGE,0,
EVT_08067,15.0,ALLOW,0,
EVT_08068,50.0,CHALLENGE,0,
EVT_08069,25.0,ALLOW,0,
EVT_08070,35.0,ALLOW,0,
EVT_08071,25.0,ALLOW,0,
EVT_08072,10.0,ALLOW,0,
EVT_08073,40.0,ALLOW,0,
EVT_08074,10.0,ALLOW,0,
EVT_08075,40.0,ALLOW,0,
EVT_08076,10.0,ALLOW,0,
EVT_08077,10.0,ALLOW,0,
EVT_08078,25.0,ALLOW,0,
EVT_08079,10.0,ALLOW,0,
EVT_08080,10.0,ALLOW,0,
EVT_08081,15.0,ALLOW,0,
EVT_08082,10.0,ALLOW,0,
EVT_08083,10.0,ALLOW,0,
EVT_08084,30.0,ALLOW,0,
EVT_08085,15.0,ALLOW,0,
EVT_08086,45.0,CHALLENGE,1,Impossible_Travel
EVT_08087,10.0,ALLOW,0,
EVT_08088,10.0,ALLOW,0,
EVT_08089,70.0,CHALLENGE,1,New_Device_Sensitive
EVT_08090,25.0,ALLOW,0,
EVT_08091,15.0,ALLOW,0,
EVT_08092,40.0,ALLOW,0,
EVT_08093,25.0,ALLOW,0,
EVT_08094,10.0,ALLOW,0,
EVT_08095,10.0,ALLOW,0,
EVT_08096,25.0,ALLOW,0,
EVT_08097,25.0,ALLOW,0,
EVT_08098,15.0,ALLOW,0,
EVT_08099,35.0,ALLOW,0,
EVT_08100,25.0,ALLOW,0,
EVT_08101,10.0,ALLOW,0,
EVT_08102,45.0,CHALLENGE,0,
EVT_08103,15.0,ALLOW,0,
EVT_08104,10.0,ALLOW,0,
EVT_08105,25.0,ALLOW,0,
EVT_08106,25.0,ALLOW,0,
EVT_08107,15.0,ALLOW,0,
EVT_08108,25.0,ALLOW,0,
EVT_08109,15.0,ALLOW,0,
EVT_08110,10.0,ALLOW,0,
EVT_08111,50.0,CHALLENGE,0,
EVT_08112,10.0,ALLOW,0,
EVT_08113,15.0,ALLOW,0,
EVT_08114,15.0,ALLOW,0,
EVT_08115,10.0,ALLOW,0,
EVT_08116,10.0,ALLOW,0,
EVT_08117,25.0,ALLOW,0,
EVT_08118,25.0,ALLOW,0,
EVT_08119,15.0,ALLOW,0,
EVT_08120,25.0,ALLOW,0,
EVT_08121,10.0,ALLOW,0,
EVT_08122,10.0,ALLOW,0,
EVT_08123,25.0,ALLOW,0,
EVT_08124,25.0,ALLOW,0,
EVT_08125,20.0,ALLOW,0,
EVT_08126,35.0,ALLOW,0,
EVT_08127,15.0,ALLOW,0,
EVT_08128,30.0,ALLOW,0,
EVT_08129,10.0,ALLOW,0,
EVT_08130,10.0,ALLOW,0,
EVT_08131,25.0,ALLOW,0,
EVT_08132,25.0,ALLOW,0,
EVT_08133,10.0,ALLOW,0,
EVT_08134,25.0,ALLOW,0,
EVT_08135,10.0,ALLOW,0,
EVT_08136,10.0,ALLOW,0,
EVT_08137,10.0,ALLOW,0,
EVT_08138,25.0,ALLOW,0,
EVT_08139,10.0,ALLOW,0,
EVT_08140,10.0,ALLOW,0,
EVT_08141,10.0,ALLOW,0,
EVT_08142,10.0,ALLOW,0,
EVT_08143,45.0,CHALLENGE,0,
EVT_08144,20.0,ALLOW,0,
EVT_08145,10.0,ALLOW,0,
EVT_08146,25.0,ALLOW,0,
EVT_08147,15.0,ALLOW,0,
EVT_08148,10.0,ALLOW,0,
EVT_08149,10.0,ALLOW,0,
EVT_08150,10.0,ALLOW,0,
EVT_08151,10.0,ALLOW,0,
EVT_08152,10.0,ALLOW,0,
EVT_08153,15.0,ALLOW,0,
EVT_08154,45.0,CHALLENGE,0,
EVT_08155,50.0,CHALLENGE,0,
EVT_08156,30.0,ALLOW,0,
EVT_08157,25.0,ALLOW,0,
EVT_08158,10.0,ALLOW,0,
EVT_08159,40.0,ALLOW,0,
EVT_08160,30.0,ALLOW,0,
EVT_08161,10.0,ALLOW,0,
EVT_08162,40.0,ALLOW,0,
EVT_08163,10.0,ALLOW,0,
EVT_08164,30.0,ALLOW,0,
EVT_08165,25.0,ALLOW,0,
EVT_08166,30.0,ALLOW,0,
EVT_08167,10.0,ALLOW,0,
EVT_08168,10.0,ALLOW,0,
EVT_08169,25.0,ALLOW,0,
EVT_08170,10.0,ALLOW,0,
EVT_08171,35.0,ALLOW,0,
EVT_08172,10.0,ALLOW,0,
EVT_08173,40.0,ALLOW,0,
EVT_08174,10.0,ALLOW,0,
EVT_08175,10.0,ALLOW,0,
EVT_08176,40.0,ALLOW,0,
EVT_08177,45.0,CHALLENGE,0,
EVT_08178,10.0,ALLOW,0,
EVT_08179,10.0,ALLOW,0,
EVT_08180,10.0,ALLOW,0,
EVT_08181,25.0,ALLOW,0,
EVT_08182,20.0,ALLOW,0,
EVT_08183,10.0,ALLOW,0,
EVT_08184,45.0,CHALLENGE,0,
EVT_08185,10.0,ALLOW,0,
EVT_08186,40.0,ALLOW,0,
EVT_08187,25.0,ALLOW,0,
EVT_08188,15.0,ALLOW,0,
EVT_08189,30.0,ALLOW,0,
EVT_08190,60.0,CHALLENGE,0,
EVT_08191,10.0,ALLOW,0,
EVT_08192,30.0,ALLOW,0,
EVT_08193,10.0,ALLOW,0,
EVT_08194,10.0,ALLOW,0,
EVT_08195,10.0,ALLOW,0,
EVT_08196,85.0,BLOCK,1,New_Device_Sensitive
EVT_08197,10.0,ALLOW,0,
EVT_08198,10.0,ALLOW,0,
EVT_08199,10.0,ALLOW,0,
EVT_08200,15.0,ALLOW,0,
EVT_08201,25.0,ALLOW,0,
EVT_08202,15.0,ALLOW,0,
EVT_08203,15.0,ALLOW,0,
EVT_08204,25.0,ALLOW,0,
EVT_08205,15.0,ALLOW,0,
EVT_08206,45.0,CHALLENGE,0,
EVT_08207,15.0,ALLOW,0,
EVT_08208,10.0,ALLOW,0,
EVT_08209,15.0,ALLOW,0,
EVT_08210,30.0,ALLOW,0,
EVT_08211,30.0,ALLOW,0,
EVT_08212,30.0,ALLOW,0,
EVT_08213,20.0,ALLOW,0,
EVT_08214,55.0,CHALLENGE,0,
EVT_08215,10.0,ALLOW,0,
EVT_08216,25.0,ALLOW,0,
EVT_08217,25.0,ALLOW,0,
EVT_08218,35.0,ALLOW,0,
EVT_08219,25.0,ALLOW,0,
EVT_08220,10.0,ALLOW,0,
EVT_08221,25.0,ALLOW,0,
EVT_08222,10.0,ALLOW,0,
EVT_08223,10.0,ALLOW,0,
EVT_08224,25.0,ALLOW,0,
EVT_08225,10.0,ALLOW,0,
EVT_08226,25.0,ALLOW,0,
EVT_08227,25.0,ALLOW,0,
EVT_08228,25.0,ALLOW,0,
EVT_08229,25.0,ALLOW,0,
EVT_08230,40.0,ALLOW,0,
EVT_08231,25.0,ALLOW,0,
EVT_08232,25.0,ALLOW,0,
EVT_08233,10.0,ALLOW,0,
EVT_08234,15.0,ALLOW,0,
EVT_08235,10.0,ALLOW,0,
EVT_08236,25.0,ALLOW,0,
EVT_08237,25.0,ALLOW,0,
EVT_08238,10.0,ALLOW,0,
EVT_08239,35.0,ALLOW,0,
EVT_08240,25.0,ALLOW,0,
EVT_08241,30.0,ALLOW,0,
EVT_08242,25.0,ALLOW,0,
EVT_08243,25.0,ALLOW,0,
EVT_08244,15.0,ALLOW,0,
EVT_08245,25.0,ALLOW,0,
EVT_08246,10.0,ALLOW,0,
EVT_08247,25.0,ALLOW,0,
EVT_08248,10.0,ALLOW,0,
EVT_08249,40.0,ALLOW,0,
EVT_08250,10.0,ALLOW,0,
EVT_08251,25.0,ALLOW,0,
EVT_08252,10.0,ALLOW,0,
EVT_08253,10.0,ALLOW,0,
EVT_08254,10.0,ALLOW,0,
EVT_08255,25.0,ALLOW,0,
EVT_08256,25.0,ALLOW,0,
EVT_08257,15.0,ALLOW,0,
EVT_08258,30.0,ALLOW,0,
EVT_08259,10.0,ALLOW,0,
EVT_08260,10.0,ALLOW,0,
EVT_08261,70.0,CHALLENGE,0,
EVT_08262,25.0,ALLOW,0,
EVT_08263,25.0,ALLOW,0,
EVT_08264,25.0,ALLOW,0,
EVT_08265,10.0,ALLOW,0,
EVT_08266,25.0,ALLOW,0,
EVT_08267,25.0,ALLOW,0,
EVT_08268,45.0,CHALLENGE,0,
EVT_08269,10.0,ALLOW,0,
EVT_08270,10.0,ALLOW,0,
EVT_08271,15.0,ALLOW,0,
EVT_08272,10.0,ALLOW,0,
EVT_08273,25.0,ALLOW,0,
EVT_08274,25.0,ALLOW,0,
EVT_08275,45.0,CHALLENGE,0,
EVT_08276,10.0,ALLOW,0,
EVT_08277,10.0,ALLOW,0,
EVT_08278,25.0,ALLOW,0,
EVT_08279,10.0,ALLOW,0,
EVT_08280,30.0,ALLOW,0,
EVT_08281,10.0,ALLOW,0,
EVT_08282,10.0,ALLOW,0,
EVT_08283,10.0,ALLOW,0,
EVT_08284,40.0,ALLOW,0,
EVT_08285,30.0,ALLOW,0,
EVT_08286,10.0,ALLOW,0,
EVT_08287,10.0,ALLOW,0,
EVT_08288,25.0,ALLOW,0,
EVT_08289,15.0,ALLOW,0,
EVT_08290,10.0,ALLOW,0,
EVT_08291,50.0,CHALLENGE,0,
EVT_08292,40.0,ALLOW,0,
EVT_08293,30.0,ALLOW,0,
EVT_08294,80.0,BLOCK,1,New_Device_Sensitive
EVT_08295,10.0,ALLOW,0,
EVT_08296,10.0,ALLOW,0,
EVT_08297,25.0,ALLOW,0,
EVT_08298,10.0,ALLOW,0,
EVT_08299,25.0,ALLOW,0,
EVT_08300,40.0,ALLOW,0,
EVT_08301,25.0,ALLOW,0,
EVT_08302,15.0,ALLOW,0,
EVT_08303,25.0,ALLOW,0,
EVT_08304,10.0,ALLOW,0,
EVT_08305,10.0,ALLOW,0,
EVT_08306,25.0,ALLOW,0,
EVT_08307,10.0,ALLOW,0,
EVT_08308,25.0,ALLOW,0,
EVT_08309,25.0,ALLOW,0,
EVT_08310,10.0,ALLOW,0,
EVT_08311,10.0,ALLOW,0,
EVT_08312,10.0,ALLOW,0,
EVT_08313,10.0,ALLOW,0,
EVT_08314,10.0,ALLOW,0,
EVT_08315,10.0,ALLOW,0,
EVT_08316,70.0,CHALLENGE,0,
EVT_08317,15.0,ALLOW,0,
EVT_08318,45.0,CHALLENGE,0,
EVT_08319,10.0,ALLOW,0,
EVT_08320,10.0,ALLOW,0,
EVT_08321,25.0,ALLOW,0,
EVT_08322,25.0,ALLOW,0,
EVT_08323,30.0,ALLOW,0,
EVT_08324,20.0,ALLOW,0,
EVT_08325,25.0,ALLOW,0,
EVT_08326,10.0,ALLOW,0,
EVT_08327,10.0,ALLOW,0,
EVT_08328,25.0,ALLOW,0,
EVT_08329,25.0,ALLOW,0,
EVT_08330,25.0,ALLOW,0,
EVT_08331,10.0,ALLOW,0,
EVT_08332,10.0,ALLOW,0,
EVT_08333,30.0,ALLOW,0,
EVT_08334,15.0,ALLOW,0,
EVT_08335,10.0,ALLOW,0,
EVT_08336,15.0,ALLOW,0,
EVT_08337,30.0,ALLOW,0,
EVT_08338,15.0,ALLOW,0,
EVT_08339,25.0,ALLOW,0,
EVT_08340,10.0,ALLOW,0,
EVT_08341,40.0,ALLOW,0,
EVT_08342,25.0,ALLOW,0,
EVT_08343,10.0,ALLOW,0,
EVT_08344,25.0,ALLOW,0,
EVT_08345,10.0,ALLOW,0,
EVT_08346,10.0,ALLOW,0,
EVT_08347,10.0,ALLOW,0,
EVT_08348,25.0,ALLOW,0,
EVT_08349,10.0,ALLOW,0,
EVT_08350,20.0,ALLOW,0,
EVT_08351,25.0,ALLOW,0,
EVT_08352,10.0,ALLOW,0,
EVT_08353,25.0,ALLOW,0,
EVT_08354,10.0,ALLOW,0,
EVT_08355,15.0,ALLOW,0,
EVT_08356,40.0,ALLOW,0,
EVT_08357,10.0,ALLOW,0,
EVT_08358,25.0,ALLOW,0,
EVT_08359,35.0,ALLOW,0,
EVT_08360,10.0,ALLOW,0,
EVT_08361,25.0,ALLOW,0,
EVT_08362,45.0,CHALLENGE,0,
EVT_08363,25.0,ALLOW,0,
EVT_08364,25.0,ALLOW,0,
EVT_08365,10.0,ALLOW,0,
EVT_08366,45.0,CHALLENGE,0,
EVT_08367,25.0,ALLOW,0,
EVT_08368,30.0,ALLOW,0,
EVT_08369,25.0,ALLOW,0,
EVT_08370,20.0,ALLOW,0,
EVT_08371,15.0,ALLOW,0,
EVT_08372,15.0,ALLOW,0,
EVT_08373,10.0,ALLOW,0,
EVT_08374,10.0,ALLOW,0,
EVT_08375,10.0,ALLOW,0,
EVT_08376,10.0,ALLOW,0,
EVT_08377,25.0,ALLOW,0,
EVT_08378,25.0,ALLOW,0,
EVT_08379,25.0,ALLOW,0,
EVT_08380,25.0,ALLOW,0,
EVT_08381,55.0,CHALLENGE,0,
EVT_08382,25.0,ALLOW,0,
EVT_08383,10.0,ALLOW,0,
EVT_08384,25.0,ALLOW,0,
EVT_08385,25.0,ALLOW,0,
EVT_08386,15.0,ALLOW,0,
EVT_08387,10.0,ALLOW,0,
EVT_08388,30.0,ALLOW,0,
EVT_08389,30.0,ALLOW,0,
EVT_08390,10.0,ALLOW,0,
EVT_08391,40.0,ALLOW,0,
EVT_08392,25.0,ALLOW,0,
EVT_08393,25.0,ALLOW,0,
EVT_08394,25.0,ALLOW,0,
EVT_08395,25.0,ALLOW,0,
EVT_08396,25.0,ALLOW,0,
EVT_08397,25.0,ALLOW,0,
EVT_08398,15.0,ALLOW,0,
EVT_08399,70.0,CHALLENGE,0,
EVT_08400,10.0,ALLOW,0,
EVT_08401,10.0,ALLOW,0,
EVT_08402,10.0,ALLOW,0,
EVT_08403,15.0,ALLOW,0,
EVT_08404,10.0,ALLOW,0,
EVT_08405,10.0,ALLOW,0,
EVT_08406,30.0,ALLOW,0,
EVT_08407,25.0,ALLOW,0,
EVT_08408,10.0,ALLOW,0,
EVT_08409,10.0,ALLOW,0,
EVT_08410,35.0,ALLOW,0,
EVT_08411,10.0,ALLOW,0,
EVT_08412,10.0,ALLOW,0,
EVT_08413,25.0,ALLOW,0,
EVT_08414,25.0,ALLOW,0,
EVT_08415,95.0,BLOCK,1,New_Device_Sensitive
EVT_08416,30.0,ALLOW,0,
EVT_08417,10.0,ALLOW,0,
EVT_08418,10.0,ALLOW,0,
EVT_08419,10.0,ALLOW,0,
EVT_08420,25.0,ALLOW,0,
EVT_08421,10.0,ALLOW,0,
EVT_08422,10.0,ALLOW,0,
EVT_08423,30.0,ALLOW,0,
EVT_08424,10.0,ALLOW,0,
EVT_08425,25.0,ALLOW,0,
EVT_08426,15.0,ALLOW,0,
EVT_08427,10.0,ALLOW,0,
EVT_08428,10.0,ALLOW,0,
EVT_08429,10.0,ALLOW,0,
EVT_08430,10.0,ALLOW,0,
EVT_08431,25.0,ALLOW,0,
EVT_08432,25.0,ALLOW,0,
EVT_08433,10.0,ALLOW,0,
EVT_08434,10.0,ALLOW,1,Bulk_Data_Spike
EVT_08435,10.0,ALLOW,1,Bulk_Data_Spike
EVT_08436,10.0,ALLOW,1,Bulk_Data_Spike
EVT_08437,10.0,ALLOW,1,Bulk_Data_Spike
EVT_08438,10.0,ALLOW,1,Bulk_Data_Spike
EVT_08439,10.0,ALLOW,1,Bulk_Data_Spike
EVT_08440,10.0,ALLOW,1,Bulk_Data_Spike
EVT_08441,10.0,ALLOW,1,Bulk_Data_Spike
EVT_08442,10.0,ALLOW,1,Bulk_Data_Spike
EVT_08443,10.0,ALLOW,1,Bulk_Data_Spike
EVT_08444,10.0,ALLOW,1,Bulk_Data_Spike
EVT_08445,10.0,ALLOW,1,Bulk_Data_Spike
EVT_08446,10.0,ALLOW,1,Bulk_Data_Spike
EVT_08447,10.0,ALLOW,1,Bulk_Data_Spike
EVT_08448,10.0,ALLOW,1,Bulk_Data_Spike
EVT_08449,10.0,ALLOW,1,Bulk_Data_Spike
EVT_08450,25.0,ALLOW,0,
EVT_08451,10.0,ALLOW,1,Bulk_Data_Spike
EVT_08452,10.0,ALLOW,1,Bulk_Data_Spike
EVT_08453,10.0,ALLOW,1,Bulk_Data_Spike
EVT_08454,10.0,ALLOW,1,Bulk_Data_Spike
EVT_08455,10.0,ALLOW,1,Bulk_Data_Spike
EVT_08456,10.0,ALLOW,1,Bulk_Data_Spike
EVT_08457,10.0,ALLOW,1,Bulk_Data_Spike
EVT_08458,10.0,ALLOW,1,Bulk_Data_Spike
EVT_08459,10.0,ALLOW,0,
EVT_08460,10.0,ALLOW,1,Bulk_Data_Spike
EVT_08461,10.0,ALLOW,0,
EVT_08462,25.0,ALLOW,0,
EVT_08463,25.0,ALLOW,0,
EVT_08464,10.0,ALLOW,0,
EVT_08465,15.0,ALLOW,0,
EVT_08466,10.0,ALLOW,0,
EVT_08467,10.0,ALLOW,0,
EVT_08468,10.0,ALLOW,0,
EVT_08469,25.0,ALLOW,0,
EVT_08470,10.0,ALLOW,0,
EVT_08471,10.0,ALLOW,0,
EVT_08472,25.0,ALLOW,0,
EVT_08473,10.0,ALLOW,0,
EVT_08474,10.0,ALLOW,0,
EVT_08475,10.0,ALLOW,0,
EVT_08476,10.0,ALLOW,0,
EVT_08477,10.0,ALLOW,0,
EVT_08478,30.0,ALLOW,0,
EVT_08479,10.0,ALLOW,0,
EVT_08480,10.0,ALLOW,0,
EVT_08481,15.0,ALLOW,0,
EVT_08482,25.0,ALLOW,0,
EVT_08483,25.0,ALLOW,0,
EVT_08484,10.0,ALLOW,0,
EVT_08485,45.0,CHALLENGE,1,Impossible_Travel
EVT_08486,10.0,ALLOW,0,
EVT_08487,30.0,ALLOW,0,
EVT_08488,10.0,ALLOW,0,
EVT_08489,15.0,ALLOW,0,
EVT_08490,10.0,ALLOW,0,
EVT_08491,10.0,ALLOW,0,
EVT_08492,15.0,ALLOW,0,
EVT_08493,10.0,ALLOW,0,
EVT_08494,40.0,ALLOW,0,
EVT_08495,10.0,ALLOW,0,
EVT_08496,10.0,ALLOW,0,
EVT_08497,10.0,ALLOW,0,
EVT_08498,10.0,ALLOW,0,
EVT_08499,45.0,CHALLENGE,1,Impossible_Travel
EVT_08500,10.0,ALLOW,0,
EVT_08501,10.0,ALLOW,0,
EVT_08502,10.0,ALLOW,0,
EVT_08503,10.0,ALLOW,0,
EVT_08504,10.0,ALLOW,0,
EVT_08505,25.0,ALLOW,0,
EVT_08506,10.0,ALLOW,0,
EVT_08507,10.0,ALLOW,0,
EVT_08508,25.0,ALLOW,0,
EVT_08509,25.0,ALLOW,0,
EVT_08510,25.0,ALLOW,0,
EVT_08511,45.0,CHALLENGE,1,Impossible_Travel
EVT_08512,25.0,ALLOW,0,
EVT_08513,30.0,ALLOW,0,
EVT_08514,60.0,CHALLENGE,0,
EVT_08515,85.0,BLOCK,1,New_Device_Sensitive
EVT_08516,10.0,ALLOW,0,
EVT_08517,15.0,ALLOW,0,
EVT_08518,10.0,ALLOW,0,
EVT_08519,10.0,ALLOW,0,
EVT_08520,25.0,ALLOW,0,
EVT_08521,10.0,ALLOW,0,
EVT_08522,10.0,ALLOW,0,
EVT_08523,25.0,ALLOW,0,
EVT_08524,35.0,ALLOW,0,
EVT_08525,10.0,ALLOW,0,
EVT_08526,10.0,ALLOW,0,
EVT_08527,10.0,ALLOW,0,
EVT_08528,15.0,ALLOW,0,
EVT_08529,10.0,ALLOW,0,
EVT_08530,10.0,ALLOW,0,
EVT_08531,10.0,ALLOW,0,
EVT_08532,10.0,ALLOW,0,
EVT_08533,25.0,ALLOW,0,
EVT_08534,25.0,ALLOW,0,
EVT_08535,10.0,ALLOW,0,
EVT_08536,10.0,ALLOW,0,
EVT_08537,10.0,ALLOW,0,
EVT_08538,30.0,ALLOW,0,
EVT_08539,25.0,ALLOW,0,
EVT_08540,15.0,ALLOW,0,
EVT_08541,10.0,ALLOW,0,
EVT_08542,10.0,ALLOW,0,
EVT_08543,15.0,ALLOW,0,
EVT_08544,10.0,ALLOW,0,
EVT_08545,25.0,ALLOW,0,
EVT_08546,10.0,ALLOW,0,
EVT_08547,15.0,ALLOW,0,
EVT_08548,10.0,ALLOW,0,
EVT_08549,10.0,ALLOW,0,
EVT_08550,25.0,ALLOW,0,
EVT_08551,10.0,ALLOW,0,
EVT_08552,10.0,ALLOW,0,
EVT_08553,10.0,ALLOW,0,
EVT_08554,40.0,ALLOW,0,
EVT_08555,10.0,ALLOW,0,
EVT_08556,15.0,ALLOW,0,
EVT_08557,25.0,ALLOW,0,
EVT_08558,10.0,ALLOW,0,
EVT_08559,10.0,ALLOW,0,
EVT_08560,10.0,ALLOW,0,
EVT_08561,30.0,ALLOW,0,
EVT_08562,25.0,ALLOW,0,
EVT_08563,10.0,ALLOW,0,
EVT_08564,10.0,ALLOW,0,
EVT_08565,10.0,ALLOW,0,
EVT_08566,10.0,ALLOW,0,
EVT_08567,15.0,ALLOW,0,
EVT_08568,25.0,ALLOW,0,
EVT_08569,30.0,ALLOW,0,
EVT_08570,10.0,ALLOW,0,
EVT_08571,35.0,ALLOW,0,
EVT_08572,25.0,ALLOW,0,
EVT_08573,10.0,ALLOW,0,
EVT_08574,45.0,CHALLENGE,1,Impossible_Travel
EVT_08575,25.0,ALLOW,0,
EVT_08576,10.0,ALLOW,0,
EVT_08577,30.0,ALLOW,0,
EVT_08578,10.0,ALLOW,0,
EVT_08579,15.0,ALLOW,0,
EVT_08580,10.0,ALLOW,0,
EVT_08581,25.0,ALLOW,0,
EVT_08582,60.0,CHALLENGE,0,
EVT_08583,25.0,ALLOW,0,
EVT_08584,10.0,ALLOW,0,
EVT_08585,25.0,ALLOW,0,
EVT_08586,10.0,ALLOW,0,
EVT_08587,10.0,ALLOW,0,
EVT_08588,10.0,ALLOW,0,
EVT_08589,25.0,ALLOW,0,
EVT_08590,35.0,ALLOW,0,
EVT_08591,10.0,ALLOW,0,
EVT_08592,10.0,ALLOW,0,
EVT_08593,10.0,ALLOW,0,
EVT_08594,30.0,ALLOW,0,
EVT_08595,10.0,ALLOW,0,
EVT_08596,10.0,ALLOW,0,
EVT_08597,10.0,ALLOW,0,
EVT_08598,10.0,ALLOW,0,
EVT_08599,10.0,ALLOW,0,
EVT_08600,25.0,ALLOW,0,
EVT_08601,10.0,ALLOW,0,
EVT_08602,25.0,ALLOW,0,
EVT_08603,10.0,ALLOW,0,
EVT_08604,25.0,ALLOW,0,
EVT_08605,10.0,ALLOW,0,
EVT_08606,10.0,ALLOW,0,
EVT_08607,80.0,BLOCK,1,Privilege_Escalation
EVT_08608,10.0,ALLOW,0,
EVT_08609,80.0,BLOCK,1,Privilege_Escalation
EVT_08610,80.0,BLOCK,1,Privilege_Escalation
EVT_08611,80.0,BLOCK,1,Privilege_Escalation
EVT_08612,80.0,BLOCK,1,Privilege_Escalation
EVT_08613,70.0,CHALLENGE,1,Privilege_Escalation
EVT_08614,35.0,ALLOW,0,
EVT_08615,60.0,CHALLENGE,0,
EVT_08616,25.0,ALLOW,0,
EVT_08617,30.0,ALLOW,0,
EVT_08618,35.0,ALLOW,0,
EVT_08619,10.0,ALLOW,0,
EVT_08620,25.0,ALLOW,0,
EVT_08621,95.0,BLOCK,1,New_Device_Sensitive
EVT_08622,10.0,ALLOW,0,
EVT_08623,10.0,ALLOW,0,
EVT_08624,10.0,ALLOW,0,
EVT_08625,25.0,ALLOW,0,
EVT_08626,25.0,ALLOW,0,
EVT_08627,15.0,ALLOW,0,
EVT_08628,10.0,ALLOW,0,
EVT_08629,15.0,ALLOW,0,
EVT_08630,10.0,ALLOW,0,
EVT_08631,45.0,CHALLENGE,1,Impossible_Travel
EVT_08632,15.0,ALLOW,0,
EVT_08633,20.0,ALLOW,0,
EVT_08634,15.0,ALLOW,0,
EVT_08635,35.0,ALLOW,0,
EVT_08636,10.0,ALLOW,0,
EVT_08637,40.0,ALLOW,0,
EVT_08638,25.0,ALLOW,0,
EVT_08639,25.0,ALLOW,0,
EVT_08640,10.0,ALLOW,0,
EVT_08641,25.0,ALLOW,0,
EVT_08642,10.0,ALLOW,0,
EVT_08643,15.0,ALLOW,0,
EVT_08644,40.0,ALLOW,0,
EVT_08645,10.0,ALLOW,0,
EVT_08646,10.0,ALLOW,0,
EVT_08647,30.0,ALLOW,0,
EVT_08648,45.0,CHALLENGE,0,
EVT_08649,10.0,ALLOW,0,
EVT_08650,25.0,ALLOW,0,
EVT_08651,35.0,ALLOW,0,
EVT_08652,70.0,CHALLENGE,1,New_Device_Sensitive
EVT_08653,10.0,ALLOW,0,
EVT_08654,25.0,ALLOW,0,
EVT_08655,10.0,ALLOW,0,
EVT_08656,25.0,ALLOW,0,
EVT_08657,25.0,ALLOW,0,
EVT_08658,10.0,ALLOW,0,
EVT_08659,30.0,ALLOW,0,
EVT_08660,25.0,ALLOW,1,Unusual_Resource_Access
EVT_08661,10.0,ALLOW,0,
EVT_08662,35.0,ALLOW,1,Unusual_Resource_Access
EVT_08663,10.0,ALLOW,0,
EVT_08664,10.0,ALLOW,0,
EVT_08665,10.0,ALLOW,0,
EVT_08666,40.0,ALLOW,0,
EVT_08667,10.0,ALLOW,0,
EVT_08668,30.0,ALLOW,0,
EVT_08669,25.0,ALLOW,1,Unusual_Resource_Access
EVT_08670,10.0,ALLOW,0,
EVT_08671,25.0,ALLOW,0,
EVT_08672,10.0,ALLOW,0,
EVT_08673,25.0,ALLOW,0,
EVT_08674,35.0,ALLOW,0,
EVT_08675,10.0,ALLOW,0,
EVT_08676,45.0,CHALLENGE,1,Impossible_Travel
EVT_08677,10.0,ALLOW,0,
EVT_08678,10.0,ALLOW,0,
EVT_08679,45.0,CHALLENGE,1,Impossible_Travel
EVT_08680,10.0,ALLOW,0,
EVT_08681,15.0,ALLOW,0,
EVT_08682,10.0,ALLOW,0,
EVT_08683,35.0,ALLOW,0,
EVT_08684,10.0,ALLOW,0,
EVT_08685,10.0,ALLOW,0,
EVT_08686,45.0,CHALLENGE,0,
EVT_08687,10.0,ALLOW,0,
EVT_08688,25.0,ALLOW,0,
EVT_08689,15.0,ALLOW,0,
EVT_08690,10.0,ALLOW,0,
EVT_08691,70.0,CHALLENGE,1,New_Device_Sensitive
EVT_08692,80.0,BLOCK,1,New_Device_Sensitive
EVT_08693,25.0,ALLOW,0,
EVT_08694,10.0,ALLOW,0,
EVT_08695,85.0,BLOCK,1,New_Device_Sensitive
EVT_08696,25.0,ALLOW,0,
EVT_08697,10.0,ALLOW,0,
EVT_08698,25.0,ALLOW,0,
EVT_08699,10.0,ALLOW,0,
EVT_08700,10.0,ALLOW,0,
EVT_08701,25.0,ALLOW,0,
EVT_08702,25.0,ALLOW,0,
EVT_08703,10.0,ALLOW,0,
EVT_08704,25.0,ALLOW,0,
EVT_08705,10.0,ALLOW,0,
EVT_08706,10.0,ALLOW,0,
EVT_08707,40.0,ALLOW,0,
EVT_08708,10.0,ALLOW,0,
EVT_08709,25.0,ALLOW,0,
EVT_08710,10.0,ALLOW,0,
EVT_08711,30.0,ALLOW,0,
EVT_08712,25.0,ALLOW,0,
EVT_08713,10.0,ALLOW,0,
EVT_08714,10.0,ALLOW,0,
EVT_08715,10.0,ALLOW,0,
EVT_08716,10.0,ALLOW,0,
EVT_08717,10.0,ALLOW,0,
EVT_08718,25.0,ALLOW,0,
EVT_08719,10.0,ALLOW,0,
EVT_08720,10.0,ALLOW,0,
EVT_08721,25.0,ALLOW,0,
EVT_08722,10.0,ALLOW,0,
EVT_08723,10.0,ALLOW,0,
EVT_08724,35.0,ALLOW,0,
EVT_08725,15.0,ALLOW,0,
EVT_08726,10.0,ALLOW,0,
EVT_08727,35.0,ALLOW,0,
EVT_08728,10.0,ALLOW,0,
EVT_08729,10.0,ALLOW,0,
EVT_08730,15.0,ALLOW,0,
EVT_08731,15.0,ALLOW,0,
EVT_08732,15.0,ALLOW,0,
EVT_08733,10.0,ALLOW,0,
EVT_08734,10.0,ALLOW,0,
EVT_08735,10.0,ALLOW,0,
EVT_08736,30.0,ALLOW,0,
EVT_08737,10.0,ALLOW,0,
EVT_08738,10.0,ALLOW,0,
EVT_08739,10.0,ALLOW,0,
EVT_08740,10.0,ALLOW,0,
EVT_08741,25.0,ALLOW,0,
EVT_08742,10.0,ALLOW,0,
EVT_08743,10.0,ALLOW,0,
EVT_08744,10.0,ALLOW,0,
EVT_08745,10.0,ALLOW,0,
EVT_08746,35.0,ALLOW,0,
EVT_08747,25.0,ALLOW,0,
EVT_08748,10.0,ALLOW,0,
EVT_08749,15.0,ALLOW,0,
EVT_08750,15.0,ALLOW,0,
EVT_08751,10.0,ALLOW,0,
EVT_08752,10.0,ALLOW,0,
EVT_08753,10.0,ALLOW,0,
EVT_08754,10.0,ALLOW,0,
EVT_08755,25.0,ALLOW,0,
EVT_08756,10.0,ALLOW,0,
EVT_08757,25.0,ALLOW,0,
EVT_08758,10.0,ALLOW,0,
EVT_08759,25.0,ALLOW,0,
EVT_08760,25.0,ALLOW,0,
EVT_08761,10.0,ALLOW,0,
EVT_08762,25.0,ALLOW,0,
EVT_08763,30.0,ALLOW,0,
EVT_08764,30.0,ALLOW,0,
EVT_08765,25.0,ALLOW,0,
EVT_08766,35.0,ALLOW,0,
EVT_08767,60.0,CHALLENGE,0,
EVT_08768,25.0,ALLOW,0,
EVT_08769,10.0,ALLOW,0,
EVT_08770,10.0,ALLOW,0,
EVT_08771,10.0,ALLOW,0,
EVT_08772,15.0,ALLOW,0,
EVT_08773,25.0,ALLOW,0,
EVT_08774,10.0,ALLOW,0,
EVT_08775,10.0,ALLOW,0,
EVT_08776,10.0,ALLOW,0,
EVT_08777,25.0,ALLOW,0,
EVT_08778,10.0,ALLOW,0,
EVT_08779,50.0,CHALLENGE,0,
EVT_08780,35.0,ALLOW,0,
EVT_08781,10.0,ALLOW,0,
EVT_08782,50.0,CHALLENGE,0,
EVT_08783,25.0,ALLOW,0,
EVT_08784,25.0,ALLOW,0,
EVT_08785,25.0,ALLOW,0,
EVT_08786,10.0,ALLOW,0,
EVT_08787,40.0,ALLOW,0,
EVT_08788,45.0,CHALLENGE,0,
EVT_08789,10.0,ALLOW,0,
EVT_08790,15.0,ALLOW,0,
EVT_08791,10.0,ALLOW,0,
EVT_08792,10.0,ALLOW,0,
EVT_08793,10.0,ALLOW,0,
EVT_08794,70.0,CHALLENGE,1,Off_Hours_Privileged
EVT_08795,70.0,CHALLENGE,1,Off_Hours_Privileged
EVT_08796,75.0,BLOCK,1,Off_Hours_Privileged
EVT_08797,75.0,BLOCK,1,Off_Hours_Privileged
EVT_08798,70.0,CHALLENGE,1,Off_Hours_Privileged
EVT_08799,70.0,CHALLENGE,1,Off_Hours_Privileged
EVT_08800,70.0,CHALLENGE,1,Off_Hours_Privileged
EVT_08801,70.0,CHALLENGE,1,Off_Hours_Privileged
EVT_08802,70.0,CHALLENGE,1,Off_Hours_Privileged
EVT_08803,25.0,ALLOW,0,
EVT_08804,10.0,ALLOW,0,
EVT_08805,25.0,ALLOW,0,
EVT_08806,25.0,ALLOW,0,
EVT_08807,15.0,ALLOW,0,
EVT_08808,15.0,ALLOW,0,
EVT_08809,10.0,ALLOW,0,
EVT_08810,10.0,ALLOW,0,
EVT_08811,10.0,ALLOW,0,
EVT_08812,10.0,ALLOW,0,
EVT_08813,10.0,ALLOW,0,
EVT_08814,10.0,ALLOW,0,
EVT_08815,15.0,ALLOW,0,
EVT_08816,10.0,ALLOW,0,
EVT_08817,25.0,ALLOW,0,
EVT_08818,25.0,ALLOW,0,
EVT_08819,15.0,ALLOW,0,
EVT_08820,25.0,ALLOW,0,
EVT_08821,15.0,ALLOW,0,
EVT_08822,25.0,ALLOW,0,
EVT_08823,10.0,ALLOW,0,
EVT_08824,25.0,ALLOW,0,
EVT_08825,10.0,ALLOW,0,
EVT_08826,10.0,ALLOW,0,
EVT_08827,10.0,ALLOW,0,
EVT_08828,10.0,ALLOW,0,
EVT_08829,10.0,ALLOW,0,
EVT_08830,10.0,ALLOW,0,
EVT_08831,50.0,CHALLENGE,0,
EVT_08832,10.0,ALLOW,0,
EVT_08833,25.0,ALLOW,0,
EVT_08834,25.0,ALLOW,0,
EVT_08835,20.0,ALLOW,0,
EVT_08836,10.0,ALLOW,0,
EVT_08837,10.0,ALLOW,0,
EVT_08838,10.0,ALLOW,0,
EVT_08839,30.0,ALLOW,0,
EVT_08840,35.0,ALLOW,0,
EVT_08841,10.0,ALLOW,0,
EVT_08842,15.0,ALLOW,0,
EVT_08843,40.0,ALLOW,0,
EVT_08844,10.0,ALLOW,0,
EVT_08845,10.0,ALLOW,0,
EVT_08846,30.0,ALLOW,0,
EVT_08847,25.0,ALLOW,0,
EVT_08848,25.0,ALLOW,0,
EVT_08849,25.0,ALLOW,0,
EVT_08850,10.0,ALLOW,0,
EVT_08851,10.0,ALLOW,0,
EVT_08852,15.0,ALLOW,0,
EVT_08853,30.0,ALLOW,0,
EVT_08854,10.0,ALLOW,0,
EVT_08855,10.0,ALLOW,0,
EVT_08856,10.0,ALLOW,0,
EVT_08857,10.0,ALLOW,0,
EVT_08858,10.0,ALLOW,0,
EVT_08859,25.0,ALLOW,0,
EVT_08860,15.0,ALLOW,0,
EVT_08861,10.0,ALLOW,0,
EVT_08862,15.0,ALLOW,0,
EVT_08863,10.0,ALLOW,0,
EVT_08864,25.0,ALLOW,0,
EVT_08865,10.0,ALLOW,0,
EVT_08866,10.0,ALLOW,0,
EVT_08867,10.0,ALLOW,0,
EVT_08868,10.0,ALLOW,0,
EVT_08869,10.0,ALLOW,0,
EVT_08870,25.0,ALLOW,0,
EVT_08871,45.0,CHALLENGE,0,
EVT_08872,10.0,ALLOW,0,
EVT_08873,25.0,ALLOW,0,
EVT_08874,45.0,CHALLENGE,0,
EVT_08875,25.0,ALLOW,0,
EVT_08876,40.0,ALLOW,0,
EVT_08877,30.0,ALLOW,0,
EVT_08878,10.0,ALLOW,0,
EVT_08879,25.0,ALLOW,0,
EVT_08880,10.0,ALLOW,0,
EVT_08881,10.0,ALLOW,0,
EVT_08882,15.0,ALLOW,0,
EVT_08883,10.0,ALLOW,0,
EVT_08884,25.0,ALLOW,0,
EVT_08885,25.0,ALLOW,0,
EVT_08886,25.0,ALLOW,0,
EVT_08887,25.0,ALLOW,0,
EVT_08888,45.0,CHALLENGE,0,
EVT_08889,10.0,ALLOW,0,
EVT_08890,10.0,ALLOW,0,
EVT_08891,15.0,ALLOW,0,
EVT_08892,25.0,ALLOW,0,
EVT_08893,15.0,ALLOW,0,
EVT_08894,40.0,ALLOW,0,
EVT_08895,25.0,ALLOW,0,
EVT_08896,25.0,ALLOW,0,
EVT_08897,10.0,ALLOW,0,
EVT_08898,10.0,ALLOW,0,
EVT_08899,25.0,ALLOW,0,
EVT_08900,10.0,ALLOW,0,
EVT_08901,25.0,ALLOW,1,Unusual_Resource_Access
EVT_08902,10.0,ALLOW,0,
EVT_08903,10.0,ALLOW,0,
EVT_08904,25.0,ALLOW,0,
EVT_08905,15.0,ALLOW,0,
EVT_08906,10.0,ALLOW,0,
EVT_08907,40.0,ALLOW,0,
EVT_08908,10.0,ALLOW,0,
EVT_08909,10.0,ALLOW,0,
EVT_08910,25.0,ALLOW,0,
EVT_08911,25.0,ALLOW,1,Unusual_Resource_Access
EVT_08912,10.0,ALLOW,0,
EVT_08913,45.0,CHALLENGE,0,
EVT_08914,10.0,ALLOW,0,
EVT_08915,25.0,ALLOW,0,
EVT_08916,10.0,ALLOW,0,
EVT_08917,30.0,ALLOW,0,
EVT_08918,10.0,ALLOW,0,
EVT_08919,40.0,ALLOW,0,
EVT_08920,10.0,ALLOW,0,
EVT_08921,20.0,ALLOW,0,
EVT_08922,25.0,ALLOW,0,
EVT_08923,25.0,ALLOW,0,
EVT_08924,10.0,ALLOW,0,
EVT_08925,25.0,ALLOW,0,
EVT_08926,25.0,ALLOW,0,
EVT_08927,15.0,ALLOW,0,
EVT_08928,45.0,CHALLENGE,0,
EVT_08929,25.0,ALLOW,0,
EVT_08930,35.0,ALLOW,1,Unusual_Resource_Access
EVT_08931,40.0,ALLOW,0,
EVT_08932,35.0,ALLOW,0,
EVT_08933,70.0,CHALLENGE,0,
EVT_08934,25.0,ALLOW,1,Unusual_Resource_Access
EVT_08935,10.0,ALLOW,0,
EVT_08936,10.0,ALLOW,0,
EVT_08937,25.0,ALLOW,0,
EVT_08938,10.0,ALLOW,0,
EVT_08939,25.0,ALLOW,1,Unusual_Resource_Access
EVT_08940,10.0,ALLOW,0,
EVT_08941,25.0,ALLOW,0,
EVT_08942,10.0,ALLOW,0,
EVT_08943,10.0,ALLOW,0,
EVT_08944,10.0,ALLOW,0,
EVT_08945,10.0,ALLOW,0,
EVT_08946,15.0,ALLOW,0,
EVT_08947,10.0,ALLOW,0,
EVT_08948,40.0,ALLOW,0,
EVT_08949,15.0,ALLOW,0,
EVT_08950,10.0,ALLOW,0,
EVT_08951,45.0,CHALLENGE,0,
EVT_08952,45.0,CHALLENGE,0,
EVT_08953,10.0,ALLOW,0,
EVT_08954,35.0,ALLOW,0,
EVT_08955,10.0,ALLOW,0,
EVT_08956,25.0,ALLOW,0,
EVT_08957,70.0,CHALLENGE,1,New_Device_Sensitive
EVT_08958,10.0,ALLOW,0,
EVT_08959,25.0,ALLOW,0,
EVT_08960,40.0,ALLOW,0,
EVT_08961,10.0,ALLOW,0,
EVT_08962,10.0,ALLOW,0,
EVT_08963,85.0,BLOCK,1,New_Device_Sensitive
EVT_08964,10.0,ALLOW,0,
EVT_08965,10.0,ALLOW,0,
EVT_08966,20.0,ALLOW,0,
EVT_08967,10.0,ALLOW,0,
EVT_08968,15.0,ALLOW,0,
EVT_08969,10.0,ALLOW,0,
EVT_08970,45.0,CHALLENGE,1,Impossible_Travel
EVT_08971,25.0,ALLOW,0,
EVT_08972,10.0,ALLOW,0,
EVT_08973,10.0,ALLOW,0,
EVT_08974,40.0,ALLOW,0,
EVT_08975,25.0,ALLOW,0,
EVT_08976,25.0,ALLOW,0,
EVT_08977,45.0,CHALLENGE,1,Impossible_Travel
EVT_08978,35.0,ALLOW,0,
EVT_08979,10.0,ALLOW,0,
EVT_08980,15.0,ALLOW,0,
EVT_08981,10.0,ALLOW,0,
EVT_08982,10.0,ALLOW,0,
EVT_08983,10.0,ALLOW,0,
EVT_08984,25.0,ALLOW,0,
EVT_08985,25.0,ALLOW,0,
EVT_08986,10.0,ALLOW,0,
EVT_08987,10.0,ALLOW,0,
EVT_08988,40.0,ALLOW,0,
EVT_08989,25.0,ALLOW,0,
EVT_08990,10.0,ALLOW,0,
EVT_08991,10.0,ALLOW,0,
EVT_08992,25.0,ALLOW,0,
EVT_08993,25.0,ALLOW,0,
EVT_08994,15.0,ALLOW,0,
EVT_08995,10.0,ALLOW,0,
EVT_08996,25.0,ALLOW,0,
EVT_08997,10.0,ALLOW,0,
EVT_08998,30.0,ALLOW,0,
EVT_08999,25.0,ALLOW,0,
EVT_09000,10.0,ALLOW,0,
EVT_09001,10.0,ALLOW,0,
EVT_09002,35.0,ALLOW,0,
EVT_09003,10.0,ALLOW,0,
EVT_09004,30.0,ALLOW,0,
EVT_09005,25.0,ALLOW,0,
EVT_09006,10.0,ALLOW,0,
EVT_09007,10.0,ALLOW,0,
EVT_09008,30.0,ALLOW,0,
EVT_09009,10.0,ALLOW,0,
EVT_09010,10.0,ALLOW,0,
EVT_09011,10.0,ALLOW,0,
EVT_09012,10.0,ALLOW,0,
EVT_09013,25.0,ALLOW,0,
EVT_09014,10.0,ALLOW,0,
EVT_09015,55.0,CHALLENGE,0,
EVT_09016,25.0,ALLOW,0,
EVT_09017,10.0,ALLOW,0,
EVT_09018,15.0,ALLOW,0,
EVT_09019,15.0,ALLOW,0,
EVT_09020,10.0,ALLOW,0,
EVT_09021,10.0,ALLOW,0,
EVT_09022,75.0,BLOCK,0,
EVT_09023,40.0,ALLOW,0,
EVT_09024,10.0,ALLOW,0,
EVT_09025,25.0,ALLOW,0,
EVT_09026,10.0,ALLOW,0,
EVT_09027,30.0,ALLOW,0,
EVT_09028,10.0,ALLOW,0,
EVT_09029,25.0,ALLOW,0,
EVT_09030,15.0,ALLOW,0,
EVT_09031,25.0,ALLOW,0,
EVT_09032,10.0,ALLOW,0,
EVT_09033,45.0,CHALLENGE,1,Impossible_Travel
EVT_09034,10.0,ALLOW,0,
EVT_09035,35.0,ALLOW,0,
EVT_09036,10.0,ALLOW,0,
EVT_09037,30.0,ALLOW,0,
EVT_09038,15.0,ALLOW,0,
EVT_09039,20.0,ALLOW,0,
EVT_09040,25.0,ALLOW,0,
EVT_09041,10.0,ALLOW,0,
EVT_09042,10.0,ALLOW,0,
EVT_09043,10.0,ALLOW,0,
EVT_09044,25.0,ALLOW,0,
EVT_09045,15.0,ALLOW,0,
EVT_09046,10.0,ALLOW,0,
EVT_09047,25.0,ALLOW,0,
EVT_09048,10.0,ALLOW,0,
EVT_09049,10.0,ALLOW,0,
EVT_09050,10.0,ALLOW,0,
EVT_09051,25.0,ALLOW,0,
EVT_09052,10.0,ALLOW,0,
EVT_09053,25.0,ALLOW,0,
EVT_09054,10.0,ALLOW,0,
EVT_09055,15.0,ALLOW,0,
EVT_09056,10.0,ALLOW,0,
EVT_09057,10.0,ALLOW,0,
EVT_09058,45.0,CHALLENGE,0,
EVT_09059,10.0,ALLOW,0,
EVT_09060,10.0,ALLOW,0,
EVT_09061,30.0,ALLOW,0,
EVT_09062,45.0,CHALLENGE,1,Impossible_Travel
EVT_09063,45.0,CHALLENGE,0,
EVT_09064,10.0,ALLOW,0,
EVT_09065,10.0,ALLOW,0,
EVT_09066,15.0,ALLOW,0,
EVT_09067,20.0,ALLOW,0,
EVT_09068,10.0,ALLOW,0,
EVT_09069,10.0,ALLOW,0,
EVT_09070,10.0,ALLOW,0,
EVT_09071,10.0,ALLOW,0,
EVT_09072,25.0,ALLOW,0,
EVT_09073,10.0,ALLOW,0,
EVT_09074,25.0,ALLOW,0,
EVT_09075,10.0,ALLOW,0,
EVT_09076,10.0,ALLOW,0,
EVT_09077,30.0,ALLOW,0,
EVT_09078,10.0,ALLOW,0,
EVT_09079,25.0,ALLOW,0,
EVT_09080,10.0,ALLOW,0,
EVT_09081,30.0,ALLOW,0,
EVT_09082,10.0,ALLOW,0,
EVT_09083,25.0,ALLOW,0,
EVT_09084,10.0,ALLOW,0,
EVT_09085,10.0,ALLOW,0,
EVT_09086,10.0,ALLOW,0,
EVT_09087,10.0,ALLOW,0,
EVT_09088,10.0,ALLOW,0,
EVT_09089,10.0,ALLOW,0,
EVT_09090,15.0,ALLOW,0,
EVT_09091,15.0,ALLOW,0,
EVT_09092,15.0,ALLOW,0,
EVT_09093,10.0,ALLOW,0,
EVT_09094,15.0,ALLOW,0,
EVT_09095,35.0,ALLOW,0,
EVT_09096,50.0,CHALLENGE,0,
EVT_09097,25.0,ALLOW,0,
EVT_09098,10.0,ALLOW,0,
EVT_09099,10.0,ALLOW,0,
EVT_09100,10.0,ALLOW,0,
EVT_09101,25.0,ALLOW,0,
EVT_09102,25.0,ALLOW,0,
EVT_09103,15.0,ALLOW,0,
EVT_09104,10.0,ALLOW,0,
EVT_09105,45.0,CHALLENGE,0,
EVT_09106,35.0,ALLOW,0,
EVT_09107,10.0,ALLOW,0,
EVT_09108,25.0,ALLOW,0,
EVT_09109,10.0,ALLOW,0,
EVT_09110,25.0,ALLOW,0,
EVT_09111,10.0,ALLOW,0,
EVT_09112,35.0,ALLOW,1,Unusual_Resource_Access
EVT_09113,25.0,ALLOW,0,
EVT_09114,10.0,ALLOW,0,
EVT_09115,10.0,ALLOW,0,
EVT_09116,30.0,ALLOW,0,
EVT_09117,25.0,ALLOW,0,
EVT_09118,15.0,ALLOW,0,
EVT_09119,10.0,ALLOW,0,
EVT_09120,45.0,CHALLENGE,0,
EVT_09121,10.0,ALLOW,0,
EVT_09122,10.0,ALLOW,0,
EVT_09123,10.0,ALLOW,0,
EVT_09124,45.0,CHALLENGE,1,Impossible_Travel
EVT_09125,10.0,ALLOW,0,
EVT_09126,10.0,ALLOW,0,
EVT_09127,10.0,ALLOW,0,
EVT_09128,25.0,ALLOW,0,
EVT_09129,10.0,ALLOW,0,
EVT_09130,25.0,ALLOW,0,
EVT_09131,10.0,ALLOW,0,
EVT_09132,10.0,ALLOW,0,
EVT_09133,10.0,ALLOW,0,
EVT_09134,25.0,ALLOW,0,
EVT_09135,40.0,ALLOW,0,
EVT_09136,15.0,ALLOW,0,
EVT_09137,10.0,ALLOW,0,
EVT_09138,10.0,ALLOW,0,
EVT_09139,10.0,ALLOW,0,
EVT_09140,25.0,ALLOW,0,
EVT_09141,10.0,ALLOW,0,
EVT_09142,25.0,ALLOW,0,
EVT_09143,10.0,ALLOW,0,
EVT_09144,30.0,ALLOW,0,
EVT_09145,10.0,ALLOW,0,
EVT_09146,10.0,ALLOW,0,
EVT_09147,40.0,ALLOW,0,
EVT_09148,70.0,CHALLENGE,1,Impossible_Travel
EVT_09149,50.0,CHALLENGE,0,
EVT_09150,10.0,ALLOW,0,
EVT_09151,10.0,ALLOW,0,
EVT_09152,10.0,ALLOW,0,
EVT_09153,25.0,ALLOW,0,
EVT_09154,10.0,ALLOW,0,
EVT_09155,25.0,ALLOW,1,Unusual_Resource_Access
EVT_09156,10.0,ALLOW,0,
EVT_09157,25.0,ALLOW,0,
EVT_09158,10.0,ALLOW,0,
EVT_09159,10.0,ALLOW,0,
EVT_09160,10.0,ALLOW,0,
EVT_09161,10.0,ALLOW,0,
EVT_09162,30.0,ALLOW,0,
EVT_09163,15.0,ALLOW,0,
EVT_09164,10.0,ALLOW,0,
EVT_09165,30.0,ALLOW,0,
EVT_09166,10.0,ALLOW,0,
EVT_09167,25.0,ALLOW,0,
EVT_09168,10.0,ALLOW,0,
EVT_09169,10.0,ALLOW,0,
EVT_09170,25.0,ALLOW,0,
EVT_09171,35.0,ALLOW,0,
EVT_09172,15.0,ALLOW,0,
EVT_09173,25.0,ALLOW,0,
EVT_09174,10.0,ALLOW,0,
EVT_09175,25.0,ALLOW,0,
EVT_09176,20.0,ALLOW,0,
EVT_09177,25.0,ALLOW,1,Unusual_Resource_Access
EVT_09178,10.0,ALLOW,0,
EVT_09179,10.0,ALLOW,0,
EVT_09180,25.0,ALLOW,0,
EVT_09181,10.0,ALLOW,0,
EVT_09182,35.0,ALLOW,0,
EVT_09183,25.0,ALLOW,0,
EVT_09184,25.0,ALLOW,0,
EVT_09185,25.0,ALLOW,0,
EVT_09186,40.0,ALLOW,0,
EVT_09187,25.0,ALLOW,0,
EVT_09188,25.0,ALLOW,0,
EVT_09189,15.0,ALLOW,0,
EVT_09190,25.0,ALLOW,0,
EVT_09191,25.0,ALLOW,0,
EVT_09192,25.0,ALLOW,0,
EVT_09193,35.0,ALLOW,0,
EVT_09194,15.0,ALLOW,0,
EVT_09195,25.0,ALLOW,0,
EVT_09196,10.0,ALLOW,0,
EVT_09197,25.0,ALLOW,0,
EVT_09198,15.0,ALLOW,0,
EVT_09199,45.0,CHALLENGE,0,
EVT_09200,10.0,ALLOW,0,
EVT_09201,25.0,ALLOW,0,
EVT_09202,40.0,ALLOW,0,
EVT_09203,10.0,ALLOW,0,
EVT_09204,10.0,ALLOW,0,
EVT_09205,10.0,ALLOW,0,
EVT_09206,45.0,CHALLENGE,0,
EVT_09207,15.0,ALLOW,0,
EVT_09208,10.0,ALLOW,0,
EVT_09209,10.0,ALLOW,0,
EVT_09210,30.0,ALLOW,0,
EVT_09211,10.0,ALLOW,0,
EVT_09212,15.0,ALLOW,0,
EVT_09213,50.0,CHALLENGE,0,
EVT_09214,35.0,ALLOW,0,
EVT_09215,35.0,ALLOW,0,
EVT_09216,45.0,CHALLENGE,0,
EVT_09217,10.0,ALLOW,0,
EVT_09218,10.0,ALLOW,0,
EVT_09219,10.0,ALLOW,0,
EVT_09220,15.0,ALLOW,0,
EVT_09221,55.0,CHALLENGE,0,
EVT_09222,30.0,ALLOW,0,
EVT_09223,10.0,ALLOW,0,
EVT_09224,15.0,ALLOW,0,
EVT_09225,10.0,ALLOW,0,
EVT_09226,25.0,ALLOW,0,
EVT_09227,45.0,CHALLENGE,1,Impossible_Travel
EVT_09228,10.0,ALLOW,0,
EVT_09229,10.0,ALLOW,0,
EVT_09230,15.0,ALLOW,0,
EVT_09231,10.0,ALLOW,0,
EVT_09232,10.0,ALLOW,0,
EVT_09233,10.0,ALLOW,0,
EVT_09234,45.0,CHALLENGE,0,
EVT_09235,25.0,ALLOW,0,
EVT_09236,25.0,ALLOW,0,
EVT_09237,15.0,ALLOW,0,
EVT_09238,15.0,ALLOW,0,
EVT_09239,25.0,ALLOW,0,
EVT_09240,15.0,ALLOW,0,
EVT_09241,10.0,ALLOW,0,
EVT_09242,10.0,ALLOW,0,
EVT_09243,25.0,ALLOW,0,
EVT_09244,15.0,ALLOW,0,
EVT_09245,45.0,CHALLENGE,0,
EVT_09246,10.0,ALLOW,0,
EVT_09247,10.0,ALLOW,0,
EVT_09248,25.0,ALLOW,0,
EVT_09249,15.0,ALLOW,0,
EVT_09250,25.0,ALLOW,0,
EVT_09251,25.0,ALLOW,0,
EVT_09252,10.0,ALLOW,0,
EVT_09253,35.0,ALLOW,0,
EVT_09254,10.0,ALLOW,0,
EVT_09255,10.0,ALLOW,0,
EVT_09256,10.0,ALLOW,0,
EVT_09257,25.0,ALLOW,0,
EVT_09258,15.0,ALLOW,0,
EVT_09259,25.0,ALLOW,1,Unusual_Resource_Access
EVT_09260,10.0,ALLOW,0,
EVT_09261,15.0,ALLOW,0,
EVT_09262,15.0,ALLOW,0,
EVT_09263,15.0,ALLOW,0,
EVT_09264,25.0,ALLOW,0,
EVT_09265,10.0,ALLOW,0,
EVT_09266,80.0,BLOCK,1,New_Device_Sensitive
EVT_09267,10.0,ALLOW,0,
EVT_09268,10.0,ALLOW,0,
EVT_09269,30.0,ALLOW,0,
EVT_09270,10.0,ALLOW,0,
EVT_09271,10.0,ALLOW,0,
EVT_09272,15.0,ALLOW,0,
EVT_09273,10.0,ALLOW,0,
EVT_09274,25.0,ALLOW,0,
EVT_09275,15.0,ALLOW,0,
EVT_09276,25.0,ALLOW,0,
EVT_09277,10.0,ALLOW,0,
EVT_09278,35.0,ALLOW,0,
EVT_09279,10.0,ALLOW,0,
EVT_09280,25.0,ALLOW,0,
EVT_09281,15.0,ALLOW,0,
EVT_09282,15.0,ALLOW,0,
EVT_09283,10.0,ALLOW,0,
EVT_09284,10.0,ALLOW,0,
EVT_09285,15.0,ALLOW,0,
EVT_09286,25.0,ALLOW,0,
EVT_09287,10.0,ALLOW,0,
EVT_09288,10.0,ALLOW,0,
EVT_09289,15.0,ALLOW,0,
EVT_09290,35.0,ALLOW,0,
EVT_09291,10.0,ALLOW,0,
EVT_09292,10.0,ALLOW,0,
EVT_09293,25.0,ALLOW,0,
EVT_09294,10.0,ALLOW,0,
EVT_09295,35.0,ALLOW,0,
EVT_09296,10.0,ALLOW,0,
EVT_09297,10.0,ALLOW,0,
EVT_09298,50.0,CHALLENGE,0,
EVT_09299,10.0,ALLOW,0,
EVT_09300,10.0,ALLOW,0,
EVT_09301,10.0,ALLOW,0,
EVT_09302,10.0,ALLOW,0,
EVT_09303,25.0,ALLOW,0,
EVT_09304,10.0,ALLOW,0,
EVT_09305,10.0,ALLOW,0,
EVT_09306,10.0,ALLOW,0,
EVT_09307,15.0,ALLOW,0,
EVT_09308,10.0,ALLOW,0,
EVT_09309,10.0,ALLOW,0,
EVT_09310,10.0,ALLOW,0,
EVT_09311,10.0,ALLOW,0,
EVT_09312,10.0,ALLOW,0,
EVT_09313,10.0,ALLOW,0,
EVT_09314,25.0,ALLOW,0,
EVT_09315,10.0,ALLOW,0,
EVT_09316,25.0,ALLOW,0,
EVT_09317,10.0,ALLOW,0,
EVT_09318,10.0,ALLOW,0,
EVT_09319,15.0,ALLOW,0,
EVT_09320,10.0,ALLOW,0,
EVT_09321,10.0,ALLOW,0,
EVT_09322,10.0,ALLOW,0,
EVT_09323,10.0,ALLOW,0,
EVT_09324,10.0,ALLOW,0,
EVT_09325,15.0,ALLOW,0,
EVT_09326,30.0,ALLOW,0,
EVT_09327,25.0,ALLOW,0,
EVT_09328,15.0,ALLOW,0,
EVT_09329,10.0,ALLOW,0,
EVT_09330,10.0,ALLOW,0,
EVT_09331,25.0,ALLOW,0,
EVT_09332,25.0,ALLOW,0,
EVT_09333,45.0,CHALLENGE,0,
EVT_09334,45.0,CHALLENGE,0,
EVT_09335,10.0,ALLOW,0,
EVT_09336,10.0,ALLOW,0,
EVT_09337,10.0,ALLOW,0,
EVT_09338,10.0,ALLOW,0,
EVT_09339,10.0,ALLOW,0,
EVT_09340,10.0,ALLOW,0,
EVT_09341,10.0,ALLOW,0,
EVT_09342,15.0,ALLOW,0,
EVT_09343,25.0,ALLOW,0,
EVT_09344,30.0,ALLOW,0,
EVT_09345,10.0,ALLOW,0,
EVT_09346,15.0,ALLOW,0,
EVT_09347,10.0,ALLOW,0,
EVT_09348,10.0,ALLOW,0,
EVT_09349,10.0,ALLOW,0,
EVT_09350,10.0,ALLOW,0,
EVT_09351,10.0,ALLOW,0,
EVT_09352,40.0,ALLOW,0,
EVT_09353,10.0,ALLOW,0,
EVT_09354,10.0,ALLOW,0,
EVT_09355,10.0,ALLOW,0,
EVT_09356,40.0,ALLOW,0,
EVT_09357,25.0,ALLOW,0,
EVT_09358,45.0,CHALLENGE,0,
EVT_09359,25.0,ALLOW,0,
EVT_09360,10.0,ALLOW,0,
EVT_09361,30.0,ALLOW,0,
EVT_09362,40.0,ALLOW,0,
EVT_09363,25.0,ALLOW,0,
EVT_09364,25.0,ALLOW,0,
EVT_09365,10.0,ALLOW,0,
EVT_09366,10.0,ALLOW,0,
EVT_09367,10.0,ALLOW,0,
EVT_09368,10.0,ALLOW,0,
EVT_09369,45.0,CHALLENGE,0,
EVT_09370,10.0,ALLOW,0,
EVT_09371,10.0,ALLOW,0,
EVT_09372,10.0,ALLOW,0,
EVT_09373,10.0,ALLOW,0,
EVT_09374,25.0,ALLOW,0,
EVT_09375,15.0,ALLOW,0,
EVT_09376,25.0,ALLOW,0,
EVT_09377,25.0,ALLOW,0,
EVT_09378,25.0,ALLOW,0,
EVT_09379,10.0,ALLOW,0,
EVT_09380,10.0,ALLOW,0,
EVT_09381,15.0,ALLOW,0,
EVT_09382,45.0,CHALLENGE,1,Impossible_Travel
EVT_09383,15.0,ALLOW,0,
EVT_09384,10.0,ALLOW,0,
EVT_09385,10.0,ALLOW,0,
EVT_09386,10.0,ALLOW,0,
EVT_09387,10.0,ALLOW,0,
EVT_09388,10.0,ALLOW,0,
EVT_09389,10.0,ALLOW,0,
EVT_09390,25.0,ALLOW,0,
EVT_09391,10.0,ALLOW,0,
EVT_09392,25.0,ALLOW,0,
EVT_09393,10.0,ALLOW,0,
EVT_09394,10.0,ALLOW,0,
EVT_09395,25.0,ALLOW,0,
EVT_09396,10.0,ALLOW,0,
EVT_09397,40.0,ALLOW,0,
EVT_09398,25.0,ALLOW,0,
EVT_09399,10.0,ALLOW,0,
EVT_09400,10.0,ALLOW,0,
EVT_09401,10.0,ALLOW,0,
EVT_09402,10.0,ALLOW,0,
EVT_09403,20.0,ALLOW,0,
EVT_09404,20.0,ALLOW,0,
EVT_09405,25.0,ALLOW,0,
EVT_09406,85.0,BLOCK,1,New_Device_Sensitive
EVT_09407,25.0,ALLOW,0,
EVT_09408,10.0,ALLOW,0,
EVT_09409,10.0,ALLOW,0,
EVT_09410,25.0,ALLOW,0,
EVT_09411,25.0,ALLOW,0,
EVT_09412,10.0,ALLOW,0,
EVT_09413,10.0,ALLOW,0,
EVT_09414,25.0,ALLOW,0,
EVT_09415,30.0,ALLOW,0,
EVT_09416,30.0,ALLOW,0,
EVT_09417,25.0,ALLOW,0,
EVT_09418,15.0,ALLOW,0,
EVT_09419,10.0,ALLOW,0,
EVT_09420,10.0,ALLOW,0,
EVT_09421,20.0,ALLOW,0,
EVT_09422,15.0,ALLOW,0,
EVT_09423,30.0,ALLOW,0,
EVT_09424,10.0,ALLOW,0,
EVT_09425,15.0,ALLOW,0,
EVT_09426,10.0,ALLOW,0,
EVT_09427,25.0,ALLOW,0,
EVT_09428,45.0,CHALLENGE,0,
EVT_09429,45.0,CHALLENGE,0,
EVT_09430,20.0,ALLOW,0,
EVT_09431,10.0,ALLOW,0,
EVT_09432,25.0,ALLOW,0,
EVT_09433,30.0,ALLOW,0,
EVT_09434,70.0,CHALLENGE,0,
EVT_09435,10.0,ALLOW,0,
EVT_09436,30.0,ALLOW,0,
EVT_09437,25.0,ALLOW,0,
EVT_09438,30.0,ALLOW,0,
EVT_09439,10.0,ALLOW,0,
EVT_09440,45.0,CHALLENGE,1,Impossible_Travel
EVT_09441,10.0,ALLOW,0,
EVT_09442,10.0,ALLOW,0,
EVT_09443,30.0,ALLOW,0,
EVT_09444,25.0,ALLOW,0,
EVT_09445,10.0,ALLOW,0,
EVT_09446,10.0,ALLOW,0,
EVT_09447,25.0,ALLOW,0,
EVT_09448,25.0,ALLOW,0,
EVT_09449,10.0,ALLOW,0,
EVT_09450,15.0,ALLOW,0,
EVT_09451,35.0,ALLOW,0,
EVT_09452,10.0,ALLOW,0,
EVT_09453,25.0,ALLOW,0,
EVT_09454,15.0,ALLOW,0,
EVT_09455,10.0,ALLOW,0,
EVT_09456,30.0,ALLOW,0,
EVT_09457,25.0,ALLOW,0,
EVT_09458,10.0,ALLOW,0,
EVT_09459,10.0,ALLOW,0,
EVT_09460,10.0,ALLOW,0,
EVT_09461,10.0,ALLOW,0,
EVT_09462,45.0,CHALLENGE,0,
EVT_09463,10.0,ALLOW,0,
EVT_09464,10.0,ALLOW,0,
EVT_09465,25.0,ALLOW,0,
EVT_09466,10.0,ALLOW,0,
EVT_09467,10.0,ALLOW,0,
EVT_09468,10.0,ALLOW,0,
EVT_09469,45.0,CHALLENGE,1,Impossible_Travel
EVT_09470,25.0,ALLOW,0,
EVT_09471,25.0,ALLOW,0,
EVT_09472,50.0,CHALLENGE,0,
EVT_09473,15.0,ALLOW,0,
EVT_09474,50.0,CHALLENGE,0,
EVT_09475,25.0,ALLOW,0,
EVT_09476,10.0,ALLOW,0,
EVT_09477,45.0,CHALLENGE,1,Impossible_Travel
EVT_09478,10.0,ALLOW,0,
EVT_09479,25.0,ALLOW,0,
EVT_09480,25.0,ALLOW,0,
EVT_09481,35.0,ALLOW,0,
EVT_09482,35.0,ALLOW,0,
EVT_09483,15.0,ALLOW,0,
EVT_09484,25.0,ALLOW,0,
EVT_09485,50.0,CHALLENGE,0,
EVT_09486,10.0,ALLOW,0,
EVT_09487,25.0,ALLOW,0,
EVT_09488,50.0,CHALLENGE,0,
EVT_09489,10.0,ALLOW,0,
EVT_09490,25.0,ALLOW,0,
EVT_09491,25.0,ALLOW,0,
EVT_09492,15.0,ALLOW,0,
EVT_09493,10.0,ALLOW,0,
EVT_09494,10.0,ALLOW,0,
EVT_09495,10.0,ALLOW,0,
EVT_09496,25.0,ALLOW,0,
EVT_09497,10.0,ALLOW,0,
EVT_09498,10.0,ALLOW,0,
EVT_09499,15.0,ALLOW,0,
EVT_09500,10.0,ALLOW,0,
EVT_09501,45.0,CHALLENGE,1,Impossible_Travel
EVT_09502,25.0,ALLOW,0,
EVT_09503,15.0,ALLOW,0,
EVT_09504,10.0,ALLOW,0,
EVT_09505,15.0,ALLOW,0,
EVT_09506,10.0,ALLOW,0,
EVT_09507,10.0,ALLOW,0,
EVT_09508,45.0,CHALLENGE,0,
EVT_09509,15.0,ALLOW,0,
EVT_09510,10.0,ALLOW,0,
EVT_09511,95.0,BLOCK,1,New_Device_Sensitive
EVT_09512,30.0,ALLOW,0,
EVT_09513,25.0,ALLOW,0,
EVT_09514,10.0,ALLOW,0,
EVT_09515,25.0,ALLOW,0,
EVT_09516,35.0,ALLOW,0,
EVT_09517,10.0,ALLOW,0,
EVT_09518,10.0,ALLOW,0,
EVT_09519,15.0,ALLOW,0,
EVT_09520,45.0,CHALLENGE,0,
EVT_09521,10.0,ALLOW,0,
EVT_09522,10.0,ALLOW,0,
EVT_09523,10.0,ALLOW,0,
EVT_09524,10.0,ALLOW,0,
EVT_09525,10.0,ALLOW,0,
EVT_09526,10.0,ALLOW,0,
EVT_09527,25.0,ALLOW,0,
EVT_09528,10.0,ALLOW,0,
EVT_09529,25.0,ALLOW,0,
EVT_09530,25.0,ALLOW,0,
EVT_09531,25.0,ALLOW,0,
EVT_09532,25.0,ALLOW,0,
EVT_09533,10.0,ALLOW,0,
EVT_09534,10.0,ALLOW,0,
EVT_09535,10.0,ALLOW,0,
EVT_09536,10.0,ALLOW,0,
EVT_09537,10.0,ALLOW,0,
EVT_09538,10.0,ALLOW,0,
EVT_09539,50.0,CHALLENGE,0,
EVT_09540,10.0,ALLOW,0,
EVT_09541,10.0,ALLOW,0,
EVT_09542,25.0,ALLOW,0,
EVT_09543,10.0,ALLOW,0,
EVT_09544,25.0,ALLOW,0,
EVT_09545,10.0,ALLOW,0,
EVT_09546,15.0,ALLOW,0,
EVT_09547,10.0,ALLOW,0,
EVT_09548,10.0,ALLOW,0,
EVT_09549,25.0,ALLOW,1,Unusual_Resource_Access
EVT_09550,25.0,ALLOW,0,
EVT_09551,10.0,ALLOW,0,
EVT_09552,10.0,ALLOW,0,
EVT_09553,30.0,ALLOW,0,
EVT_09554,10.0,ALLOW,0,
EVT_09555,15.0,ALLOW,0,
EVT_09556,10.0,ALLOW,0,
EVT_09557,10.0,ALLOW,0,
EVT_09558,10.0,ALLOW,0,
EVT_09559,60.0,CHALLENGE,1,Impossible_Travel
EVT_09560,45.0,CHALLENGE,0,
EVT_09561,10.0,ALLOW,0,
EVT_09562,10.0,ALLOW,0,
EVT_09563,15.0,ALLOW,0,
EVT_09564,15.0,ALLOW,0,
EVT_09565,10.0,ALLOW,0,
EVT_09566,25.0,ALLOW,0,
EVT_09567,15.0,ALLOW,0,
EVT_09568,50.0,CHALLENGE,0,
EVT_09569,10.0,ALLOW,0,
EVT_09570,10.0,ALLOW,0,
EVT_09571,40.0,ALLOW,0,
EVT_09572,35.0,ALLOW,1,Unusual_Resource_Access
EVT_09573,25.0,ALLOW,0,
EVT_09574,10.0,ALLOW,0,
EVT_09575,15.0,ALLOW,0,
EVT_09576,10.0,ALLOW,0,
EVT_09577,35.0,ALLOW,0,
EVT_09578,15.0,ALLOW,0,
EVT_09579,10.0,ALLOW,0,
EVT_09580,10.0,ALLOW,0,
EVT_09581,25.0,ALLOW,0,
EVT_09582,10.0,ALLOW,0,
EVT_09583,10.0,ALLOW,0,
EVT_09584,10.0,ALLOW,0,
EVT_09585,20.0,ALLOW,0,
EVT_09586,25.0,ALLOW,0,
EVT_09587,10.0,ALLOW,0,
EVT_09588,10.0,ALLOW,0,
EVT_09589,35.0,ALLOW,0,
EVT_09590,25.0,ALLOW,0,
EVT_09591,10.0,ALLOW,0,
EVT_09592,15.0,ALLOW,0,
EVT_09593,10.0,ALLOW,0,
EVT_09594,25.0,ALLOW,0,
EVT_09595,10.0,ALLOW,0,
EVT_09596,10.0,ALLOW,0,
EVT_09597,10.0,ALLOW,0,
EVT_09598,10.0,ALLOW,0,
EVT_09599,10.0,ALLOW,0,
EVT_09600,10.0,ALLOW,0,
EVT_09601,25.0,ALLOW,0,
EVT_09602,10.0,ALLOW,0,
EVT_09603,45.0,CHALLENGE,0,
EVT_09604,50.0,CHALLENGE,0,
EVT_09605,45.0,CHALLENGE,1,Impossible_Travel
EVT_09606,25.0,ALLOW,0,
EVT_09607,50.0,CHALLENGE,0,
EVT_09608,40.0,ALLOW,0,
EVT_09609,10.0,ALLOW,0,
EVT_09610,25.0,ALLOW,0,
EVT_09611,10.0,ALLOW,0,
EVT_09612,25.0,ALLOW,0,
EVT_09613,20.0,ALLOW,0,
EVT_09614,10.0,ALLOW,0,
EVT_09615,40.0,ALLOW,0,
EVT_09616,25.0,ALLOW,0,
EVT_09617,10.0,ALLOW,0,
EVT_09618,25.0,ALLOW,0,
EVT_09619,25.0,ALLOW,0,
EVT_09620,15.0,ALLOW,0,
EVT_09621,15.0,ALLOW,0,
EVT_09622,25.0,ALLOW,0,
EVT_09623,10.0,ALLOW,0,
EVT_09624,10.0,ALLOW,0,
EVT_09625,10.0,ALLOW,0,
EVT_09626,10.0,ALLOW,0,
EVT_09627,10.0,ALLOW,0,
EVT_09628,25.0,ALLOW,0,
EVT_09629,10.0,ALLOW,0,
EVT_09630,40.0,ALLOW,0,
EVT_09631,10.0,ALLOW,0,
EVT_09632,45.0,CHALLENGE,0,
EVT_09633,40.0,ALLOW,0,
EVT_09634,25.0,ALLOW,0,
EVT_09635,25.0,ALLOW,0,
EVT_09636,10.0,ALLOW,0,
EVT_09637,10.0,ALLOW,0,
EVT_09638,15.0,ALLOW,0,
EVT_09639,15.0,ALLOW,0,
EVT_09640,25.0,ALLOW,0,
EVT_09641,30.0,ALLOW,0,
EVT_09642,20.0,ALLOW,0,
EVT_09643,15.0,ALLOW,0,
EVT_09644,10.0,ALLOW,0,
EVT_09645,25.0,ALLOW,0,
EVT_09646,10.0,ALLOW,0,
EVT_09647,10.0,ALLOW,0,
EVT_09648,10.0,ALLOW,0,
EVT_09649,45.0,CHALLENGE,0,
EVT_09650,15.0,ALLOW,0,
EVT_09651,15.0,ALLOW,0,
EVT_09652,45.0,CHALLENGE,1,Impossible_Travel
EVT_09653,10.0,ALLOW,0,
EVT_09654,45.0,CHALLENGE,1,Impossible_Travel
EVT_09655,15.0,ALLOW,0,
EVT_09656,45.0,CHALLENGE,0,
EVT_09657,25.0,ALLOW,0,
EVT_09658,10.0,ALLOW,0,
EVT_09659,10.0,ALLOW,0,
EVT_09660,10.0,ALLOW,0,
EVT_09661,35.0,ALLOW,0,
EVT_09662,10.0,ALLOW,0,
EVT_09663,10.0,ALLOW,0,
EVT_09664,10.0,ALLOW,0,
EVT_09665,10.0,ALLOW,0,
EVT_09666,55.0,CHALLENGE,0,
EVT_09667,25.0,ALLOW,0,
EVT_09668,10.0,ALLOW,0,
EVT_09669,10.0,ALLOW,0,
EVT_09670,10.0,ALLOW,0,
EVT_09671,25.0,ALLOW,0,
EVT_09672,15.0,ALLOW,0,
EVT_09673,45.0,CHALLENGE,0,
EVT_09674,10.0,ALLOW,0,
EVT_09675,35.0,ALLOW,0,
EVT_09676,10.0,ALLOW,0,
EVT_09677,10.0,ALLOW,0,
EVT_09678,40.0,ALLOW,0,
EVT_09679,10.0,ALLOW,0,
EVT_09680,10.0,ALLOW,0,
EVT_09681,10.0,ALLOW,0,
EVT_09682,15.0,ALLOW,0,
EVT_09683,10.0,ALLOW,0,
EVT_09684,70.0,CHALLENGE,1,Impossible_Travel
EVT_09685,10.0,ALLOW,0,
EVT_09686,10.0,ALLOW,0,
EVT_09687,25.0,ALLOW,0,
EVT_09688,10.0,ALLOW,0,
EVT_09689,10.0,ALLOW,0,
EVT_09690,25.0,ALLOW,0,
EVT_09691,10.0,ALLOW,0,
EVT_09692,10.0,ALLOW,0,
EVT_09693,15.0,ALLOW,0,
EVT_09694,15.0,ALLOW,0,
EVT_09695,10.0,ALLOW,0,
EVT_09696,10.0,ALLOW,0,
EVT_09697,15.0,ALLOW,0,
EVT_09698,10.0,ALLOW,0,
EVT_09699,45.0,CHALLENGE,1,Impossible_Travel
EVT_09700,20.0,ALLOW,0,
EVT_09701,25.0,ALLOW,0,
EVT_09702,10.0,ALLOW,0,
EVT_09703,45.0,CHALLENGE,1,Impossible_Travel
EVT_09704,10.0,ALLOW,0,
EVT_09705,35.0,ALLOW,0,
EVT_09706,10.0,ALLOW,0,
EVT_09707,10.0,ALLOW,0,
EVT_09708,15.0,ALLOW,0,
EVT_09709,15.0,ALLOW,0,
EVT_09710,10.0,ALLOW,0,
EVT_09711,10.0,ALLOW,0,
EVT_09712,10.0,ALLOW,0,
EVT_09713,10.0,ALLOW,0,
EVT_09714,25.0,ALLOW,0,
EVT_09715,10.0,ALLOW,0,
EVT_09716,25.0,ALLOW,0,
EVT_09717,15.0,ALLOW,0,
EVT_09718,15.0,ALLOW,0,
EVT_09719,25.0,ALLOW,0,
EVT_09720,10.0,ALLOW,0,
EVT_09721,30.0,ALLOW,0,
EVT_09722,45.0,CHALLENGE,1,Impossible_Travel
EVT_09723,35.0,ALLOW,0,
EVT_09724,40.0,ALLOW,0,
EVT_09725,35.0,ALLOW,1,Unusual_Resource_Access
EVT_09726,10.0,ALLOW,0,
EVT_09727,10.0,ALLOW,0,
EVT_09728,10.0,ALLOW,0,
EVT_09729,45.0,CHALLENGE,1,Impossible_Travel
EVT_09730,10.0,ALLOW,0,
EVT_09731,10.0,ALLOW,0,
EVT_09732,10.0,ALLOW,0,
EVT_09733,45.0,CHALLENGE,1,Impossible_Travel
EVT_09734,25.0,ALLOW,0,
EVT_09735,35.0,ALLOW,0,
EVT_09736,10.0,ALLOW,0,
EVT_09737,25.0,ALLOW,0,
EVT_09738,35.0,ALLOW,0,
EVT_09739,45.0,CHALLENGE,0,
EVT_09740,35.0,ALLOW,0,
EVT_09741,35.0,ALLOW,0,
EVT_09742,45.0,CHALLENGE,1,Impossible_Travel
EVT_09743,30.0,ALLOW,0,
EVT_09744,25.0,ALLOW,0,
EVT_09745,40.0,ALLOW,0,
EVT_09746,25.0,ALLOW,0,
EVT_09747,10.0,ALLOW,0,
EVT_09748,25.0,ALLOW,0,
EVT_09749,10.0,ALLOW,0,
EVT_09750,45.0,CHALLENGE,1,Impossible_Travel
EVT_09751,25.0,ALLOW,0,
EVT_09752,25.0,ALLOW,0,
EVT_09753,25.0,ALLOW,0,
EVT_09754,10.0,ALLOW,0,
EVT_09755,10.0,ALLOW,0,
EVT_09756,45.0,CHALLENGE,0,
EVT_09757,45.0,CHALLENGE,0,
EVT_09758,15.0,ALLOW,0,
EVT_09759,25.0,ALLOW,0,
EVT_09760,25.0,ALLOW,0,
EVT_09761,35.0,ALLOW,0,
EVT_09762,45.0,CHALLENGE,1,Impossible_Travel
EVT_09763,30.0,ALLOW,0,
EVT_09764,10.0,ALLOW,0,
EVT_09765,10.0,ALLOW,0,
EVT_09766,10.0,ALLOW,0,
EVT_09767,20.0,ALLOW,0,
EVT_09768,40.0,ALLOW,0,
EVT_09769,35.0,ALLOW,0,
EVT_09770,25.0,ALLOW,0,
EVT_09771,10.0,ALLOW,0,
EVT_09772,10.0,ALLOW,0,
EVT_09773,25.0,ALLOW,1,Unusual_Resource_Access
EVT_09774,25.0,ALLOW,0,
EVT_09775,30.0,ALLOW,0,
EVT_09776,10.0,ALLOW,0,
EVT_09777,25.0,ALLOW,0,
EVT_09778,10.0,ALLOW,0,
EVT_09779,10.0,ALLOW,0,
EVT_09780,10.0,ALLOW,0,
EVT_09781,10.0,ALLOW,0,
EVT_09782,10.0,ALLOW,0,
EVT_09783,30.0,ALLOW,0,
EVT_09784,35.0,ALLOW,0,
EVT_09785,15.0,ALLOW,0,
EVT_09786,10.0,ALLOW,0,
EVT_09787,50.0,CHALLENGE,0,
EVT_09788,35.0,ALLOW,0,
EVT_09789,10.0,ALLOW,0,
EVT_09790,10.0,ALLOW,0,
EVT_09791,30.0,ALLOW,0,
EVT_09792,10.0,ALLOW,0,
EVT_09793,60.0,CHALLENGE,0,
EVT_09794,25.0,ALLOW,0,
EVT_09795,10.0,ALLOW,0,
EVT_09796,35.0,ALLOW,0,
EVT_09797,10.0,ALLOW,0,
EVT_09798,10.0,ALLOW,0,
EVT_09799,25.0,ALLOW,0,
EVT_09800,45.0,CHALLENGE,0,
EVT_09801,10.0,ALLOW,0,
EVT_09802,45.0,CHALLENGE,0,
EVT_09803,25.0,ALLOW,0,
EVT_09804,25.0,ALLOW,0,
EVT_09805,15.0,ALLOW,0,
EVT_09806,25.0,ALLOW,0,
EVT_09807,10.0,ALLOW,0,
EVT_09808,10.0,ALLOW,0,
EVT_09809,40.0,ALLOW,0,
EVT_09810,10.0,ALLOW,0,
EVT_09811,10.0,ALLOW,0,
EVT_09812,15.0,ALLOW,0,
EVT_09813,25.0,ALLOW,0,
EVT_09814,25.0,ALLOW,0,
EVT_09815,40.0,ALLOW,0,
EVT_09816,15.0,ALLOW,0,
EVT_09817,25.0,ALLOW,0,
EVT_09818,10.0,ALLOW,0,
EVT_09819,30.0,ALLOW,0,
EVT_09820,10.0,ALLOW,0,
EVT_09821,10.0,ALLOW,0,
EVT_09822,10.0,ALLOW,0,
EVT_09823,45.0,CHALLENGE,0,
EVT_09824,10.0,ALLOW,0,
EVT_09825,30.0,ALLOW,0,
EVT_09826,10.0,ALLOW,0,
EVT_09827,25.0,ALLOW,0,
EVT_09828,30.0,ALLOW,0,
EVT_09829,45.0,CHALLENGE,0,
EVT_09830,10.0,ALLOW,0,
EVT_09831,10.0,ALLOW,0,
EVT_09832,15.0,ALLOW,0,
EVT_09833,10.0,ALLOW,0,
EVT_09834,30.0,ALLOW,0,
EVT_09835,10.0,ALLOW,0,
EVT_09836,10.0,ALLOW,0,
EVT_09837,10.0,ALLOW,0,
EVT_09838,15.0,ALLOW,0,
EVT_09839,10.0,ALLOW,0,
EVT_09840,15.0,ALLOW,0,
EVT_09841,25.0,ALLOW,0,
EVT_09842,50.0,CHALLENGE,0,
EVT_09843,10.0,ALLOW,0,
EVT_09844,50.0,CHALLENGE,0,
EVT_09845,15.0,ALLOW,0,
EVT_09846,10.0,ALLOW,0,
EVT_09847,25.0,ALLOW,0,
EVT_09848,10.0,ALLOW,0,
EVT_09849,45.0,CHALLENGE,0,
EVT_09850,10.0,ALLOW,0,
EVT_09851,30.0,ALLOW,0,
EVT_09852,45.0,CHALLENGE,0,
EVT_09853,15.0,ALLOW,0,
EVT_09854,30.0,ALLOW,0,
EVT_09855,10.0,ALLOW,0,
EVT_09856,30.0,ALLOW,0,
EVT_09857,10.0,ALLOW,0,
EVT_09858,10.0,ALLOW,0,
EVT_09859,45.0,CHALLENGE,0,
EVT_09860,15.0,ALLOW,0,
EVT_09861,10.0,ALLOW,0,
EVT_09862,25.0,ALLOW,0,
EVT_09863,40.0,ALLOW,0,
EVT_09864,10.0,ALLOW,0,
EVT_09865,10.0,ALLOW,0,
EVT_09866,10.0,ALLOW,0,
EVT_09867,10.0,ALLOW,0,
EVT_09868,10.0,ALLOW,0,
EVT_09869,10.0,ALLOW,0,
EVT_09870,10.0,ALLOW,0,
EVT_09871,10.0,ALLOW,0,
EVT_09872,10.0,ALLOW,0,
EVT_09873,10.0,ALLOW,0,
EVT_09874,25.0,ALLOW,0,
EVT_09875,10.0,ALLOW,0,
EVT_09876,15.0,ALLOW,0,
EVT_09877,10.0,ALLOW,0,
EVT_09878,10.0,ALLOW,0,
EVT_09879,25.0,ALLOW,0,
EVT_09880,10.0,ALLOW,0,
EVT_09881,10.0,ALLOW,0,
EVT_09882,10.0,ALLOW,0,
EVT_09883,10.0,ALLOW,0,
EVT_09884,10.0,ALLOW,0,
EVT_09885,35.0,ALLOW,0,
EVT_09886,70.0,CHALLENGE,1,Off_Hours_Privileged
EVT_09887,70.0,CHALLENGE,1,Off_Hours_Privileged
EVT_09888,75.0,BLOCK,1,Off_Hours_Privileged
EVT_09889,70.0,CHALLENGE,1,Off_Hours_Privileged
EVT_09890,70.0,CHALLENGE,1,Off_Hours_Privileged
EVT_09891,35.0,ALLOW,0,
EVT_09892,45.0,CHALLENGE,0,
EVT_09893,10.0,ALLOW,0,
EVT_09894,30.0,ALLOW,0,
EVT_09895,10.0,ALLOW,0,
EVT_09896,20.0,ALLOW,0,
EVT_09897,20.0,ALLOW,0,
EVT_09898,10.0,ALLOW,0,
EVT_09899,15.0,ALLOW,0,
EVT_09900,10.0,ALLOW,0,
EVT_09901,20.0,ALLOW,0,
EVT_09902,10.0,ALLOW,0,
EVT_09903,25.0,ALLOW,0,
EVT_09904,15.0,ALLOW,0,
EVT_09905,10.0,ALLOW,0,
EVT_09906,15.0,ALLOW,0,
EVT_09907,10.0,ALLOW,0,
EVT_09908,10.0,ALLOW,0,
EVT_09909,15.0,ALLOW,0,
EVT_09910,15.0,ALLOW,0,
EVT_09911,10.0,ALLOW,0,
EVT_09912,25.0,ALLOW,0,
EVT_09913,25.0,ALLOW,0,
EVT_09914,25.0,ALLOW,0,
EVT_09915,10.0,ALLOW,0,
EVT_09916,25.0,ALLOW,0,
EVT_09917,10.0,ALLOW,0,
EVT_09918,10.0,ALLOW,0,
EVT_09919,10.0,ALLOW,0,
EVT_09920,10.0,ALLOW,0,
EVT_09921,10.0,ALLOW,0,
EVT_09922,10.0,ALLOW,0,
EVT_09923,10.0,ALLOW,0,
EVT_09924,25.0,ALLOW,0,
EVT_09925,55.0,CHALLENGE,0,
EVT_09926,25.0,ALLOW,0,
EVT_09927,50.0,CHALLENGE,0,
EVT_09928,25.0,ALLOW,0,
EVT_09929,10.0,ALLOW,0,
EVT_09930,10.0,ALLOW,0,
EVT_09931,10.0,ALLOW,0,
EVT_09932,15.0,ALLOW,0,
EVT_09933,40.0,ALLOW,0,
EVT_09934,10.0,ALLOW,0,
EVT_09935,25.0,ALLOW,0,
EVT_09936,25.0,ALLOW,0,
EVT_09937,10.0,ALLOW,0,
EVT_09938,30.0,ALLOW,0,
EVT_09939,15.0,ALLOW,0,
EVT_09940,10.0,ALLOW,0,
EVT_09941,25.0,ALLOW,0,
EVT_09942,10.0,ALLOW,0,
EVT_09943,45.0,CHALLENGE,0,
EVT_09944,15.0,ALLOW,0,
EVT_09945,10.0,ALLOW,0,
EVT_09946,25.0,ALLOW,0,
EVT_09947,10.0,ALLOW,0,
EVT_09948,15.0,ALLOW,0,
EVT_09949,40.0,ALLOW,0,
EVT_09950,10.0,ALLOW,0,
EVT_09951,10.0,ALLOW,0,
EVT_09952,25.0,ALLOW,0,
EVT_09953,15.0,ALLOW,0,
EVT_09954,45.0,CHALLENGE,0,
EVT_09955,10.0,ALLOW,0,
EVT_09956,10.0,ALLOW,0,
EVT_09957,30.0,ALLOW,0,
EVT_09958,40.0,ALLOW,0,
EVT_09959,40.0,ALLOW,0,
EVT_09960,25.0,ALLOW,0,
EVT_09961,25.0,ALLOW,0,
EVT_09962,25.0,ALLOW,0,
EVT_09963,35.0,ALLOW,0,
EVT_09964,25.0,ALLOW,0,
EVT_09965,10.0,ALLOW,0,
EVT_09966,25.0,ALLOW,0,
EVT_09967,15.0,ALLOW,0,
EVT_09968,25.0,ALLOW,0,
EVT_09969,25.0,ALLOW,0,
EVT_09970,35.0,ALLOW,0,
EVT_09971,10.0,ALLOW,0,
EVT_09972,10.0,ALLOW,0,
EVT_09973,10.0,ALLOW,0,
EVT_09974,30.0,ALLOW,0,
EVT_09975,10.0,ALLOW,0,
EVT_09976,15.0,ALLOW,0,
EVT_09977,10.0,ALLOW,0,
EVT_09978,25.0,ALLOW,0,
EVT_09979,65.0,CHALLENGE,0,
EVT_09980,45.0,CHALLENGE,1,Impossible_Travel
EVT_09981,10.0,ALLOW,0,
EVT_09982,10.0,ALLOW,0,
EVT_09983,10.0,ALLOW,0,
EVT_09984,10.0,ALLOW,0,
EVT_09985,10.0,ALLOW,0,
EVT_09986,15.0,ALLOW,0,
EVT_09987,15.0,ALLOW,0,
EVT_09988,10.0,ALLOW,0,
EVT_09989,10.0,ALLOW,0,
EVT_09990,35.0,ALLOW,1,Unusual_Resource_Access
EVT_09991,25.0,ALLOW,0,
EVT_09992,35.0,ALLOW,0,
EVT_09993,15.0,ALLOW,0,
EVT_09994,10.0,ALLOW,0,
EVT_09995,15.0,ALLOW,0,
EVT_09996,10.0,ALLOW,0,
EVT_09997,35.0,ALLOW,0,
EVT_09998,70.0,CHALLENGE,1,Impossible_Travel
EVT_09999,35.0,ALLOW,0,
EVT_10000,25.0,ALLOW,1,Unusual_Resource_Access
EVT_10001,10.0,ALLOW,0,
EVT_10002,25.0,ALLOW,0,
EVT_10003,10.0,ALLOW,0,
EVT_10004,15.0,ALLOW,0,
EVT_10005,10.0,ALLOW,0,
EVT_10006,10.0,ALLOW,0,
EVT_10007,25.0,ALLOW,0,
EVT_10008,10.0,ALLOW,0,
EVT_10009,10.0,ALLOW,0,
EVT_10010,40.0,ALLOW,0,
EVT_10011,10.0,ALLOW,0,
EVT_10012,25.0,ALLOW,0,
EVT_10013,15.0,ALLOW,0,
EVT_10014,10.0,ALLOW,0,
EVT_10015,15.0,ALLOW,0,
EVT_10016,10.0,ALLOW,0,
EVT_10017,20.0,ALLOW,0,
EVT_10018,25.0,ALLOW,0,
EVT_10019,25.0,ALLOW,0,
EVT_10020,10.0,ALLOW,0,
EVT_10021,10.0,ALLOW,0,
EVT_10022,40.0,ALLOW,0,
EVT_10023,30.0,ALLOW,0,
EVT_10024,10.0,ALLOW,0,
EVT_10025,10.0,ALLOW,0,
EVT_10026,25.0,ALLOW,0,
EVT_10027,10.0,ALLOW,0,
EVT_10028,20.0,ALLOW,0,
EVT_10029,15.0,ALLOW,0,
EVT_10030,25.0,ALLOW,0,
EVT_10031,25.0,ALLOW,0,
EVT_10032,10.0,ALLOW,0,
EVT_10033,15.0,ALLOW,0,
EVT_10034,25.0,ALLOW,0,
EVT_10035,25.0,ALLOW,0,
EVT_10036,50.0,CHALLENGE,0,
EVT_10037,25.0,ALLOW,0,
EVT_10038,10.0,ALLOW,0,
EVT_10039,15.0,ALLOW,0,
EVT_10040,15.0,ALLOW,0,
EVT_10041,10.0,ALLOW,0,
EVT_10042,30.0,ALLOW,0,
EVT_10043,10.0,ALLOW,0,
EVT_10044,25.0,ALLOW,0,
EVT_10045,85.0,BLOCK,1,New_Device_Sensitive
EVT_10046,35.0,ALLOW,0,
EVT_10047,10.0,ALLOW,0,
EVT_10048,25.0,ALLOW,0,
EVT_10049,35.0,ALLOW,0,
EVT_10050,25.0,ALLOW,0,
EVT_10051,10.0,ALLOW,0,
EVT_10052,30.0,ALLOW,0,
EVT_10053,15.0,ALLOW,0,
EVT_10054,25.0,ALLOW,0,
EVT_10055,10.0,ALLOW,0,
EVT_10056,35.0,ALLOW,0,
EVT_10057,10.0,ALLOW,0,
EVT_10058,10.0,ALLOW,0,
EVT_10059,10.0,ALLOW,0,
EVT_10060,15.0,ALLOW,0,
EVT_10061,80.0,BLOCK,1,Privilege_Escalation
EVT_10062,80.0,BLOCK,1,Privilege_Escalation
EVT_10063,80.0,BLOCK,1,Privilege_Escalation
EVT_10064,80.0,BLOCK,1,Privilege_Escalation
EVT_10065,80.0,BLOCK,1,Privilege_Escalation
EVT_10066,70.0,CHALLENGE,1,Privilege_Escalation
EVT_10067,15.0,ALLOW,0,
EVT_10068,10.0,ALLOW,0,
EVT_10069,30.0,ALLOW,0,
EVT_10070,10.0,ALLOW,0,
EVT_10071,85.0,BLOCK,1,New_Device_Sensitive
EVT_10072,25.0,ALLOW,0,
EVT_10073,25.0,ALLOW,0,
EVT_10074,15.0,ALLOW,0,
EVT_10075,10.0,ALLOW,0,
EVT_10076,30.0,ALLOW,0,
EVT_10077,25.0,ALLOW,0,
EVT_10078,10.0,ALLOW,0,
EVT_10079,25.0,ALLOW,0,
EVT_10080,45.0,CHALLENGE,0,
EVT_10081,15.0,ALLOW,0,
EVT_10082,10.0,ALLOW,0,
EVT_10083,35.0,ALLOW,0,
EVT_10084,10.0,ALLOW,0,
EVT_10085,10.0,ALLOW,0,
EVT_10086,30.0,ALLOW,0,
EVT_10087,10.0,ALLOW,0,
EVT_10088,10.0,ALLOW,0,
EVT_10089,10.0,ALLOW,0,
EVT_10090,15.0,ALLOW,0,
EVT_10091,50.0,CHALLENGE,0,
EVT_10092,10.0,ALLOW,0,
EVT_10093,10.0,ALLOW,0,
EVT_10094,10.0,ALLOW,0,
EVT_10095,15.0,ALLOW,0,
EVT_10096,10.0,ALLOW,0,
EVT_10097,20.0,ALLOW,0,
EVT_10098,15.0,ALLOW,0,
EVT_10099,25.0,ALLOW,0,
EVT_10100,10.0,ALLOW,0,
EVT_10101,25.0,ALLOW,0,
EVT_10102,25.0,ALLOW,0,
EVT_10103,15.0,ALLOW,0,
EVT_10104,10.0,ALLOW,0,
EVT_10105,10.0,ALLOW,0,
EVT_10106,25.0,ALLOW,0,
EVT_10107,10.0,ALLOW,0,
EVT_10108,25.0,ALLOW,0,
EVT_10109,10.0,ALLOW,0,
EVT_10110,30.0,ALLOW,0,
EVT_10111,10.0,ALLOW,0,
EVT_10112,15.0,ALLOW,0,
EVT_10113,30.0,ALLOW,0,
EVT_10114,10.0,ALLOW,0,
EVT_10115,25.0,ALLOW,0,
EVT_10116,15.0,ALLOW,0,
EVT_10117,10.0,ALLOW,0,
EVT_10118,45.0,CHALLENGE,1,Impossible_Travel
EVT_10119,25.0,ALLOW,0,
EVT_10120,10.0,ALLOW,0,
EVT_10121,10.0,ALLOW,0,
EVT_10122,10.0,ALLOW,0,
EVT_10123,25.0,ALLOW,0,
EVT_10124,15.0,ALLOW,0,
EVT_10125,10.0,ALLOW,0,
EVT_10126,40.0,ALLOW,0,
EVT_10127,20.0,ALLOW,0,
EVT_10128,80.0,BLOCK,1,New_Device_Sensitive
EVT_10129,10.0,ALLOW,0,
EVT_10130,25.0,ALLOW,0,
EVT_10131,35.0,ALLOW,0,
EVT_10132,10.0,ALLOW,0,
EVT_10133,10.0,ALLOW,0,
EVT_10134,25.0,ALLOW,0,
EVT_10135,25.0,ALLOW,0,
EVT_10136,15.0,ALLOW,0,
EVT_10137,10.0,ALLOW,0,
EVT_10138,15.0,ALLOW,0,
EVT_10139,25.0,ALLOW,0,
EVT_10140,10.0,ALLOW,0,
EVT_10141,10.0,ALLOW,0,
EVT_10142,10.0,ALLOW,0,
EVT_10143,35.0,ALLOW,0,
EVT_10144,15.0,ALLOW,0,
EVT_10145,10.0,ALLOW,0,
EVT_10146,10.0,ALLOW,0,
EVT_10147,30.0,ALLOW,0,
EVT_10148,25.0,ALLOW,0,
EVT_10149,15.0,ALLOW,0,
EVT_10150,10.0,ALLOW,0,
EVT_10151,10.0,ALLOW,0,
EVT_10152,10.0,ALLOW,0,
EVT_10153,10.0,ALLOW,0,
EVT_10154,15.0,ALLOW,0,
EVT_10155,45.0,CHALLENGE,1,Impossible_Travel
EVT_10156,25.0,ALLOW,0,
EVT_10157,10.0,ALLOW,0,
EVT_10158,25.0,ALLOW,0,
EVT_10159,30.0,ALLOW,0,
EVT_10160,25.0,ALLOW,0,
EVT_10161,10.0,ALLOW,0,
EVT_10162,10.0,ALLOW,0,
EVT_10163,35.0,ALLOW,0,
EVT_10164,15.0,ALLOW,0,
EVT_10165,25.0,ALLOW,0,
EVT_10166,35.0,ALLOW,0,
EVT_10167,25.0,ALLOW,0,
EVT_10168,10.0,ALLOW,0,
EVT_10169,25.0,ALLOW,0,
EVT_10170,15.0,ALLOW,0,
EVT_10171,15.0,ALLOW,0,
EVT_10172,10.0,ALLOW,0,
EVT_10173,20.0,ALLOW,0,
EVT_10174,10.0,ALLOW,0,
EVT_10175,10.0,ALLOW,0,
EVT_10176,10.0,ALLOW,0,
EVT_10177,10.0,ALLOW,0,
EVT_10178,10.0,ALLOW,0,
EVT_10179,10.0,ALLOW,0,
EVT_10180,25.0,ALLOW,0,
EVT_10181,10.0,ALLOW,0,
EVT_10182,10.0,ALLOW,0,
EVT_10183,15.0,ALLOW,0,
EVT_10184,10.0,ALLOW,0,
EVT_10185,10.0,ALLOW,0,
EVT_10186,30.0,ALLOW,0,
EVT_10187,25.0,ALLOW,0,
EVT_10188,45.0,CHALLENGE,0,
EVT_10189,25.0,ALLOW,0,
EVT_10190,10.0,ALLOW,0,
EVT_10191,45.0,CHALLENGE,0,
EVT_10192,25.0,ALLOW,0,
EVT_10193,10.0,ALLOW,0,
EVT_10194,10.0,ALLOW,0,
EVT_10195,10.0,ALLOW,0,
EVT_10196,25.0,ALLOW,0,
EVT_10197,15.0,ALLOW,0,
EVT_10198,25.0,ALLOW,0,
EVT_10199,50.0,CHALLENGE,0,
EVT_10200,30.0,ALLOW,0,
EVT_10201,30.0,ALLOW,0,
EVT_10202,15.0,ALLOW,0,
EVT_10203,15.0,ALLOW,0,
EVT_10204,10.0,ALLOW,0,
EVT_10205,25.0,ALLOW,0,
EVT_10206,10.0,ALLOW,0,
EVT_10207,30.0,ALLOW,0,
EVT_10208,95.0,BLOCK,1,New_Device_Sensitive
EVT_10209,25.0,ALLOW,0,
EVT_10210,10.0,ALLOW,0,
EVT_10211,45.0,CHALLENGE,0,
EVT_10212,10.0,ALLOW,0,
EVT_10213,25.0,ALLOW,0,
EVT_10214,60.0,CHALLENGE,1,Impossible_Travel
EVT_10215,15.0,ALLOW,0,
EVT_10216,45.0,CHALLENGE,0,
EVT_10217,10.0,ALLOW,0,
EVT_10218,10.0,ALLOW,0,
EVT_10219,10.0,ALLOW,0,
EVT_10220,10.0,ALLOW,0,
EVT_10221,70.0,CHALLENGE,1,Privilege_Escalation
EVT_10222,70.0,CHALLENGE,1,Privilege_Escalation
EVT_10223,70.0,CHALLENGE,1,Privilege_Escalation
EVT_10224,70.0,CHALLENGE,1,Privilege_Escalation
EVT_10225,70.0,CHALLENGE,1,Privilege_Escalation
EVT_10226,60.0,CHALLENGE,1,Privilege_Escalation
EVT_10227,10.0,ALLOW,0,
EVT_10228,25.0,ALLOW,0,
EVT_10229,20.0,ALLOW,0,
EVT_10230,30.0,ALLOW,0,
EVT_10231,15.0,ALLOW,0,
EVT_10232,10.0,ALLOW,0,
EVT_10233,10.0,ALLOW,0,
EVT_10234,10.0,ALLOW,0,
EVT_10235,10.0,ALLOW,0,
EVT_10236,10.0,ALLOW,0,
EVT_10237,15.0,ALLOW,0,
EVT_10238,10.0,ALLOW,0,
EVT_10239,10.0,ALLOW,0,
EVT_10240,70.0,CHALLENGE,1,New_Device_Sensitive
EVT_10241,45.0,CHALLENGE,0,
EVT_10242,10.0,ALLOW,0,
EVT_10243,25.0,ALLOW,0,
EVT_10244,10.0,ALLOW,0,
EVT_10245,10.0,ALLOW,0,
EVT_10246,15.0,ALLOW,0,
EVT_10247,10.0,ALLOW,0,
EVT_10248,40.0,ALLOW,0,
EVT_10249,10.0,ALLOW,0,
EVT_10250,25.0,ALLOW,0,
EVT_10251,30.0,ALLOW,0,
EVT_10252,15.0,ALLOW,0,
EVT_10253,45.0,CHALLENGE,0,
EVT_10254,10.0,ALLOW,0,
EVT_10255,10.0,ALLOW,0,
EVT_10256,45.0,CHALLENGE,0,
EVT_10257,10.0,ALLOW,0,
EVT_10258,25.0,ALLOW,0,
EVT_10259,10.0,ALLOW,0,
EVT_10260,25.0,ALLOW,0,
EVT_10261,10.0,ALLOW,0,
EVT_10262,30.0,ALLOW,0,
EVT_10263,10.0,ALLOW,0,
EVT_10264,15.0,ALLOW,0,
EVT_10265,40.0,ALLOW,0,
EVT_10266,25.0,ALLOW,0,
EVT_10267,10.0,ALLOW,0,
EVT_10268,25.0,ALLOW,0,
EVT_10269,10.0,ALLOW,0,
EVT_10270,10.0,ALLOW,0,
EVT_10271,25.0,ALLOW,0,
EVT_10272,10.0,ALLOW,0,
EVT_10273,35.0,ALLOW,0,
EVT_10274,15.0,ALLOW,0,
EVT_10275,25.0,ALLOW,0,
EVT_10276,20.0,ALLOW,0,
EVT_10277,10.0,ALLOW,0,
EVT_10278,10.0,ALLOW,0,
EVT_10279,30.0,ALLOW,0,
EVT_10280,10.0,ALLOW,0,
EVT_10281,25.0,ALLOW,0,
EVT_10282,10.0,ALLOW,0,
EVT_10283,25.0,ALLOW,0,
EVT_10284,10.0,ALLOW,0,
EVT_10285,10.0,ALLOW,0,
EVT_10286,25.0,ALLOW,0,
EVT_10287,10.0,ALLOW,0,
EVT_10288,25.0,ALLOW,0,
EVT_10289,25.0,ALLOW,0,
EVT_10290,10.0,ALLOW,0,
EVT_10291,15.0,ALLOW,0,
EVT_10292,10.0,ALLOW,0,
EVT_10293,10.0,ALLOW,0,
EVT_10294,15.0,ALLOW,0,
EVT_10295,10.0,ALLOW,0,
EVT_10296,25.0,ALLOW,0,
EVT_10297,15.0,ALLOW,0,
EVT_10298,10.0,ALLOW,0,
EVT_10299,10.0,ALLOW,0,
EVT_10300,25.0,ALLOW,0,
EVT_10301,10.0,ALLOW,0,
EVT_10302,25.0,ALLOW,0,
EVT_10303,10.0,ALLOW,0,
EVT_10304,10.0,ALLOW,0,
EVT_10305,50.0,CHALLENGE,0,
EVT_10306,10.0,ALLOW,0,
EVT_10307,35.0,ALLOW,0,
EVT_10308,25.0,ALLOW,0,
EVT_10309,10.0,ALLOW,0,
EVT_10310,15.0,ALLOW,0,
EVT_10311,10.0,ALLOW,0,
EVT_10312,10.0,ALLOW,0,
EVT_10313,45.0,CHALLENGE,0,
EVT_10314,30.0,ALLOW,0,
EVT_10315,10.0,ALLOW,0,
EVT_10316,25.0,ALLOW,0,
EVT_10317,25.0,ALLOW,0,
EVT_10318,25.0,ALLOW,0,
EVT_10319,10.0,ALLOW,0,
EVT_10320,25.0,ALLOW,0,
EVT_10321,10.0,ALLOW,0,
EVT_10322,15.0,ALLOW,0,
EVT_10323,10.0,ALLOW,0,
EVT_10324,10.0,ALLOW,0,
EVT_10325,40.0,ALLOW,0,
EVT_10326,25.0,ALLOW,0,
EVT_10327,15.0,ALLOW,0,
EVT_10328,10.0,ALLOW,0,
EVT_10329,10.0,ALLOW,0,
EVT_10330,10.0,ALLOW,0,
EVT_10331,15.0,ALLOW,0,
EVT_10332,10.0,ALLOW,0,
EVT_10333,35.0,ALLOW,0,
EVT_10334,10.0,ALLOW,0,
EVT_10335,25.0,ALLOW,0,
EVT_10336,10.0,ALLOW,0,
EVT_10337,15.0,ALLOW,0,
EVT_10338,25.0,ALLOW,0,
EVT_10339,40.0,ALLOW,0,
EVT_10340,10.0,ALLOW,0,
EVT_10341,30.0,ALLOW,0,
EVT_10342,10.0,ALLOW,0,
EVT_10343,10.0,ALLOW,0,
EVT_10344,15.0,ALLOW,0,
EVT_10345,10.0,ALLOW,0,
EVT_10346,10.0,ALLOW,0,
EVT_10347,10.0,ALLOW,0,
EVT_10348,30.0,ALLOW,0,
EVT_10349,10.0,ALLOW,0,
EVT_10350,10.0,ALLOW,0,
EVT_10351,25.0,ALLOW,0,
EVT_10352,15.0,ALLOW,0,
EVT_10353,10.0,ALLOW,0,
EVT_10354,10.0,ALLOW,0,
EVT_10355,25.0,ALLOW,0,
EVT_10356,55.0,CHALLENGE,0,
EVT_10357,15.0,ALLOW,0,
EVT_10358,10.0,ALLOW,0,
EVT_10359,10.0,ALLOW,0,
EVT_10360,40.0,ALLOW,0,
EVT_10361,10.0,ALLOW,0,
EVT_10362,10.0,ALLOW,0,
EVT_10363,25.0,ALLOW,0,
EVT_10364,25.0,ALLOW,0,
EVT_10365,10.0,ALLOW,0,
EVT_10366,45.0,CHALLENGE,0,
EVT_10367,25.0,ALLOW,0,
EVT_10368,30.0,ALLOW,0,
EVT_10369,10.0,ALLOW,0,
EVT_10370,10.0,ALLOW,0,
EVT_10371,10.0,ALLOW,0,
EVT_10372,10.0,ALLOW,0,
EVT_10373,25.0,ALLOW,0,
EVT_10374,10.0,ALLOW,0,
EVT_10375,10.0,ALLOW,0,
EVT_10376,25.0,ALLOW,0,
EVT_10377,25.0,ALLOW,0,
EVT_10378,25.0,ALLOW,0,
EVT_10379,10.0,ALLOW,0,
EVT_10380,10.0,ALLOW,0,
EVT_10381,30.0,ALLOW,0,
EVT_10382,15.0,ALLOW,0,
EVT_10383,25.0,ALLOW,0,
EVT_10384,10.0,ALLOW,0,
EVT_10385,10.0,ALLOW,0,
EVT_10386,10.0,ALLOW,0,
EVT_10387,35.0,ALLOW,0,
EVT_10388,10.0,ALLOW,0,
EVT_10389,10.0,ALLOW,0,
EVT_10390,30.0,ALLOW,0,
EVT_10391,10.0,ALLOW,0,
EVT_10392,30.0,ALLOW,0,
EVT_10393,10.0,ALLOW,0,
EVT_10394,25.0,ALLOW,0,
EVT_10395,15.0,ALLOW,0,
EVT_10396,10.0,ALLOW,0,
EVT_10397,15.0,ALLOW,0,
EVT_10398,10.0,ALLOW,0,
EVT_10399,10.0,ALLOW,0,
EVT_10400,25.0,ALLOW,0,
EVT_10401,45.0,CHALLENGE,0,
EVT_10402,10.0,ALLOW,0,
EVT_10403,25.0,ALLOW,0,
EVT_10404,10.0,ALLOW,0,
EVT_10405,10.0,ALLOW,0,
EVT_10406,15.0,ALLOW,0,
EVT_10407,25.0,ALLOW,0,
EVT_10408,10.0,ALLOW,0,
EVT_10409,10.0,ALLOW,0,
EVT_10410,20.0,ALLOW,0,
EVT_10411,30.0,ALLOW,0,
EVT_10412,45.0,CHALLENGE,0,
EVT_10413,30.0,ALLOW,0,
EVT_10414,30.0,ALLOW,0,
EVT_10415,25.0,ALLOW,0,
EVT_10416,25.0,ALLOW,0,
EVT_10417,10.0,ALLOW,0,
EVT_10418,25.0,ALLOW,0,
EVT_10419,10.0,ALLOW,0,
EVT_10420,10.0,ALLOW,0,
EVT_10421,10.0,ALLOW,0,
EVT_10422,10.0,ALLOW,0,
EVT_10423,25.0,ALLOW,0,
EVT_10424,25.0,ALLOW,0,
EVT_10425,25.0,ALLOW,0,
EVT_10426,10.0,ALLOW,0,
EVT_10427,25.0,ALLOW,0,
EVT_10428,10.0,ALLOW,0,
EVT_10429,10.0,ALLOW,0,
EVT_10430,10.0,ALLOW,0,
EVT_10431,15.0,ALLOW,0,
EVT_10432,20.0,ALLOW,0,
EVT_10433,60.0,CHALLENGE,0,
EVT_10434,45.0,CHALLENGE,0,
EVT_10435,15.0,ALLOW,0,
EVT_10436,10.0,ALLOW,0,
EVT_10437,25.0,ALLOW,0,
EVT_10438,25.0,ALLOW,0,
EVT_10439,35.0,ALLOW,0,
EVT_10440,15.0,ALLOW,0,
EVT_10441,25.0,ALLOW,0,
EVT_10442,25.0,ALLOW,0,
EVT_10443,10.0,ALLOW,0,
EVT_10444,10.0,ALLOW,0,
EVT_10445,25.0,ALLOW,0,
EVT_10446,10.0,ALLOW,0,
EVT_10447,10.0,ALLOW,0,
EVT_10448,25.0,ALLOW,0,
EVT_10449,10.0,ALLOW,0,
EVT_10450,10.0,ALLOW,0,
EVT_10451,10.0,ALLOW,0,
EVT_10452,10.0,ALLOW,0,
EVT_10453,85.0,BLOCK,1,New_Device_Sensitive
EVT_10454,25.0,ALLOW,0,
EVT_10455,10.0,ALLOW,0,
EVT_10456,15.0,ALLOW,0,
EVT_10457,25.0,ALLOW,0,
EVT_10458,25.0,ALLOW,0,
EVT_10459,40.0,ALLOW,0,
EVT_10460,25.0,ALLOW,0,
EVT_10461,10.0,ALLOW,0,
EVT_10462,25.0,ALLOW,0,
EVT_10463,10.0,ALLOW,0,
EVT_10464,30.0,ALLOW,0,
EVT_10465,10.0,ALLOW,0,
EVT_10466,25.0,ALLOW,0,
EVT_10467,15.0,ALLOW,0,
EVT_10468,25.0,ALLOW,0,
EVT_10469,25.0,ALLOW,0,
EVT_10470,10.0,ALLOW,0,
EVT_10471,25.0,ALLOW,0,
EVT_10472,25.0,ALLOW,0,
EVT_10473,10.0,ALLOW,0,
EVT_10474,10.0,ALLOW,0,
EVT_10475,80.0,BLOCK,1,New_Device_Sensitive
EVT_10476,10.0,ALLOW,0,
EVT_10477,10.0,ALLOW,0,
EVT_10478,20.0,ALLOW,0,
EVT_10479,25.0,ALLOW,0,
EVT_10480,25.0,ALLOW,0,
EVT_10481,10.0,ALLOW,0,
EVT_10482,10.0,ALLOW,0,
EVT_10483,10.0,ALLOW,0,
EVT_10484,10.0,ALLOW,0,
EVT_10485,25.0,ALLOW,0,
EVT_10486,25.0,ALLOW,0,
EVT_10487,25.0,ALLOW,0,
EVT_10488,15.0,ALLOW,0,
EVT_10489,15.0,ALLOW,0,
EVT_10490,40.0,ALLOW,0,
EVT_10491,10.0,ALLOW,0,
EVT_10492,20.0,ALLOW,0,
EVT_10493,25.0,ALLOW,0,
EVT_10494,10.0,ALLOW,0,
EVT_10495,10.0,ALLOW,0,
EVT_10496,10.0,ALLOW,0,
EVT_10497,10.0,ALLOW,0,
EVT_10498,45.0,CHALLENGE,0,
EVT_10499,25.0,ALLOW,0,
EVT_10500,60.0,CHALLENGE,1,Impossible_Travel
EVT_10501,10.0,ALLOW,0,
EVT_10502,30.0,ALLOW,0,
EVT_10503,10.0,ALLOW,0,
EVT_10504,25.0,ALLOW,0,
EVT_10505,10.0,ALLOW,0,
EVT_10506,25.0,ALLOW,0,
EVT_10507,10.0,ALLOW,0,
EVT_10508,25.0,ALLOW,0,
EVT_10509,25.0,ALLOW,0,
EVT_10510,30.0,ALLOW,0,
EVT_10511,50.0,CHALLENGE,0,
EVT_10512,25.0,ALLOW,0,
EVT_10513,55.0,CHALLENGE,0,
EVT_10514,25.0,ALLOW,0,
EVT_10515,10.0,ALLOW,0,
EVT_10516,10.0,ALLOW,0,
EVT_10517,10.0,ALLOW,0,
EVT_10518,25.0,ALLOW,0,
EVT_10519,15.0,ALLOW,0,
EVT_10520,25.0,ALLOW,0,
EVT_10521,25.0,ALLOW,1,Unusual_Resource_Access
EVT_10522,30.0,ALLOW,0,
EVT_10523,25.0,ALLOW,0,
EVT_10524,10.0,ALLOW,0,
EVT_10525,10.0,ALLOW,0,
EVT_10526,10.0,ALLOW,0,
EVT_10527,10.0,ALLOW,0,
EVT_10528,10.0,ALLOW,0,
EVT_10529,30.0,ALLOW,0,
EVT_10530,10.0,ALLOW,0,
EVT_10531,25.0,ALLOW,0,
EVT_10532,10.0,ALLOW,0,
EVT_10533,10.0,ALLOW,0,
EVT_10534,25.0,ALLOW,0,
EVT_10535,15.0,ALLOW,0,
EVT_10536,10.0,ALLOW,0,
EVT_10537,10.0,ALLOW,0,
EVT_10538,10.0,ALLOW,0,
EVT_10539,10.0,ALLOW,0,
EVT_10540,10.0,ALLOW,0,
EVT_10541,35.0,ALLOW,0,
EVT_10542,35.0,ALLOW,0,
EVT_10543,15.0,ALLOW,0,
EVT_10544,10.0,ALLOW,0,
EVT_10545,10.0,ALLOW,0,
EVT_10546,25.0,ALLOW,0,
EVT_10547,25.0,ALLOW,0,
EVT_10548,25.0,ALLOW,0,
EVT_10549,15.0,ALLOW,0,
EVT_10550,25.0,ALLOW,0,
EVT_10551,25.0,ALLOW,0,
EVT_10552,10.0,ALLOW,0,
EVT_10553,35.0,ALLOW,0,
EVT_10554,10.0,ALLOW,0,
EVT_10555,40.0,ALLOW,0,
EVT_10556,25.0,ALLOW,0,
EVT_10557,10.0,ALLOW,0,
EVT_10558,10.0,ALLOW,0,
EVT_10559,10.0,ALLOW,0,
EVT_10560,50.0,CHALLENGE,0,
EVT_10561,35.0,ALLOW,0,
EVT_10562,25.0,ALLOW,0,
EVT_10563,10.0,ALLOW,0,
EVT_10564,10.0,ALLOW,0,
EVT_10565,55.0,CHALLENGE,0,
EVT_10566,10.0,ALLOW,0,
EVT_10567,10.0,ALLOW,0,
EVT_10568,15.0,ALLOW,0,
EVT_10569,10.0,ALLOW,0,
EVT_10570,10.0,ALLOW,0,
EVT_10571,10.0,ALLOW,0,
EVT_10572,10.0,ALLOW,0,
EVT_10573,25.0,ALLOW,0,
EVT_10574,15.0,ALLOW,0,
EVT_10575,30.0,ALLOW,0,
EVT_10576,10.0,ALLOW,0,
EVT_10577,10.0,ALLOW,0,
EVT_10578,10.0,ALLOW,0,
EVT_10579,15.0,ALLOW,0,
EVT_10580,10.0,ALLOW,0,
EVT_10581,10.0,ALLOW,0,
EVT_10582,10.0,ALLOW,0,
EVT_10583,10.0,ALLOW,0,
EVT_10584,45.0,CHALLENGE,0,
EVT_10585,15.0,ALLOW,0,
EVT_10586,25.0,ALLOW,0,
EVT_10587,10.0,ALLOW,0,
EVT_10588,25.0,ALLOW,0,
EVT_10589,10.0,ALLOW,0,
EVT_10590,10.0,ALLOW,0,
EVT_10591,15.0,ALLOW,0,
EVT_10592,35.0,ALLOW,0,
EVT_10593,25.0,ALLOW,0,
EVT_10594,10.0,ALLOW,0,
EVT_10595,40.0,ALLOW,0,
EVT_10596,10.0,ALLOW,0,
EVT_10597,25.0,ALLOW,0,
EVT_10598,10.0,ALLOW,0,
EVT_10599,10.0,ALLOW,0,
EVT_10600,45.0,CHALLENGE,0,
EVT_10601,25.0,ALLOW,1,Unusual_Resource_Access
EVT_10602,10.0,ALLOW,0,
EVT_10603,50.0,CHALLENGE,0,
EVT_10604,10.0,ALLOW,0,
EVT_10605,25.0,ALLOW,0,
EVT_10606,25.0,ALLOW,0,
EVT_10607,10.0,ALLOW,0,
EVT_10608,25.0,ALLOW,0,
EVT_10609,10.0,ALLOW,0,
EVT_10610,10.0,ALLOW,0,
EVT_10611,10.0,ALLOW,0,
EVT_10612,25.0,ALLOW,0,
EVT_10613,20.0,ALLOW,0,
EVT_10614,70.0,CHALLENGE,0,
EVT_10615,25.0,ALLOW,0,
EVT_10616,30.0,ALLOW,0,
EVT_10617,10.0,ALLOW,0,
EVT_10618,25.0,ALLOW,0,
EVT_10619,25.0,ALLOW,0,
EVT_10620,25.0,ALLOW,0,
EVT_10621,25.0,ALLOW,0,
EVT_10622,25.0,ALLOW,0,
EVT_10623,10.0,ALLOW,0,
EVT_10624,10.0,ALLOW,0,
EVT_10625,10.0,ALLOW,0,
EVT_10626,25.0,ALLOW,0,
EVT_10627,25.0,ALLOW,0,
EVT_10628,10.0,ALLOW,0,
EVT_10629,25.0,ALLOW,0,
EVT_10630,60.0,CHALLENGE,0,
EVT_10631,10.0,ALLOW,0,
EVT_10632,25.0,ALLOW,0,
EVT_10633,10.0,ALLOW,0,
EVT_10634,55.0,CHALLENGE,0,
EVT_10635,10.0,ALLOW,0,
EVT_10636,25.0,ALLOW,0,
EVT_10637,10.0,ALLOW,0,
EVT_10638,10.0,ALLOW,0,
EVT_10639,10.0,ALLOW,0,
EVT_10640,30.0,ALLOW,0,
EVT_10641,20.0,ALLOW,0,
EVT_10642,10.0,ALLOW,0,
EVT_10643,25.0,ALLOW,0,
EVT_10644,15.0,ALLOW,0,
EVT_10645,25.0,ALLOW,0,
EVT_10646,50.0,CHALLENGE,0,
EVT_10647,40.0,ALLOW,0,
EVT_10648,40.0,ALLOW,0,
EVT_10649,15.0,ALLOW,0,
EVT_10650,25.0,ALLOW,0,
EVT_10651,10.0,ALLOW,0,
EVT_10652,10.0,ALLOW,0,
EVT_10653,15.0,ALLOW,0,
EVT_10654,40.0,ALLOW,0,
EVT_10655,10.0,ALLOW,0,
EVT_10656,45.0,CHALLENGE,1,Impossible_Travel
EVT_10657,25.0,ALLOW,0,
EVT_10658,10.0,ALLOW,0,
EVT_10659,15.0,ALLOW,0,
EVT_10660,10.0,ALLOW,0,
EVT_10661,10.0,ALLOW,0,
EVT_10662,10.0,ALLOW,0,
EVT_10663,10.0,ALLOW,0,
EVT_10664,15.0,ALLOW,0,
EVT_10665,10.0,ALLOW,0,
EVT_10666,10.0,ALLOW,0,
EVT_10667,10.0,ALLOW,0,
EVT_10668,15.0,ALLOW,0,
EVT_10669,25.0,ALLOW,0,
EVT_10670,10.0,ALLOW,0,
EVT_10671,15.0,ALLOW,0,
EVT_10672,25.0,ALLOW,0,
EVT_10673,50.0,CHALLENGE,0,
EVT_10674,25.0,ALLOW,1,Unusual_Resource_Access
EVT_10675,10.0,ALLOW,0,
EVT_10676,15.0,ALLOW,0,
EVT_10677,10.0,ALLOW,0,
EVT_10678,25.0,ALLOW,0,
EVT_10679,25.0,ALLOW,0,
EVT_10680,15.0,ALLOW,0,
EVT_10681,60.0,CHALLENGE,1,Impossible_Travel
EVT_10682,10.0,ALLOW,0,
EVT_10683,10.0,ALLOW,0,
EVT_10684,30.0,ALLOW,0,
EVT_10685,15.0,ALLOW,0,
EVT_10686,25.0,ALLOW,0,
EVT_10687,25.0,ALLOW,0,
EVT_10688,10.0,ALLOW,0,
EVT_10689,10.0,ALLOW,0,
EVT_10690,50.0,CHALLENGE,0,
EVT_10691,30.0,ALLOW,0,
EVT_10692,10.0,ALLOW,0,
EVT_10693,10.0,ALLOW,0,
EVT_10694,10.0,ALLOW,0,
EVT_10695,10.0,ALLOW,0,
EVT_10696,30.0,ALLOW,0,
EVT_10697,10.0,ALLOW,0,
EVT_10698,10.0,ALLOW,0,
EVT_10699,10.0,ALLOW,0,
EVT_10700,15.0,ALLOW,0,
EVT_10701,25.0,ALLOW,0,
EVT_10702,35.0,ALLOW,0,
EVT_10703,10.0,ALLOW,0,
EVT_10704,10.0,ALLOW,0,
EVT_10705,35.0,ALLOW,0,
EVT_10706,10.0,ALLOW,0,
EVT_10707,25.0,ALLOW,0,
EVT_10708,30.0,ALLOW,0,
EVT_10709,25.0,ALLOW,0,
EVT_10710,10.0,ALLOW,0,
EVT_10711,10.0,ALLOW,0,
EVT_10712,10.0,ALLOW,0,
EVT_10713,10.0,ALLOW,0,
EVT_10714,10.0,ALLOW,0,
EVT_10715,10.0,ALLOW,0,
EVT_10716,25.0,ALLOW,0,
EVT_10717,10.0,ALLOW,0,
EVT_10718,40.0,ALLOW,0,
EVT_10719,10.0,ALLOW,0,
EVT_10720,45.0,CHALLENGE,0,
EVT_10721,10.0,ALLOW,0,
EVT_10722,10.0,ALLOW,0,
EVT_10723,10.0,ALLOW,0,
EVT_10724,10.0,ALLOW,0,
EVT_10725,10.0,ALLOW,0,
EVT_10726,10.0,ALLOW,0,
EVT_10727,10.0,ALLOW,0,
EVT_10728,10.0,ALLOW,0,
EVT_10729,40.0,ALLOW,0,
EVT_10730,30.0,ALLOW,0,
EVT_10731,35.0,ALLOW,1,Unusual_Resource_Access
EVT_10732,30.0,ALLOW,0,
EVT_10733,10.0,ALLOW,0,
EVT_10734,10.0,ALLOW,0,
EVT_10735,10.0,ALLOW,0,
EVT_10736,25.0,ALLOW,0,
EVT_10737,10.0,ALLOW,0,
EVT_10738,40.0,ALLOW,0,
EVT_10739,10.0,ALLOW,0,
EVT_10740,25.0,ALLOW,0,
EVT_10741,10.0,ALLOW,0,
EVT_10742,45.0,CHALLENGE,0,
EVT_10743,10.0,ALLOW,0,
EVT_10744,45.0,CHALLENGE,0,
EVT_10745,45.0,CHALLENGE,0,
EVT_10746,10.0,ALLOW,0,
EVT_10747,45.0,CHALLENGE,0,
EVT_10748,30.0,ALLOW,0,
EVT_10749,10.0,ALLOW,0,
EVT_10750,25.0,ALLOW,0,
EVT_10751,10.0,ALLOW,0,
EVT_10752,80.0,BLOCK,1,New_Device_Sensitive
EVT_10753,10.0,ALLOW,0,
EVT_10754,10.0,ALLOW,0,
EVT_10755,10.0,ALLOW,0,
EVT_10756,15.0,ALLOW,0,
EVT_10757,10.0,ALLOW,0,
EVT_10758,35.0,ALLOW,1,Unusual_Resource_Access
EVT_10759,30.0,ALLOW,0,
EVT_10760,10.0,ALLOW,0,
EVT_10761,10.0,ALLOW,0,
EVT_10762,10.0,ALLOW,0,
EVT_10763,25.0,ALLOW,1,Unusual_Resource_Access
EVT_10764,25.0,ALLOW,0,
EVT_10765,15.0,ALLOW,0,
EVT_10766,25.0,ALLOW,0,
EVT_10767,30.0,ALLOW,0,
EVT_10768,15.0,ALLOW,0,
EVT_10769,10.0,ALLOW,0,
EVT_10770,15.0,ALLOW,0,
EVT_10771,10.0,ALLOW,0,
EVT_10772,25.0,ALLOW,0,
EVT_10773,25.0,ALLOW,0,
EVT_10774,80.0,BLOCK,1,New_Device_Sensitive
EVT_10775,25.0,ALLOW,0,
EVT_10776,10.0,ALLOW,0,
EVT_10777,25.0,ALLOW,0,
EVT_10778,35.0,ALLOW,0,
EVT_10779,25.0,ALLOW,0,
EVT_10780,40.0,ALLOW,0,
EVT_10781,25.0,ALLOW,0,
EVT_10782,15.0,ALLOW,0,
EVT_10783,20.0,ALLOW,0,
EVT_10784,25.0,ALLOW,0,
EVT_10785,10.0,ALLOW,0,
EVT_10786,10.0,ALLOW,0,
EVT_10787,35.0,ALLOW,0,
EVT_10788,10.0,ALLOW,0,
EVT_10789,10.0,ALLOW,0,
EVT_10790,95.0,BLOCK,1,New_Device_Sensitive
EVT_10791,10.0,ALLOW,0,
EVT_10792,10.0,ALLOW,0,
EVT_10793,15.0,ALLOW,0,
EVT_10794,25.0,ALLOW,0,
EVT_10795,10.0,ALLOW,0,
EVT_10796,10.0,ALLOW,0,
EVT_10797,10.0,ALLOW,0,
EVT_10798,25.0,ALLOW,0,
EVT_10799,10.0,ALLOW,0,
EVT_10800,10.0,ALLOW,0,
EVT_10801,40.0,ALLOW,0,
EVT_10802,10.0,ALLOW,0,
EVT_10803,25.0,ALLOW,0,
EVT_10804,10.0,ALLOW,0,
EVT_10805,25.0,ALLOW,0,
EVT_10806,10.0,ALLOW,0,
EVT_10807,10.0,ALLOW,0,
EVT_10808,10.0,ALLOW,0,
EVT_10809,15.0,ALLOW,0,
EVT_10810,10.0,ALLOW,0,
EVT_10811,10.0,ALLOW,0,
EVT_10812,10.0,ALLOW,0,
EVT_10813,45.0,CHALLENGE,1,Impossible_Travel
EVT_10814,25.0,ALLOW,0,
EVT_10815,25.0,ALLOW,0,
EVT_10816,25.0,ALLOW,0,
EVT_10817,15.0,ALLOW,0,
EVT_10818,15.0,ALLOW,0,
EVT_10819,25.0,ALLOW,0,
EVT_10820,10.0,ALLOW,0,
EVT_10821,10.0,ALLOW,0,
EVT_10822,45.0,CHALLENGE,0,
EVT_10823,35.0,ALLOW,0,
EVT_10824,45.0,CHALLENGE,1,Impossible_Travel
EVT_10825,10.0,ALLOW,0,
EVT_10826,95.0,BLOCK,1,New_Device_Sensitive
EVT_10827,60.0,CHALLENGE,1,Impossible_Travel
EVT_10828,45.0,CHALLENGE,1,Impossible_Travel
EVT_10829,30.0,ALLOW,0,
EVT_10830,35.0,ALLOW,1,Unusual_Resource_Access
EVT_10831,25.0,ALLOW,0,
EVT_10832,20.0,ALLOW,0,
EVT_10833,10.0,ALLOW,0,
EVT_10834,15.0,ALLOW,0,
EVT_10835,15.0,ALLOW,0,
EVT_10836,10.0,ALLOW,0,
EVT_10837,10.0,ALLOW,0,
EVT_10838,10.0,ALLOW,0,
EVT_10839,25.0,ALLOW,0,
EVT_10840,40.0,ALLOW,0,
EVT_10841,10.0,ALLOW,0,
EVT_10842,30.0,ALLOW,0,
EVT_10843,10.0,ALLOW,0,
EVT_10844,10.0,ALLOW,0,
EVT_10845,10.0,ALLOW,0,
EVT_10846,25.0,ALLOW,0,
EVT_10847,15.0,ALLOW,0,
EVT_10848,25.0,ALLOW,0,
EVT_10849,25.0,ALLOW,0,
EVT_10850,10.0,ALLOW,0,
EVT_10851,35.0,ALLOW,0,
EVT_10852,45.0,CHALLENGE,0,
EVT_10853,35.0,ALLOW,0,
EVT_10854,10.0,ALLOW,0,
EVT_10855,25.0,ALLOW,0,
EVT_10856,25.0,ALLOW,0,
EVT_10857,25.0,ALLOW,0,
EVT_10858,10.0,ALLOW,0,
EVT_10859,30.0,ALLOW,0,
EVT_10860,25.0,ALLOW,0,
EVT_10861,10.0,ALLOW,0,
EVT_10862,10.0,ALLOW,0,
EVT_10863,10.0,ALLOW,0,
EVT_10864,10.0,ALLOW,0,
EVT_10865,15.0,ALLOW,0,
EVT_10866,15.0,ALLOW,0,
EVT_10867,30.0,ALLOW,0,
EVT_10868,10.0,ALLOW,0,
EVT_10869,25.0,ALLOW,0,
EVT_10870,45.0,CHALLENGE,0,
EVT_10871,40.0,ALLOW,0,
EVT_10872,10.0,ALLOW,0,
EVT_10873,10.0,ALLOW,0,
EVT_10874,10.0,ALLOW,0,
EVT_10875,10.0,ALLOW,0,
EVT_10876,10.0,ALLOW,0,
EVT_10877,10.0,ALLOW,0,
EVT_10878,10.0,ALLOW,0,
EVT_10879,10.0,ALLOW,0,
EVT_10880,10.0,ALLOW,0,
EVT_10881,10.0,ALLOW,0,
EVT_10882,10.0,ALLOW,0,
EVT_10883,10.0,ALLOW,0,
EVT_10884,25.0,ALLOW,0,
EVT_10885,10.0,ALLOW,0,
EVT_10886,15.0,ALLOW,0,
EVT_10887,25.0,ALLOW,0,
EVT_10888,40.0,ALLOW,0,
EVT_10889,15.0,ALLOW,0,
EVT_10890,20.0,ALLOW,0,
EVT_10891,25.0,ALLOW,0,
EVT_10892,30.0,ALLOW,0,
EVT_10893,10.0,ALLOW,0,
EVT_10894,15.0,ALLOW,0,
EVT_10895,15.0,ALLOW,0,
EVT_10896,45.0,CHALLENGE,0,
EVT_10897,10.0,ALLOW,0,
EVT_10898,35.0,ALLOW,0,
EVT_10899,10.0,ALLOW,0,
EVT_10900,10.0,ALLOW,0,
EVT_10901,10.0,ALLOW,0,
EVT_10902,10.0,ALLOW,0,
EVT_10903,10.0,ALLOW,0,
EVT_10904,30.0,ALLOW,0,
EVT_10905,10.0,ALLOW,0,
EVT_10906,25.0,ALLOW,0,
EVT_10907,25.0,ALLOW,0,
EVT_10908,25.0,ALLOW,0,
EVT_10909,25.0,ALLOW,0,
EVT_10910,15.0,ALLOW,0,
EVT_10911,15.0,ALLOW,0,
EVT_10912,10.0,ALLOW,0,
EVT_10913,10.0,ALLOW,0,
EVT_10914,15.0,ALLOW,0,
EVT_10915,25.0,ALLOW,0,
EVT_10916,35.0,ALLOW,0,
EVT_10917,20.0,ALLOW,0,
EVT_10918,25.0,ALLOW,0,
EVT_10919,25.0,ALLOW,0,
EVT_10920,70.0,CHALLENGE,1,Off_Hours_Privileged
EVT_10921,70.0,CHALLENGE,1,Off_Hours_Privileged
EVT_10922,70.0,CHALLENGE,1,Off_Hours_Privileged
EVT_10923,75.0,BLOCK,1,Off_Hours_Privileged
EVT_10924,75.0,BLOCK,1,Off_Hours_Privileged
EVT_10925,70.0,CHALLENGE,1,Off_Hours_Privileged
EVT_10926,75.0,BLOCK,1,Off_Hours_Privileged
EVT_10927,75.0,BLOCK,1,Off_Hours_Privileged
EVT_10928,75.0,BLOCK,1,Off_Hours_Privileged
EVT_10929,75.0,BLOCK,1,Off_Hours_Privileged
EVT_10930,70.0,CHALLENGE,1,Off_Hours_Privileged
EVT_10931,10.0,ALLOW,0,
EVT_10932,15.0,ALLOW,0,
EVT_10933,10.0,ALLOW,0,
EVT_10934,50.0,CHALLENGE,0,
EVT_10935,15.0,ALLOW,0,
EVT_10936,40.0,ALLOW,0,
EVT_10937,15.0,ALLOW,0,
EVT_10938,25.0,ALLOW,0,
EVT_10939,10.0,ALLOW,0,
EVT_10940,30.0,ALLOW,0,
EVT_10941,10.0,ALLOW,0,
EVT_10942,10.0,ALLOW,0,
EVT_10943,10.0,ALLOW,0,
EVT_10944,45.0,CHALLENGE,0,
EVT_10945,10.0,ALLOW,0,
EVT_10946,15.0,ALLOW,0,
EVT_10947,10.0,ALLOW,0,
EVT_10948,35.0,ALLOW,0,
EVT_10949,10.0,ALLOW,0,
EVT_10950,10.0,ALLOW,0,
EVT_10951,45.0,CHALLENGE,0,
EVT_10952,25.0,ALLOW,0,
EVT_10953,25.0,ALLOW,0,
EVT_10954,25.0,ALLOW,0,
EVT_10955,10.0,ALLOW,0,
EVT_10956,20.0,ALLOW,0,
EVT_10957,15.0,ALLOW,0,
EVT_10958,10.0,ALLOW,0,
EVT_10959,10.0,ALLOW,0,
EVT_10960,10.0,ALLOW,0,
EVT_10961,10.0,ALLOW,0,
EVT_10962,10.0,ALLOW,0,
EVT_10963,10.0,ALLOW,0,
EVT_10964,10.0,ALLOW,0,
EVT_10965,25.0,ALLOW,0,
EVT_10966,10.0,ALLOW,0,
EVT_10967,25.0,ALLOW,0,
EVT_10968,10.0,ALLOW,0,
EVT_10969,10.0,ALLOW,0,
EVT_10970,25.0,ALLOW,0,
EVT_10971,10.0,ALLOW,0,
EVT_10972,45.0,CHALLENGE,0,
EVT_10973,15.0,ALLOW,0,
EVT_10974,35.0,ALLOW,0,
EVT_10975,10.0,ALLOW,0,
EVT_10976,25.0,ALLOW,0,
EVT_10977,10.0,ALLOW,0,
EVT_10978,10.0,ALLOW,0,
EVT_10979,15.0,ALLOW,0,
EVT_10980,10.0,ALLOW,0,
EVT_10981,20.0,ALLOW,0,
EVT_10982,40.0,ALLOW,0,
EVT_10983,30.0,ALLOW,0,
EVT_10984,10.0,ALLOW,0,
EVT_10985,25.0,ALLOW,0,
EVT_10986,10.0,ALLOW,0,
EVT_10987,25.0,ALLOW,0,
EVT_10988,10.0,ALLOW,0,
EVT_10989,10.0,ALLOW,0,
EVT_10990,10.0,ALLOW,0,
EVT_10991,10.0,ALLOW,0,
EVT_10992,10.0,ALLOW,0,
EVT_10993,10.0,ALLOW,0,
EVT_10994,10.0,ALLOW,0,
EVT_10995,10.0,ALLOW,0,
EVT_10996,10.0,ALLOW,0,
EVT_10997,35.0,ALLOW,0,
EVT_10998,25.0,ALLOW,0,
EVT_10999,10.0,ALLOW,0,
EVT_11000,10.0,ALLOW,0,
EVT_11001,15.0,ALLOW,0,
EVT_11002,15.0,ALLOW,0,
EVT_11003,10.0,ALLOW,0,
EVT_11004,10.0,ALLOW,0,
EVT_11005,25.0,ALLOW,0,
EVT_11006,10.0,ALLOW,0,
EVT_11007,30.0,ALLOW,0,
EVT_11008,10.0,ALLOW,0,
EVT_11009,30.0,ALLOW,0,
EVT_11010,25.0,ALLOW,0,
EVT_11011,15.0,ALLOW,0,
EVT_11012,15.0,ALLOW,0,
EVT_11013,10.0,ALLOW,0,
EVT_11014,10.0,ALLOW,0,
EVT_11015,25.0,ALLOW,0,
EVT_11016,10.0,ALLOW,0,
EVT_11017,10.0,ALLOW,0,
EVT_11018,30.0,ALLOW,0,
EVT_11019,25.0,ALLOW,0,
EVT_11020,10.0,ALLOW,0,
EVT_11021,15.0,ALLOW,0,
EVT_11022,50.0,CHALLENGE,0,
EVT_11023,10.0,ALLOW,0,
EVT_11024,35.0,ALLOW,1,Unusual_Resource_Access
EVT_11025,10.0,ALLOW,0,
EVT_11026,10.0,ALLOW,0,
EVT_11027,30.0,ALLOW,0,
EVT_11028,10.0,ALLOW,0,
EVT_11029,25.0,ALLOW,0,
EVT_11030,70.0,CHALLENGE,1,New_Device_Sensitive
EVT_11031,25.0,ALLOW,0,
EVT_11032,35.0,ALLOW,0,
EVT_11033,10.0,ALLOW,0,
EVT_11034,25.0,ALLOW,0,
EVT_11035,25.0,ALLOW,0,
EVT_11036,10.0,ALLOW,0,
EVT_11037,15.0,ALLOW,0,
EVT_11038,10.0,ALLOW,0,
EVT_11039,50.0,CHALLENGE,0,
EVT_11040,70.0,CHALLENGE,0,
EVT_11041,10.0,ALLOW,0,
EVT_11042,25.0,ALLOW,0,
EVT_11043,10.0,ALLOW,0,
EVT_11044,10.0,ALLOW,0,
EVT_11045,10.0,ALLOW,0,
EVT_11046,15.0,ALLOW,0,
EVT_11047,25.0,ALLOW,0,
EVT_11048,25.0,ALLOW,0,
EVT_11049,15.0,ALLOW,0,
EVT_11050,15.0,ALLOW,0,
EVT_11051,10.0,ALLOW,0,
EVT_11052,15.0,ALLOW,0,
EVT_11053,10.0,ALLOW,0,
EVT_11054,10.0,ALLOW,0,
EVT_11055,10.0,ALLOW,0,
EVT_11056,25.0,ALLOW,0,
EVT_11057,30.0,ALLOW,0,
EVT_11058,10.0,ALLOW,0,
EVT_11059,10.0,ALLOW,0,
EVT_11060,10.0,ALLOW,0,
EVT_11061,80.0,BLOCK,1,New_Device_Sensitive
EVT_11062,10.0,ALLOW,0,
EVT_11063,10.0,ALLOW,0,
EVT_11064,25.0,ALLOW,0,
EVT_11065,25.0,ALLOW,0,
EVT_11066,25.0,ALLOW,0,
EVT_11067,15.0,ALLOW,0,
EVT_11068,30.0,ALLOW,0,
EVT_11069,20.0,ALLOW,0,
EVT_11070,25.0,ALLOW,0,
EVT_11071,10.0,ALLOW,0,
EVT_11072,10.0,ALLOW,0,
EVT_11073,40.0,ALLOW,0,
EVT_11074,25.0,ALLOW,0,
EVT_11075,10.0,ALLOW,0,
EVT_11076,10.0,ALLOW,0,
EVT_11077,25.0,ALLOW,0,
EVT_11078,30.0,ALLOW,0,
EVT_11079,10.0,ALLOW,0,
EVT_11080,10.0,ALLOW,0,
EVT_11081,50.0,CHALLENGE,0,
EVT_11082,10.0,ALLOW,0,
EVT_11083,15.0,ALLOW,0,
EVT_11084,30.0,ALLOW,0,
EVT_11085,10.0,ALLOW,0,
EVT_11086,10.0,ALLOW,0,
EVT_11087,45.0,CHALLENGE,0,
EVT_11088,25.0,ALLOW,0,
EVT_11089,40.0,ALLOW,0,
EVT_11090,25.0,ALLOW,0,
EVT_11091,80.0,BLOCK,1,New_Device_Sensitive
EVT_11092,10.0,ALLOW,0,
EVT_11093,30.0,ALLOW,0,
EVT_11094,10.0,ALLOW,0,
EVT_11095,10.0,ALLOW,0,
EVT_11096,10.0,ALLOW,0,
EVT_11097,45.0,CHALLENGE,1,Impossible_Travel
EVT_11098,10.0,ALLOW,0,
EVT_11099,10.0,ALLOW,0,
EVT_11100,25.0,ALLOW,0,
EVT_11101,35.0,ALLOW,0,
EVT_11102,45.0,CHALLENGE,1,Impossible_Travel
EVT_11103,10.0,ALLOW,0,
EVT_11104,60.0,CHALLENGE,0,
EVT_11105,10.0,ALLOW,0,
EVT_11106,10.0,ALLOW,0,
EVT_11107,25.0,ALLOW,0,
EVT_11108,10.0,ALLOW,0,
EVT_11109,10.0,ALLOW,0,
EVT_11110,10.0,ALLOW,0,
EVT_11111,25.0,ALLOW,0,
EVT_11112,15.0,ALLOW,0,
EVT_11113,10.0,ALLOW,0,
EVT_11114,15.0,ALLOW,0,
EVT_11115,35.0,ALLOW,1,Unusual_Resource_Access
EVT_11116,10.0,ALLOW,0,
EVT_11117,40.0,ALLOW,0,
EVT_11118,10.0,ALLOW,0,
EVT_11119,10.0,ALLOW,0,
EVT_11120,10.0,ALLOW,0,
EVT_11121,25.0,ALLOW,0,
EVT_11122,15.0,ALLOW,0,
EVT_11123,10.0,ALLOW,0,
EVT_11124,10.0,ALLOW,0,
EVT_11125,10.0,ALLOW,0,
EVT_11126,15.0,ALLOW,0,
EVT_11127,10.0,ALLOW,0,
EVT_11128,10.0,ALLOW,0,
EVT_11129,15.0,ALLOW,0,
EVT_11130,25.0,ALLOW,0,
EVT_11131,40.0,ALLOW,0,
EVT_11132,10.0,ALLOW,0,
EVT_11133,25.0,ALLOW,0,
EVT_11134,25.0,ALLOW,0,
EVT_11135,10.0,ALLOW,0,
EVT_11136,10.0,ALLOW,0,
EVT_11137,25.0,ALLOW,0,
EVT_11138,15.0,ALLOW,0,
EVT_11139,10.0,ALLOW,0,
EVT_11140,25.0,ALLOW,0,
EVT_11141,15.0,ALLOW,0,
EVT_11142,10.0,ALLOW,0,
EVT_11143,25.0,ALLOW,0,
EVT_11144,10.0,ALLOW,0,
EVT_11145,10.0,ALLOW,0,
EVT_11146,15.0,ALLOW,0,
EVT_11147,10.0,ALLOW,0,
EVT_11148,25.0,ALLOW,0,
EVT_11149,10.0,ALLOW,0,
EVT_11150,25.0,ALLOW,0,
EVT_11151,60.0,CHALLENGE,0,
EVT_11152,55.0,CHALLENGE,0,
EVT_11153,25.0,ALLOW,0,
EVT_11154,10.0,ALLOW,0,
EVT_11155,50.0,CHALLENGE,0,
EVT_11156,10.0,ALLOW,0,
EVT_11157,30.0,ALLOW,0,
EVT_11158,85.0,BLOCK,1,New_Device_Sensitive
EVT_11159,25.0,ALLOW,0,
EVT_11160,10.0,ALLOW,0,
EVT_11161,35.0,ALLOW,0,
EVT_11162,15.0,ALLOW,0,
EVT_11163,10.0,ALLOW,0,
EVT_11164,10.0,ALLOW,0,
EVT_11165,10.0,ALLOW,0,
EVT_11166,25.0,ALLOW,0,
EVT_11167,25.0,ALLOW,0,
EVT_11168,10.0,ALLOW,0,
EVT_11169,10.0,ALLOW,0,
EVT_11170,85.0,BLOCK,1,New_Device_Sensitive
EVT_11171,50.0,CHALLENGE,0,
EVT_11172,10.0,ALLOW,0,
EVT_11173,15.0,ALLOW,0,
EVT_11174,25.0,ALLOW,0,
EVT_11175,10.0,ALLOW,0,
EVT_11176,10.0,ALLOW,0,
EVT_11177,10.0,ALLOW,0,
EVT_11178,15.0,ALLOW,0,
EVT_11179,10.0,ALLOW,0,
EVT_11180,10.0,ALLOW,0,
EVT_11181,15.0,ALLOW,0,
EVT_11182,10.0,ALLOW,0,
EVT_11183,10.0,ALLOW,0,
EVT_11184,10.0,ALLOW,0,
EVT_11185,10.0,ALLOW,0,
EVT_11186,40.0,ALLOW,0,
EVT_11187,10.0,ALLOW,0,
EVT_11188,15.0,ALLOW,0,
EVT_11189,10.0,ALLOW,0,
EVT_11190,15.0,ALLOW,0,
EVT_11191,45.0,CHALLENGE,0,
EVT_11192,30.0,ALLOW,0,
EVT_11193,25.0,ALLOW,0,
EVT_11194,25.0,ALLOW,0,
EVT_11195,45.0,CHALLENGE,0,
EVT_11196,25.0,ALLOW,0,
EVT_11197,10.0,ALLOW,0,
EVT_11198,10.0,ALLOW,0,
EVT_11199,10.0,ALLOW,0,
EVT_11200,25.0,ALLOW,0,
EVT_11201,10.0,ALLOW,0,
EVT_11202,10.0,ALLOW,0,
EVT_11203,20.0,ALLOW,0,
EVT_11204,70.0,CHALLENGE,1,New_Device_Sensitive
EVT_11205,10.0,ALLOW,0,
EVT_11206,10.0,ALLOW,0,
EVT_11207,15.0,ALLOW,0,
EVT_11208,15.0,ALLOW,0,
EVT_11209,10.0,ALLOW,0,
EVT_11210,10.0,ALLOW,0,
EVT_11211,10.0,ALLOW,0,
EVT_11212,10.0,ALLOW,0,
EVT_11213,10.0,ALLOW,0,
EVT_11214,10.0,ALLOW,0,
EVT_11215,10.0,ALLOW,0,
EVT_11216,10.0,ALLOW,0,
EVT_11217,10.0,ALLOW,0,
EVT_11218,10.0,ALLOW,0,
EVT_11219,10.0,ALLOW,0,
EVT_11220,10.0,ALLOW,0,
EVT_11221,10.0,ALLOW,0,
EVT_11222,10.0,ALLOW,0,
EVT_11223,10.0,ALLOW,0,
EVT_11224,10.0,ALLOW,0,
EVT_11225,10.0,ALLOW,0,
EVT_11226,25.0,ALLOW,0,
EVT_11227,10.0,ALLOW,0,
EVT_11228,15.0,ALLOW,0,
EVT_11229,10.0,ALLOW,0,
EVT_11230,10.0,ALLOW,0,
EVT_11231,25.0,ALLOW,0,
EVT_11232,10.0,ALLOW,0,
EVT_11233,10.0,ALLOW,0,
EVT_11234,25.0,ALLOW,0,
EVT_11235,10.0,ALLOW,0,
EVT_11236,25.0,ALLOW,0,
EVT_11237,25.0,ALLOW,0,
EVT_11238,25.0,ALLOW,0,
EVT_11239,10.0,ALLOW,0,
EVT_11240,25.0,ALLOW,0,
EVT_11241,10.0,ALLOW,0,
EVT_11242,15.0,ALLOW,0,
EVT_11243,15.0,ALLOW,0,
EVT_11244,10.0,ALLOW,0,
EVT_11245,35.0,ALLOW,0,
EVT_11246,30.0,ALLOW,0,
EVT_11247,10.0,ALLOW,0,
EVT_11248,10.0,ALLOW,0,
EVT_11249,25.0,ALLOW,0,
EVT_11250,45.0,CHALLENGE,0,
EVT_11251,25.0,ALLOW,0,
EVT_11252,25.0,ALLOW,0,
EVT_11253,10.0,ALLOW,0,
EVT_11254,20.0,ALLOW,0,
EVT_11255,10.0,ALLOW,0,
EVT_11256,25.0,ALLOW,0,
EVT_11257,15.0,ALLOW,0,
EVT_11258,25.0,ALLOW,0,
EVT_11259,10.0,ALLOW,0,
EVT_11260,50.0,CHALLENGE,0,
EVT_11261,30.0,ALLOW,0,
EVT_11262,10.0,ALLOW,0,
EVT_11263,10.0,ALLOW,0,
EVT_11264,10.0,ALLOW,0,
EVT_11265,10.0,ALLOW,0,
EVT_11266,10.0,ALLOW,0,
EVT_11267,10.0,ALLOW,0,
EVT_11268,10.0,ALLOW,0,
EVT_11269,40.0,ALLOW,0,
EVT_11270,15.0,ALLOW,0,
EVT_11271,10.0,ALLOW,0,
EVT_11272,25.0,ALLOW,0,
EVT_11273,30.0,ALLOW,0,
EVT_11274,10.0,ALLOW,0,
EVT_11275,10.0,ALLOW,0,
EVT_11276,70.0,CHALLENGE,0,
EVT_11277,10.0,ALLOW,0,
EVT_11278,10.0,ALLOW,0,
EVT_11279,10.0,ALLOW,0,
EVT_11280,25.0,ALLOW,0,
EVT_11281,10.0,ALLOW,0,
EVT_11282,40.0,ALLOW,0,
EVT_11283,10.0,ALLOW,0,
EVT_11284,15.0,ALLOW,0,
EVT_11285,10.0,ALLOW,0,
EVT_11286,10.0,ALLOW,0,
EVT_11287,10.0,ALLOW,0,
EVT_11288,10.0,ALLOW,0,
EVT_11289,25.0,ALLOW,0,
EVT_11290,10.0,ALLOW,0,
EVT_11291,10.0,ALLOW,0,
EVT_11292,10.0,ALLOW,0,
EVT_11293,15.0,ALLOW,0,
EVT_11294,25.0,ALLOW,0,
EVT_11295,10.0,ALLOW,0,
EVT_11296,10.0,ALLOW,0,
EVT_11297,10.0,ALLOW,0,
EVT_11298,10.0,ALLOW,0,
EVT_11299,15.0,ALLOW,0,
EVT_11300,30.0,ALLOW,0,
EVT_11301,25.0,ALLOW,0,
EVT_11302,25.0,ALLOW,0,
EVT_11303,35.0,ALLOW,0,
EVT_11304,10.0,ALLOW,0,
EVT_11305,10.0,ALLOW,0,
EVT_11306,85.0,BLOCK,1,New_Device_Sensitive
EVT_11307,50.0,CHALLENGE,0,
EVT_11308,10.0,ALLOW,0,
EVT_11309,15.0,ALLOW,0,
EVT_11310,15.0,ALLOW,0,
EVT_11311,10.0,ALLOW,0,
EVT_11312,10.0,ALLOW,0,
EVT_11313,10.0,ALLOW,0,
EVT_11314,10.0,ALLOW,0,
EVT_11315,10.0,ALLOW,0,
EVT_11316,10.0,ALLOW,0,
EVT_11317,25.0,ALLOW,0,
EVT_11318,10.0,ALLOW,0,
EVT_11319,10.0,ALLOW,0,
EVT_11320,30.0,ALLOW,0,
EVT_11321,25.0,ALLOW,0,
EVT_11322,10.0,ALLOW,0,
EVT_11323,15.0,ALLOW,0,
EVT_11324,25.0,ALLOW,0,
EVT_11325,10.0,ALLOW,0,
EVT_11326,10.0,ALLOW,0,
EVT_11327,50.0,CHALLENGE,0,
EVT_11328,25.0,ALLOW,0,
EVT_11329,25.0,ALLOW,0,
EVT_11330,10.0,ALLOW,0,
EVT_11331,10.0,ALLOW,0,
EVT_11332,35.0,ALLOW,0,
EVT_11333,45.0,CHALLENGE,0,
EVT_11334,20.0,ALLOW,0,
EVT_11335,25.0,ALLOW,0,
EVT_11336,10.0,ALLOW,0,
EVT_11337,25.0,ALLOW,0,
EVT_11338,10.0,ALLOW,0,
EVT_11339,10.0,ALLOW,0,
EVT_11340,35.0,ALLOW,1,Unusual_Resource_Access
EVT_11341,15.0,ALLOW,0,
EVT_11342,25.0,ALLOW,0,
EVT_11343,45.0,CHALLENGE,0,
EVT_11344,10.0,ALLOW,0,
EVT_11345,25.0,ALLOW,0,
EVT_11346,25.0,ALLOW,0,
EVT_11347,10.0,ALLOW,0,
EVT_11348,40.0,ALLOW,0,
EVT_11349,10.0,ALLOW,0,
EVT_11350,15.0,ALLOW,0,
EVT_11351,10.0,ALLOW,0,
EVT_11352,15.0,ALLOW,0,
EVT_11353,10.0,ALLOW,0,
EVT_11354,45.0,CHALLENGE,1,Impossible_Travel
EVT_11355,10.0,ALLOW,0,
EVT_11356,10.0,ALLOW,0,
EVT_11357,10.0,ALLOW,0,
EVT_11358,10.0,ALLOW,0,
EVT_11359,30.0,ALLOW,0,
EVT_11360,10.0,ALLOW,0,
EVT_11361,70.0,CHALLENGE,1,New_Device_Sensitive
EVT_11362,10.0,ALLOW,0,
EVT_11363,30.0,ALLOW,0,
EVT_11364,10.0,ALLOW,0,
EVT_11365,10.0,ALLOW,0,
EVT_11366,10.0,ALLOW,0,
EVT_11367,30.0,ALLOW,0,
EVT_11368,10.0,ALLOW,0,
EVT_11369,25.0,ALLOW,0,
EVT_11370,35.0,ALLOW,0,
EVT_11371,25.0,ALLOW,0,
EVT_11372,10.0,ALLOW,0,
EVT_11373,10.0,ALLOW,0,
EVT_11374,10.0,ALLOW,0,
EVT_11375,10.0,ALLOW,0,
EVT_11376,10.0,ALLOW,0,
EVT_11377,10.0,ALLOW,0,
EVT_11378,15.0,ALLOW,0,
EVT_11379,10.0,ALLOW,0,
EVT_11380,35.0,ALLOW,0,
EVT_11381,15.0,ALLOW,0,
EVT_11382,10.0,ALLOW,0,
EVT_11383,10.0,ALLOW,0,
EVT_11384,15.0,ALLOW,0,
EVT_11385,10.0,ALLOW,0,
EVT_11386,15.0,ALLOW,0,
EVT_11387,10.0,ALLOW,0,
EVT_11388,25.0,ALLOW,0,
EVT_11389,30.0,ALLOW,0,
EVT_11390,10.0,ALLOW,0,
EVT_11391,15.0,ALLOW,0,
EVT_11392,10.0,ALLOW,0,
EVT_11393,10.0,ALLOW,0,
EVT_11394,25.0,ALLOW,0,
EVT_11395,10.0,ALLOW,0,
EVT_11396,15.0,ALLOW,0,
EVT_11397,10.0,ALLOW,0,
EVT_11398,10.0,ALLOW,0,
EVT_11399,70.0,CHALLENGE,0,
EVT_11400,25.0,ALLOW,0,
EVT_11401,30.0,ALLOW,0,
EVT_11402,25.0,ALLOW,0,
EVT_11403,10.0,ALLOW,0,
EVT_11404,10.0,ALLOW,0,
EVT_11405,25.0,ALLOW,0,
EVT_11406,10.0,ALLOW,0,
EVT_11407,25.0,ALLOW,0,
EVT_11408,10.0,ALLOW,0,
EVT_11409,10.0,ALLOW,0,
EVT_11410,10.0,ALLOW,0,
EVT_11411,25.0,ALLOW,0,
EVT_11412,10.0,ALLOW,0,
EVT_11413,25.0,ALLOW,0,
EVT_11414,10.0,ALLOW,0,
EVT_11415,10.0,ALLOW,0,
EVT_11416,25.0,ALLOW,0,
EVT_11417,45.0,CHALLENGE,0,
EVT_11418,25.0,ALLOW,0,
EVT_11419,10.0,ALLOW,0,
EVT_11420,10.0,ALLOW,0,
EVT_11421,10.0,ALLOW,0,
EVT_11422,35.0,ALLOW,0,
EVT_11423,10.0,ALLOW,0,
EVT_11424,25.0,ALLOW,0,
EVT_11425,10.0,ALLOW,0,
EVT_11426,25.0,ALLOW,0,
EVT_11427,30.0,ALLOW,0,
EVT_11428,10.0,ALLOW,0,
EVT_11429,10.0,ALLOW,0,
EVT_11430,10.0,ALLOW,0,
EVT_11431,10.0,ALLOW,0,
EVT_11432,25.0,ALLOW,0,
EVT_11433,35.0,ALLOW,0,
EVT_11434,35.0,ALLOW,1,Unusual_Resource_Access
EVT_11435,25.0,ALLOW,0,
EVT_11436,25.0,ALLOW,0,
EVT_11437,25.0,ALLOW,0,
EVT_11438,10.0,ALLOW,0,
EVT_11439,10.0,ALLOW,1,Bulk_Data_Spike
EVT_11440,10.0,ALLOW,0,
EVT_11441,10.0,ALLOW,1,Bulk_Data_Spike
EVT_11442,10.0,ALLOW,1,Bulk_Data_Spike
EVT_11443,10.0,ALLOW,1,Bulk_Data_Spike
EVT_11444,10.0,ALLOW,1,Bulk_Data_Spike
EVT_11445,10.0,ALLOW,1,Bulk_Data_Spike
EVT_11446,10.0,ALLOW,1,Bulk_Data_Spike
EVT_11447,10.0,ALLOW,1,Bulk_Data_Spike
EVT_11448,10.0,ALLOW,1,Bulk_Data_Spike
EVT_11449,10.0,ALLOW,1,Bulk_Data_Spike
EVT_11450,10.0,ALLOW,1,Bulk_Data_Spike
EVT_11451,10.0,ALLOW,1,Bulk_Data_Spike
EVT_11452,10.0,ALLOW,1,Bulk_Data_Spike
EVT_11453,10.0,ALLOW,1,Bulk_Data_Spike
EVT_11454,10.0,ALLOW,1,Bulk_Data_Spike
EVT_11455,10.0,ALLOW,1,Bulk_Data_Spike
EVT_11456,10.0,ALLOW,0,
EVT_11457,10.0,ALLOW,1,Bulk_Data_Spike
EVT_11458,15.0,ALLOW,0,
EVT_11459,45.0,CHALLENGE,0,
EVT_11460,10.0,ALLOW,1,Bulk_Data_Spike
EVT_11461,10.0,ALLOW,1,Bulk_Data_Spike
EVT_11462,10.0,ALLOW,1,Bulk_Data_Spike
EVT_11463,10.0,ALLOW,1,Bulk_Data_Spike
EVT_11464,10.0,ALLOW,1,Bulk_Data_Spike
EVT_11465,10.0,ALLOW,1,Bulk_Data_Spike
EVT_11466,25.0,ALLOW,0,
EVT_11467,10.0,ALLOW,1,Bulk_Data_Spike
EVT_11468,10.0,ALLOW,1,Bulk_Data_Spike
EVT_11469,15.0,ALLOW,0,
EVT_11470,25.0,ALLOW,0,
EVT_11471,10.0,ALLOW,0,
EVT_11472,25.0,ALLOW,0,
EVT_11473,15.0,ALLOW,0,
EVT_11474,15.0,ALLOW,0,
EVT_11475,10.0,ALLOW,0,
EVT_11476,10.0,ALLOW,0,
EVT_11477,15.0,ALLOW,0,
EVT_11478,35.0,ALLOW,0,
EVT_11479,10.0,ALLOW,0,
EVT_11480,15.0,ALLOW,0,
EVT_11481,25.0,ALLOW,0,
EVT_11482,30.0,ALLOW,0,
EVT_11483,10.0,ALLOW,0,
EVT_11484,25.0,ALLOW,0,
EVT_11485,10.0,ALLOW,0,
EVT_11486,10.0,ALLOW,0,
EVT_11487,10.0,ALLOW,0,
EVT_11488,10.0,ALLOW,0,
EVT_11489,15.0,ALLOW,0,
EVT_11490,25.0,ALLOW,0,
EVT_11491,10.0,ALLOW,0,
EVT_11492,10.0,ALLOW,0,
EVT_11493,30.0,ALLOW,0,
EVT_11494,25.0,ALLOW,0,
EVT_11495,25.0,ALLOW,0,
EVT_11496,30.0,ALLOW,0,
EVT_11497,60.0,CHALLENGE,0,
EVT_11498,40.0,ALLOW,0,
EVT_11499,15.0,ALLOW,0,
EVT_11500,10.0,ALLOW,0,
EVT_11501,25.0,ALLOW,0,
EVT_11502,40.0,ALLOW,0,
EVT_11503,10.0,ALLOW,0,
EVT_11504,10.0,ALLOW,0,
EVT_11505,25.0,ALLOW,0,
EVT_11506,25.0,ALLOW,0,
EVT_11507,10.0,ALLOW,0,
EVT_11508,40.0,ALLOW,0,
EVT_11509,10.0,ALLOW,0,
EVT_11510,25.0,ALLOW,0,
EVT_11511,10.0,ALLOW,0,
EVT_11512,10.0,ALLOW,0,
EVT_11513,10.0,ALLOW,0,
EVT_11514,10.0,ALLOW,0,
EVT_11515,15.0,ALLOW,0,
EVT_11516,10.0,ALLOW,0,
EVT_11517,15.0,ALLOW,0,
EVT_11518,10.0,ALLOW,0,
EVT_11519,15.0,ALLOW,0,
EVT_11520,10.0,ALLOW,0,
EVT_11521,10.0,ALLOW,0,
EVT_11522,25.0,ALLOW,0,
EVT_11523,10.0,ALLOW,0,
EVT_11524,25.0,ALLOW,0,
EVT_11525,25.0,ALLOW,0,
EVT_11526,10.0,ALLOW,0,
EVT_11527,20.0,ALLOW,0,
EVT_11528,15.0,ALLOW,0,
EVT_11529,45.0,CHALLENGE,0,
EVT_11530,10.0,ALLOW,0,
EVT_11531,50.0,CHALLENGE,0,
EVT_11532,10.0,ALLOW,0,
EVT_11533,10.0,ALLOW,0,
EVT_11534,10.0,ALLOW,0,
EVT_11535,10.0,ALLOW,0,
EVT_11536,50.0,CHALLENGE,0,
EVT_11537,35.0,ALLOW,0,
EVT_11538,30.0,ALLOW,0,
EVT_11539,25.0,ALLOW,0,
EVT_11540,10.0,ALLOW,0,
EVT_11541,25.0,ALLOW,0,
EVT_11542,10.0,ALLOW,0,
EVT_11543,10.0,ALLOW,0,
EVT_11544,10.0,ALLOW,0,
EVT_11545,10.0,ALLOW,0,
EVT_11546,25.0,ALLOW,0,
EVT_11547,35.0,ALLOW,0,
EVT_11548,10.0,ALLOW,0,
EVT_11549,25.0,ALLOW,0,
EVT_11550,10.0,ALLOW,0,
EVT_11551,10.0,ALLOW,0,
EVT_11552,10.0,ALLOW,0,
EVT_11553,10.0,ALLOW,0,
EVT_11554,30.0,ALLOW,0,
EVT_11555,10.0,ALLOW,0,
EVT_11556,10.0,ALLOW,0,
EVT_11557,15.0,ALLOW,0,
EVT_11558,25.0,ALLOW,0,
EVT_11559,10.0,ALLOW,0,
EVT_11560,15.0,ALLOW,0,
EVT_11561,10.0,ALLOW,0,
EVT_11562,25.0,ALLOW,0,
EVT_11563,10.0,ALLOW,0,
EVT_11564,10.0,ALLOW,0,
EVT_11565,10.0,ALLOW,0,
EVT_11566,10.0,ALLOW,0,
EVT_11567,30.0,ALLOW,0,
EVT_11568,10.0,ALLOW,0,
EVT_11569,10.0,ALLOW,0,
EVT_11570,25.0,ALLOW,0,
EVT_11571,15.0,ALLOW,0,
EVT_11572,85.0,BLOCK,1,New_Device_Sensitive
EVT_11573,25.0,ALLOW,0,
EVT_11574,15.0,ALLOW,0,
EVT_11575,10.0,ALLOW,0,
EVT_11576,25.0,ALLOW,0,
EVT_11577,10.0,ALLOW,0,
EVT_11578,10.0,ALLOW,0,
EVT_11579,10.0,ALLOW,0,
EVT_11580,30.0,ALLOW,0,
EVT_11581,10.0,ALLOW,0,
EVT_11582,25.0,ALLOW,0,
EVT_11583,10.0,ALLOW,0,
EVT_11584,10.0,ALLOW,0,
EVT_11585,25.0,ALLOW,0,
EVT_11586,15.0,ALLOW,0,
EVT_11587,80.0,BLOCK,1,New_Device_Sensitive
EVT_11588,10.0,ALLOW,0,
EVT_11589,50.0,CHALLENGE,0,
EVT_11590,10.0,ALLOW,0,
EVT_11591,10.0,ALLOW,0,
EVT_11592,25.0,ALLOW,0,
EVT_11593,10.0,ALLOW,0,
EVT_11594,15.0,ALLOW,0,
EVT_11595,10.0,ALLOW,0,
EVT_11596,25.0,ALLOW,0,
EVT_11597,40.0,ALLOW,0,
EVT_11598,10.0,ALLOW,0,
EVT_11599,10.0,ALLOW,0,
EVT_11600,40.0,ALLOW,0,
EVT_11601,10.0,ALLOW,0,
EVT_11602,25.0,ALLOW,0,
EVT_11603,10.0,ALLOW,0,
EVT_11604,10.0,ALLOW,0,
EVT_11605,25.0,ALLOW,0,
EVT_11606,10.0,ALLOW,0,
EVT_11607,20.0,ALLOW,0,
EVT_11608,25.0,ALLOW,0,
EVT_11609,10.0,ALLOW,0,
EVT_11610,10.0,ALLOW,0,
EVT_11611,45.0,CHALLENGE,1,Impossible_Travel
EVT_11612,10.0,ALLOW,0,
EVT_11613,50.0,CHALLENGE,0,
EVT_11614,25.0,ALLOW,0,
EVT_11615,10.0,ALLOW,0,
EVT_11616,10.0,ALLOW,0,
EVT_11617,10.0,ALLOW,0,
EVT_11618,40.0,ALLOW,0,
EVT_11619,15.0,ALLOW,0,
EVT_11620,10.0,ALLOW,0,
EVT_11621,30.0,ALLOW,0,
EVT_11622,10.0,ALLOW,0,
EVT_11623,30.0,ALLOW,0,
EVT_11624,10.0,ALLOW,0,
EVT_11625,15.0,ALLOW,0,
EVT_11626,10.0,ALLOW,0,
EVT_11627,40.0,ALLOW,0,
EVT_11628,10.0,ALLOW,0,
EVT_11629,25.0,ALLOW,0,
EVT_11630,10.0,ALLOW,0,
EVT_11631,35.0,ALLOW,1,Unusual_Resource_Access
EVT_11632,25.0,ALLOW,0,
EVT_11633,35.0,ALLOW,0,
EVT_11634,25.0,ALLOW,0,
EVT_11635,10.0,ALLOW,0,
EVT_11636,15.0,ALLOW,0,
EVT_11637,45.0,CHALLENGE,0,
EVT_11638,10.0,ALLOW,0,
EVT_11639,40.0,ALLOW,0,
EVT_11640,10.0,ALLOW,0,
EVT_11641,10.0,ALLOW,0,
EVT_11642,25.0,ALLOW,0,
EVT_11643,10.0,ALLOW,0,
EVT_11644,25.0,ALLOW,1,Unusual_Resource_Access
EVT_11645,10.0,ALLOW,0,
EVT_11646,10.0,ALLOW,0,
EVT_11647,10.0,ALLOW,0,
EVT_11648,10.0,ALLOW,0,
EVT_11649,80.0,BLOCK,1,Privilege_Escalation
EVT_11650,80.0,BLOCK,1,Privilege_Escalation
EVT_11651,80.0,BLOCK,1,Privilege_Escalation
EVT_11652,80.0,BLOCK,1,Privilege_Escalation
EVT_11653,80.0,BLOCK,1,Privilege_Escalation
EVT_11654,70.0,CHALLENGE,1,Privilege_Escalation
EVT_11655,10.0,ALLOW,0,
EVT_11656,25.0,ALLOW,0,
EVT_11657,25.0,ALLOW,0,
EVT_11658,10.0,ALLOW,0,
EVT_11659,25.0,ALLOW,0,
EVT_11660,10.0,ALLOW,0,
EVT_11661,15.0,ALLOW,0,
EVT_11662,10.0,ALLOW,0,
EVT_11663,10.0,ALLOW,0,
EVT_11664,10.0,ALLOW,0,
EVT_11665,25.0,ALLOW,0,
EVT_11666,15.0,ALLOW,0,
EVT_11667,10.0,ALLOW,0,
EVT_11668,10.0,ALLOW,0,
EVT_11669,25.0,ALLOW,0,
EVT_11670,35.0,ALLOW,0,
EVT_11671,10.0,ALLOW,0,
EVT_11672,10.0,ALLOW,0,
EVT_11673,15.0,ALLOW,0,
EVT_11674,10.0,ALLOW,0,
EVT_11675,20.0,ALLOW,0,
EVT_11676,10.0,ALLOW,0,
EVT_11677,25.0,ALLOW,0,
EVT_11678,10.0,ALLOW,0,
EVT_11679,10.0,ALLOW,0,
EVT_11680,10.0,ALLOW,0,
EVT_11681,10.0,ALLOW,0,
EVT_11682,10.0,ALLOW,0,
EVT_11683,10.0,ALLOW,0,
EVT_11684,10.0,ALLOW,0,
EVT_11685,25.0,ALLOW,0,
EVT_11686,10.0,ALLOW,0,
EVT_11687,10.0,ALLOW,0,
EVT_11688,25.0,ALLOW,0,
EVT_11689,25.0,ALLOW,0,
EVT_11690,15.0,ALLOW,0,
EVT_11691,40.0,ALLOW,0,
EVT_11692,25.0,ALLOW,0,
EVT_11693,10.0,ALLOW,0,
EVT_11694,25.0,ALLOW,0,
EVT_11695,25.0,ALLOW,0,
EVT_11696,60.0,CHALLENGE,0,
EVT_11697,10.0,ALLOW,0,
EVT_11698,40.0,ALLOW,0,
EVT_11699,25.0,ALLOW,0,
EVT_11700,10.0,ALLOW,0,
EVT_11701,10.0,ALLOW,0,
EVT_11702,50.0,CHALLENGE,0,
EVT_11703,15.0,ALLOW,0,
EVT_11704,25.0,ALLOW,0,
EVT_11705,10.0,ALLOW,0,
EVT_11706,15.0,ALLOW,0,
EVT_11707,15.0,ALLOW,0,
EVT_11708,25.0,ALLOW,0,
EVT_11709,25.0,ALLOW,0,
EVT_11710,10.0,ALLOW,0,
EVT_11711,45.0,CHALLENGE,0,
EVT_11712,15.0,ALLOW,0,
EVT_11713,40.0,ALLOW,0,
EVT_11714,10.0,ALLOW,0,
EVT_11715,35.0,ALLOW,0,
EVT_11716,60.0,CHALLENGE,0,
EVT_11717,10.0,ALLOW,0,
EVT_11718,30.0,ALLOW,0,
EVT_11719,10.0,ALLOW,0,
EVT_11720,25.0,ALLOW,0,
EVT_11721,30.0,ALLOW,0,
EVT_11722,50.0,CHALLENGE,0,
EVT_11723,25.0,ALLOW,0,
EVT_11724,10.0,ALLOW,0,
EVT_11725,25.0,ALLOW,0,
EVT_11726,25.0,ALLOW,0,
EVT_11727,25.0,ALLOW,0,
EVT_11728,15.0,ALLOW,0,
EVT_11729,10.0,ALLOW,0,
EVT_11730,60.0,CHALLENGE,0,
EVT_11731,10.0,ALLOW,0,
EVT_11732,25.0,ALLOW,0,
EVT_11733,25.0,ALLOW,0,
EVT_11734,25.0,ALLOW,0,
EVT_11735,15.0,ALLOW,0,
EVT_11736,15.0,ALLOW,0,
EVT_11737,25.0,ALLOW,0,
EVT_11738,35.0,ALLOW,0,
EVT_11739,10.0,ALLOW,0,
EVT_11740,45.0,CHALLENGE,0,
EVT_11741,25.0,ALLOW,0,
EVT_11742,10.0,ALLOW,0,
EVT_11743,10.0,ALLOW,0,
EVT_11744,10.0,ALLOW,0,
EVT_11745,10.0,ALLOW,0,
EVT_11746,15.0,ALLOW,0,
EVT_11747,10.0,ALLOW,0,
EVT_11748,25.0,ALLOW,0,
EVT_11749,10.0,ALLOW,0,
EVT_11750,10.0,ALLOW,0,
EVT_11751,10.0,ALLOW,0,
EVT_11752,45.0,CHALLENGE,0,
EVT_11753,25.0,ALLOW,0,
EVT_11754,10.0,ALLOW,0,
EVT_11755,10.0,ALLOW,0,
EVT_11756,10.0,ALLOW,0,
EVT_11757,25.0,ALLOW,0,
EVT_11758,25.0,ALLOW,0,
EVT_11759,15.0,ALLOW,0,
EVT_11760,10.0,ALLOW,0,
EVT_11761,15.0,ALLOW,0,
EVT_11762,35.0,ALLOW,0,
EVT_11763,10.0,ALLOW,0,
EVT_11764,25.0,ALLOW,0,
EVT_11765,10.0,ALLOW,0,
EVT_11766,25.0,ALLOW,0,
EVT_11767,10.0,ALLOW,0,
EVT_11768,25.0,ALLOW,0,
EVT_11769,20.0,ALLOW,0,
EVT_11770,10.0,ALLOW,0,
EVT_11771,30.0,ALLOW,0,
EVT_11772,10.0,ALLOW,0,
EVT_11773,10.0,ALLOW,0,
EVT_11774,10.0,ALLOW,0,
EVT_11775,25.0,ALLOW,0,
EVT_11776,25.0,ALLOW,0,
EVT_11777,45.0,CHALLENGE,0,
EVT_11778,10.0,ALLOW,0,
EVT_11779,10.0,ALLOW,0,
EVT_11780,35.0,ALLOW,0,
EVT_11781,10.0,ALLOW,0,
EVT_11782,10.0,ALLOW,0,
EVT_11783,15.0,ALLOW,0,
EVT_11784,10.0,ALLOW,0,
EVT_11785,10.0,ALLOW,0,
EVT_11786,25.0,ALLOW,0,
EVT_11787,15.0,ALLOW,0,
EVT_11788,40.0,ALLOW,0,
EVT_11789,10.0,ALLOW,0,
EVT_11790,15.0,ALLOW,0,
EVT_11791,10.0,ALLOW,0,
EVT_11792,10.0,ALLOW,0,
EVT_11793,10.0,ALLOW,0,
EVT_11794,10.0,ALLOW,0,
EVT_11795,10.0,ALLOW,0,
EVT_11796,25.0,ALLOW,0,
EVT_11797,25.0,ALLOW,0,
EVT_11798,10.0,ALLOW,0,
EVT_11799,15.0,ALLOW,0,
EVT_11800,10.0,ALLOW,0,
EVT_11801,10.0,ALLOW,0,
EVT_11802,40.0,ALLOW,0,
EVT_11803,25.0,ALLOW,0,
EVT_11804,15.0,ALLOW,0,
EVT_11805,15.0,ALLOW,0,
EVT_11806,10.0,ALLOW,0,
EVT_11807,10.0,ALLOW,0,
EVT_11808,80.0,BLOCK,1,New_Device_Sensitive
EVT_11809,15.0,ALLOW,0,
EVT_11810,10.0,ALLOW,0,
EVT_11811,10.0,ALLOW,0,
EVT_11812,45.0,CHALLENGE,0,
EVT_11813,25.0,ALLOW,0,
EVT_11814,45.0,CHALLENGE,0,
EVT_11815,15.0,ALLOW,0,
EVT_11816,35.0,ALLOW,1,Unusual_Resource_Access
EVT_11817,10.0,ALLOW,0,
EVT_11818,10.0,ALLOW,0,
EVT_11819,85.0,BLOCK,1,New_Device_Sensitive
EVT_11820,30.0,ALLOW,0,
EVT_11821,10.0,ALLOW,0,
EVT_11822,25.0,ALLOW,0,
EVT_11823,30.0,ALLOW,0,
EVT_11824,10.0,ALLOW,0,
EVT_11825,10.0,ALLOW,0,
EVT_11826,10.0,ALLOW,0,
EVT_11827,25.0,ALLOW,0,
EVT_11828,10.0,ALLOW,0,
EVT_11829,10.0,ALLOW,0,
EVT_11830,15.0,ALLOW,0,
EVT_11831,10.0,ALLOW,0,
EVT_11832,10.0,ALLOW,0,
EVT_11833,25.0,ALLOW,0,
EVT_11834,10.0,ALLOW,0,
EVT_11835,40.0,ALLOW,0,
EVT_11836,15.0,ALLOW,0,
EVT_11837,10.0,ALLOW,0,
EVT_11838,10.0,ALLOW,0,
EVT_11839,35.0,ALLOW,0,
EVT_11840,10.0,ALLOW,0,
EVT_11841,15.0,ALLOW,0,
EVT_11842,10.0,ALLOW,0,
EVT_11843,30.0,ALLOW,0,
EVT_11844,10.0,ALLOW,0,
EVT_11845,25.0,ALLOW,0,
EVT_11846,25.0,ALLOW,0,
EVT_11847,25.0,ALLOW,0,
EVT_11848,10.0,ALLOW,0,
EVT_11849,15.0,ALLOW,0,
EVT_11850,10.0,ALLOW,0,
EVT_11851,30.0,ALLOW,0,
EVT_11852,10.0,ALLOW,0,
EVT_11853,25.0,ALLOW,0,
EVT_11854,15.0,ALLOW,0,
EVT_11855,80.0,BLOCK,1,Privilege_Escalation
EVT_11856,80.0,BLOCK,1,Privilege_Escalation
EVT_11857,80.0,BLOCK,1,Privilege_Escalation
EVT_11858,80.0,BLOCK,1,Privilege_Escalation
EVT_11859,80.0,BLOCK,1,Privilege_Escalation
EVT_11860,70.0,CHALLENGE,1,Privilege_Escalation
EVT_11861,30.0,ALLOW,0,
EVT_11862,15.0,ALLOW,0,
EVT_11863,45.0,CHALLENGE,0,
EVT_11864,15.0,ALLOW,0,
EVT_11865,25.0,ALLOW,0,
EVT_11866,40.0,ALLOW,0,
EVT_11867,25.0,ALLOW,0,
EVT_11868,10.0,ALLOW,0,
EVT_11869,10.0,ALLOW,0,
EVT_11870,10.0,ALLOW,0,
EVT_11871,10.0,ALLOW,0,
EVT_11872,25.0,ALLOW,0,
EVT_11873,25.0,ALLOW,0,
EVT_11874,10.0,ALLOW,0,
EVT_11875,10.0,ALLOW,0,
EVT_11876,25.0,ALLOW,0,
EVT_11877,30.0,ALLOW,0,
EVT_11878,25.0,ALLOW,0,
EVT_11879,10.0,ALLOW,0,
EVT_11880,10.0,ALLOW,0,
EVT_11881,10.0,ALLOW,0,
EVT_11882,25.0,ALLOW,0,
EVT_11883,45.0,CHALLENGE,0,
EVT_11884,10.0,ALLOW,0,
EVT_11885,25.0,ALLOW,0,
EVT_11886,10.0,ALLOW,0,
EVT_11887,45.0,CHALLENGE,0,
EVT_11888,50.0,CHALLENGE,0,
EVT_11889,25.0,ALLOW,0,
EVT_11890,80.0,BLOCK,1,New_Device_Sensitive
EVT_11891,25.0,ALLOW,0,
EVT_11892,10.0,ALLOW,0,
EVT_11893,25.0,ALLOW,1,Unusual_Resource_Access
EVT_11894,25.0,ALLOW,0,
EVT_11895,10.0,ALLOW,0,
EVT_11896,10.0,ALLOW,0,
EVT_11897,15.0,ALLOW,0,
EVT_11898,10.0,ALLOW,0,
EVT_11899,45.0,CHALLENGE,0,
EVT_11900,70.0,CHALLENGE,1,New_Device_Sensitive
EVT_11901,15.0,ALLOW,0,
EVT_11902,35.0,ALLOW,1,Unusual_Resource_Access
EVT_11903,10.0,ALLOW,0,
EVT_11904,25.0,ALLOW,0,
EVT_11905,15.0,ALLOW,0,
EVT_11906,10.0,ALLOW,0,
EVT_11907,45.0,CHALLENGE,0,
EVT_11908,25.0,ALLOW,0,
EVT_11909,25.0,ALLOW,0,
EVT_11910,25.0,ALLOW,0,
EVT_11911,10.0,ALLOW,0,
EVT_11912,25.0,ALLOW,0,
EVT_11913,10.0,ALLOW,0,
EVT_11914,10.0,ALLOW,0,
EVT_11915,25.0,ALLOW,0,
EVT_11916,25.0,ALLOW,0,
EVT_11917,25.0,ALLOW,0,
EVT_11918,15.0,ALLOW,0,
EVT_11919,10.0,ALLOW,0,
EVT_11920,40.0,ALLOW,0,
EVT_11921,10.0,ALLOW,0,
EVT_11922,25.0,ALLOW,0,
EVT_11923,25.0,ALLOW,0,
EVT_11924,10.0,ALLOW,0,
EVT_11925,10.0,ALLOW,0,
EVT_11926,35.0,ALLOW,0,
EVT_11927,45.0,CHALLENGE,0,
EVT_11928,10.0,ALLOW,0,
EVT_11929,15.0,ALLOW,0,
EVT_11930,20.0,ALLOW,0,
EVT_11931,25.0,ALLOW,0,
EVT_11932,15.0,ALLOW,0,
EVT_11933,10.0,ALLOW,0,
EVT_11934,25.0,ALLOW,0,
EVT_11935,20.0,ALLOW,0,
EVT_11936,10.0,ALLOW,0,
EVT_11937,10.0,ALLOW,0,
EVT_11938,15.0,ALLOW,0,
EVT_11939,10.0,ALLOW,0,
EVT_11940,10.0,ALLOW,0,
EVT_11941,10.0,ALLOW,0,
EVT_11942,10.0,ALLOW,0,
EVT_11943,35.0,ALLOW,0,
EVT_11944,10.0,ALLOW,0,
EVT_11945,10.0,ALLOW,0,
EVT_11946,10.0,ALLOW,0,
EVT_11947,10.0,ALLOW,0,
EVT_11948,10.0,ALLOW,0,
EVT_11949,30.0,ALLOW,0,
EVT_11950,25.0,ALLOW,0,
EVT_11951,45.0,CHALLENGE,0,
EVT_11952,10.0,ALLOW,0,
EVT_11953,25.0,ALLOW,0,
EVT_11954,25.0,ALLOW,0,
EVT_11955,10.0,ALLOW,0,
EVT_11956,15.0,ALLOW,0,
EVT_11957,25.0,ALLOW,0,
EVT_11958,25.0,ALLOW,0,
EVT_11959,30.0,ALLOW,0,
EVT_11960,45.0,CHALLENGE,0,
EVT_11961,25.0,ALLOW,0,
EVT_11962,40.0,ALLOW,0,
EVT_11963,25.0,ALLOW,0,
EVT_11964,10.0,ALLOW,0,
EVT_11965,35.0,ALLOW,0,
EVT_11966,10.0,ALLOW,0,
EVT_11967,25.0,ALLOW,0,
EVT_11968,15.0,ALLOW,0,
EVT_11969,15.0,ALLOW,0,
EVT_11970,15.0,ALLOW,0,
EVT_11971,10.0,ALLOW,0,
EVT_11972,40.0,ALLOW,0,
EVT_11973,25.0,ALLOW,0,
EVT_11974,20.0,ALLOW,0,
EVT_11975,10.0,ALLOW,0,
EVT_11976,25.0,ALLOW,0,
EVT_11977,10.0,ALLOW,0,
EVT_11978,10.0,ALLOW,0,
EVT_11979,10.0,ALLOW,0,
EVT_11980,10.0,ALLOW,0,
EVT_11981,10.0,ALLOW,0,
EVT_11982,25.0,ALLOW,0,
EVT_11983,10.0,ALLOW,0,
EVT_11984,15.0,ALLOW,0,
EVT_11985,10.0,ALLOW,0,
EVT_11986,10.0,ALLOW,0,
EVT_11987,20.0,ALLOW,0,
EVT_11988,10.0,ALLOW,0,
EVT_11989,40.0,ALLOW,0,
EVT_11990,10.0,ALLOW,0,
EVT_11991,10.0,ALLOW,0,
EVT_11992,15.0,ALLOW,0,
EVT_11993,15.0,ALLOW,0,
EVT_11994,10.0,ALLOW,0,
EVT_11995,10.0,ALLOW,0,
EVT_11996,25.0,ALLOW,0,
EVT_11997,10.0,ALLOW,0,
EVT_11998,10.0,ALLOW,0,
EVT_11999,25.0,ALLOW,0,
EVT_12000,25.0,ALLOW,0,
EVT_12001,10.0,ALLOW,0,
EVT_12002,10.0,ALLOW,0,
EVT_12003,25.0,ALLOW,0,
EVT_12004,10.0,ALLOW,0,
EVT_12005,10.0,ALLOW,0,
EVT_12006,25.0,ALLOW,0,
EVT_12007,10.0,ALLOW,0,
EVT_12008,30.0,ALLOW,0,
EVT_12009,10.0,ALLOW,0,
EVT_12010,10.0,ALLOW,0,
EVT_12011,15.0,ALLOW,0,
EVT_12012,25.0,ALLOW,0,
EVT_12013,45.0,CHALLENGE,0,
EVT_12014,40.0,ALLOW,0,
EVT_12015,70.0,CHALLENGE,1,Off_Hours_Privileged
EVT_12016,75.0,BLOCK,1,Off_Hours_Privileged
EVT_12017,70.0,CHALLENGE,1,Off_Hours_Privileged
EVT_12018,75.0,BLOCK,1,Off_Hours_Privileged
EVT_12019,70.0,CHALLENGE,1,Off_Hours_Privileged
EVT_12020,70.0,CHALLENGE,1,Off_Hours_Privileged
EVT_12021,70.0,CHALLENGE,1,Off_Hours_Privileged
EVT_12022,70.0,CHALLENGE,1,Off_Hours_Privileged
EVT_12023,70.0,CHALLENGE,1,Off_Hours_Privileged
EVT_12024,20.0,ALLOW,0,
EVT_12025,10.0,ALLOW,0,
EVT_12026,10.0,ALLOW,0,
EVT_12027,15.0,ALLOW,0,
EVT_12028,10.0,ALLOW,0,
EVT_12029,35.0,ALLOW,0,
EVT_12030,40.0,ALLOW,0,
EVT_12031,10.0,ALLOW,0,
EVT_12032,30.0,ALLOW,0,
EVT_12033,10.0,ALLOW,0,
EVT_12034,10.0,ALLOW,0,
EVT_12035,10.0,ALLOW,0,
EVT_12036,25.0,ALLOW,0,
EVT_12037,10.0,ALLOW,0,
EVT_12038,25.0,ALLOW,0,
EVT_12039,10.0,ALLOW,0,
EVT_12040,35.0,ALLOW,0,
EVT_12041,25.0,ALLOW,0,
EVT_12042,10.0,ALLOW,0,
EVT_12043,10.0,ALLOW,0,
EVT_12044,10.0,ALLOW,0,
EVT_12045,10.0,ALLOW,0,
EVT_12046,25.0,ALLOW,0,
EVT_12047,50.0,CHALLENGE,0,
EVT_12048,10.0,ALLOW,0,
EVT_12049,10.0,ALLOW,0,
EVT_12050,25.0,ALLOW,0,
EVT_12051,15.0,ALLOW,0,
EVT_12052,25.0,ALLOW,0,
EVT_12053,10.0,ALLOW,0,
EVT_12054,25.0,ALLOW,0,
EVT_12055,10.0,ALLOW,0,
EVT_12056,10.0,ALLOW,0,
EVT_12057,25.0,ALLOW,0,
EVT_12058,30.0,ALLOW,0,
EVT_12059,10.0,ALLOW,0,
EVT_12060,10.0,ALLOW,0,
EVT_12061,10.0,ALLOW,0,
EVT_12062,15.0,ALLOW,0,
EVT_12063,10.0,ALLOW,0,
EVT_12064,10.0,ALLOW,0,
EVT_12065,10.0,ALLOW,0,
EVT_12066,40.0,ALLOW,0,
EVT_12067,15.0,ALLOW,0,
EVT_12068,10.0,ALLOW,0,
EVT_12069,10.0,ALLOW,0,
EVT_12070,10.0,ALLOW,0,
EVT_12071,10.0,ALLOW,0,
EVT_12072,35.0,ALLOW,0,
EVT_12073,40.0,ALLOW,0,
EVT_12074,25.0,ALLOW,0,
EVT_12075,10.0,ALLOW,0,
EVT_12076,15.0,ALLOW,0,
EVT_12077,20.0,ALLOW,0,
EVT_12078,10.0,ALLOW,0,
EVT_12079,20.0,ALLOW,0,
EVT_12080,25.0,ALLOW,0,
EVT_12081,45.0,CHALLENGE,0,
EVT_12082,35.0,ALLOW,0,
EVT_12083,15.0,ALLOW,0,
EVT_12084,10.0,ALLOW,0,
EVT_12085,10.0,ALLOW,0,
EVT_12086,25.0,ALLOW,0,
EVT_12087,25.0,ALLOW,0,
EVT_12088,40.0,ALLOW,0,
EVT_12089,10.0,ALLOW,0,
EVT_12090,10.0,ALLOW,0,
EVT_12091,10.0,ALLOW,0,
EVT_12092,25.0,ALLOW,0,
EVT_12093,25.0,ALLOW,0,
EVT_12094,45.0,CHALLENGE,0,
EVT_12095,10.0,ALLOW,0,
EVT_12096,25.0,ALLOW,0,
EVT_12097,10.0,ALLOW,0,
EVT_12098,25.0,ALLOW,0,
EVT_12099,10.0,ALLOW,0,
EVT_12100,10.0,ALLOW,0,
EVT_12101,25.0,ALLOW,0,
EVT_12102,25.0,ALLOW,0,
EVT_12103,10.0,ALLOW,0,
EVT_12104,15.0,ALLOW,0,
EVT_12105,15.0,ALLOW,0,
EVT_12106,15.0,ALLOW,0,
EVT_12107,10.0,ALLOW,0,
EVT_12108,10.0,ALLOW,0,
EVT_12109,10.0,ALLOW,0,
EVT_12110,25.0,ALLOW,0,
EVT_12111,10.0,ALLOW,0,
EVT_12112,25.0,ALLOW,0,
EVT_12113,10.0,ALLOW,0,
EVT_12114,25.0,ALLOW,0,
EVT_12115,20.0,ALLOW,0,
EVT_12116,10.0,ALLOW,0,
EVT_12117,45.0,CHALLENGE,1,Impossible_Travel
EVT_12118,10.0,ALLOW,0,
EVT_12119,15.0,ALLOW,0,
EVT_12120,25.0,ALLOW,0,
EVT_12121,10.0,ALLOW,0,
EVT_12122,10.0,ALLOW,0,
EVT_12123,10.0,ALLOW,0,
EVT_12124,10.0,ALLOW,0,
EVT_12125,10.0,ALLOW,0,
EVT_12126,10.0,ALLOW,0,
EVT_12127,10.0,ALLOW,0,
EVT_12128,25.0,ALLOW,0,
EVT_12129,15.0,ALLOW,0,
EVT_12130,85.0,BLOCK,1,New_Device_Sensitive
EVT_12131,45.0,CHALLENGE,1,Impossible_Travel
EVT_12132,35.0,ALLOW,0,
EVT_12133,10.0,ALLOW,0,
EVT_12134,25.0,ALLOW,0,
EVT_12135,35.0,ALLOW,0,
EVT_12136,10.0,ALLOW,0,
EVT_12137,45.0,CHALLENGE,0,
EVT_12138,20.0,ALLOW,0,
EVT_12139,10.0,ALLOW,0,
EVT_12140,10.0,ALLOW,0,
EVT_12141,25.0,ALLOW,0,
EVT_12142,10.0,ALLOW,0,
EVT_12143,10.0,ALLOW,0,
EVT_12144,10.0,ALLOW,0,
EVT_12145,10.0,ALLOW,0,
EVT_12146,15.0,ALLOW,0,
EVT_12147,25.0,ALLOW,0,
EVT_12148,25.0,ALLOW,0,
EVT_12149,10.0,ALLOW,0,
EVT_12150,40.0,ALLOW,0,
EVT_12151,20.0,ALLOW,0,
EVT_12152,10.0,ALLOW,0,
EVT_12153,10.0,ALLOW,0,
EVT_12154,15.0,ALLOW,0,
EVT_12155,10.0,ALLOW,0,
EVT_12156,25.0,ALLOW,0,
EVT_12157,10.0,ALLOW,0,
EVT_12158,15.0,ALLOW,0,
EVT_12159,10.0,ALLOW,0,
EVT_12160,25.0,ALLOW,0,
EVT_12161,10.0,ALLOW,0,
EVT_12162,10.0,ALLOW,0,
EVT_12163,15.0,ALLOW,0,
EVT_12164,25.0,ALLOW,0,
EVT_12165,10.0,ALLOW,0,
EVT_12166,35.0,ALLOW,0,
EVT_12167,25.0,ALLOW,0,
EVT_12168,10.0,ALLOW,0,
EVT_12169,10.0,ALLOW,0,
EVT_12170,10.0,ALLOW,0,
EVT_12171,25.0,ALLOW,0,
EVT_12172,10.0,ALLOW,0,
EVT_12173,25.0,ALLOW,0,
EVT_12174,25.0,ALLOW,1,Unusual_Resource_Access
EVT_12175,30.0,ALLOW,0,
EVT_12176,25.0,ALLOW,0,
EVT_12177,15.0,ALLOW,0,
EVT_12178,10.0,ALLOW,0,
EVT_12179,10.0,ALLOW,0,
EVT_12180,10.0,ALLOW,0,
EVT_12181,10.0,ALLOW,0,
EVT_12182,10.0,ALLOW,0,
EVT_12183,10.0,ALLOW,0,
EVT_12184,10.0,ALLOW,0,
EVT_12185,10.0,ALLOW,0,
EVT_12186,10.0,ALLOW,0,
EVT_12187,40.0,ALLOW,0,
EVT_12188,10.0,ALLOW,0,
EVT_12189,25.0,ALLOW,0,
EVT_12190,10.0,ALLOW,0,
EVT_12191,10.0,ALLOW,0,
EVT_12192,95.0,BLOCK,1,New_Device_Sensitive
EVT_12193,80.0,BLOCK,1,New_Device_Sensitive
EVT_12194,30.0,ALLOW,0,
EVT_12195,45.0,CHALLENGE,0,
EVT_12196,10.0,ALLOW,0,
EVT_12197,25.0,ALLOW,0,
EVT_12198,10.0,ALLOW,0,
EVT_12199,10.0,ALLOW,0,
EVT_12200,25.0,ALLOW,0,
EVT_12201,10.0,ALLOW,0,
EVT_12202,15.0,ALLOW,0,
EVT_12203,30.0,ALLOW,0,
EVT_12204,10.0,ALLOW,0,
EVT_12205,25.0,ALLOW,0,
EVT_12206,10.0,ALLOW,0,
EVT_12207,10.0,ALLOW,0,
EVT_12208,10.0,ALLOW,0,
EVT_12209,10.0,ALLOW,0,
EVT_12210,25.0,ALLOW,0,
EVT_12211,10.0,ALLOW,0,
EVT_12212,10.0,ALLOW,0,
EVT_12213,10.0,ALLOW,0,
EVT_12214,10.0,ALLOW,0,
EVT_12215,25.0,ALLOW,0,
EVT_12216,60.0,CHALLENGE,0,
EVT_12217,10.0,ALLOW,0,
EVT_12218,15.0,ALLOW,0,
EVT_12219,40.0,ALLOW,0,
EVT_12220,10.0,ALLOW,0,
EVT_12221,15.0,ALLOW,0,
EVT_12222,10.0,ALLOW,0,
EVT_12223,40.0,ALLOW,0,
EVT_12224,80.0,BLOCK,1,New_Device_Sensitive
EVT_12225,25.0,ALLOW,0,
EVT_12226,10.0,ALLOW,0,
EVT_12227,10.0,ALLOW,0,
EVT_12228,10.0,ALLOW,0,
EVT_12229,10.0,ALLOW,0,
EVT_12230,10.0,ALLOW,0,
EVT_12231,15.0,ALLOW,0,
EVT_12232,10.0,ALLOW,0,
EVT_12233,25.0,ALLOW,0,
EVT_12234,10.0,ALLOW,0,
EVT_12235,10.0,ALLOW,0,
EVT_12236,10.0,ALLOW,0,
EVT_12237,25.0,ALLOW,0,
EVT_12238,15.0,ALLOW,0,
EVT_12239,10.0,ALLOW,0,
EVT_12240,25.0,ALLOW,0,
EVT_12241,10.0,ALLOW,0,
EVT_12242,25.0,ALLOW,0,
EVT_12243,45.0,CHALLENGE,0,
EVT_12244,80.0,BLOCK,1,New_Device_Sensitive
EVT_12245,20.0,ALLOW,0,
EVT_12246,25.0,ALLOW,0,
EVT_12247,25.0,ALLOW,0,
EVT_12248,10.0,ALLOW,0,
EVT_12249,10.0,ALLOW,0,
EVT_12250,10.0,ALLOW,0,
EVT_12251,10.0,ALLOW,0,
EVT_12252,25.0,ALLOW,0,
EVT_12253,10.0,ALLOW,0,
EVT_12254,25.0,ALLOW,0,
EVT_12255,25.0,ALLOW,0,
EVT_12256,10.0,ALLOW,0,
EVT_12257,15.0,ALLOW,0,
EVT_12258,10.0,ALLOW,0,
EVT_12259,25.0,ALLOW,0,
EVT_12260,25.0,ALLOW,0,
EVT_12261,25.0,ALLOW,0,
EVT_12262,10.0,ALLOW,0,
EVT_12263,30.0,ALLOW,0,
EVT_12264,10.0,ALLOW,0,
EVT_12265,25.0,ALLOW,0,
EVT_12266,10.0,ALLOW,0,
EVT_12267,25.0,ALLOW,0,
EVT_12268,15.0,ALLOW,0,
EVT_12269,35.0,ALLOW,0,
EVT_12270,25.0,ALLOW,0,
EVT_12271,10.0,ALLOW,0,
EVT_12272,25.0,ALLOW,0,
EVT_12273,25.0,ALLOW,0,
EVT_12274,25.0,ALLOW,0,
EVT_12275,25.0,ALLOW,0,
EVT_12276,45.0,CHALLENGE,0,
EVT_12277,45.0,CHALLENGE,0,
EVT_12278,10.0,ALLOW,0,
EVT_12279,10.0,ALLOW,0,
EVT_12280,50.0,CHALLENGE,0,
EVT_12281,25.0,ALLOW,0,
EVT_12282,10.0,ALLOW,0,
EVT_12283,25.0,ALLOW,0,
EVT_12284,10.0,ALLOW,0,
EVT_12285,10.0,ALLOW,0,
EVT_12286,10.0,ALLOW,0,
EVT_12287,30.0,ALLOW,0,
EVT_12288,10.0,ALLOW,0,
EVT_12289,10.0,ALLOW,0,
EVT_12290,25.0,ALLOW,1,Unusual_Resource_Access
EVT_12291,10.0,ALLOW,0,
EVT_12292,35.0,ALLOW,0,
EVT_12293,10.0,ALLOW,0,
EVT_12294,10.0,ALLOW,0,
EVT_12295,10.0,ALLOW,0,
EVT_12296,10.0,ALLOW,0,
EVT_12297,15.0,ALLOW,0,
EVT_12298,10.0,ALLOW,0,
EVT_12299,45.0,CHALLENGE,0,
EVT_12300,25.0,ALLOW,0,
EVT_12301,15.0,ALLOW,0,
EVT_12302,20.0,ALLOW,0,
EVT_12303,10.0,ALLOW,0,
EVT_12304,25.0,ALLOW,0,
EVT_12305,40.0,ALLOW,0,
EVT_12306,10.0,ALLOW,0,
EVT_12307,45.0,CHALLENGE,1,Impossible_Travel
EVT_12308,10.0,ALLOW,0,
EVT_12309,25.0,ALLOW,0,
EVT_12310,10.0,ALLOW,0,
EVT_12311,25.0,ALLOW,0,
EVT_12312,15.0,ALLOW,0,
EVT_12313,25.0,ALLOW,0,
EVT_12314,15.0,ALLOW,0,
EVT_12315,25.0,ALLOW,0,
EVT_12316,10.0,ALLOW,0,
EVT_12317,10.0,ALLOW,0,
EVT_12318,10.0,ALLOW,0,
EVT_12319,10.0,ALLOW,0,
EVT_12320,10.0,ALLOW,0,
EVT_12321,25.0,ALLOW,0,
EVT_12322,30.0,ALLOW,0,
EVT_12323,10.0,ALLOW,0,
EVT_12324,25.0,ALLOW,0,
EVT_12325,10.0,ALLOW,0,
EVT_12326,10.0,ALLOW,0,
EVT_12327,25.0,ALLOW,0,
EVT_12328,25.0,ALLOW,0,
EVT_12329,25.0,ALLOW,0,
EVT_12330,10.0,ALLOW,0,
EVT_12331,15.0,ALLOW,0,
EVT_12332,10.0,ALLOW,0,
EVT_12333,10.0,ALLOW,0,
EVT_12334,25.0,ALLOW,0,
EVT_12335,25.0,ALLOW,0,
EVT_12336,10.0,ALLOW,0,
EVT_12337,30.0,ALLOW,0,
EVT_12338,10.0,ALLOW,0,
EVT_12339,10.0,ALLOW,0,
EVT_12340,25.0,ALLOW,0,
EVT_12341,35.0,ALLOW,0,
EVT_12342,10.0,ALLOW,0,
EVT_12343,10.0,ALLOW,0,
EVT_12344,15.0,ALLOW,0,
EVT_12345,10.0,ALLOW,0,
EVT_12346,10.0,ALLOW,0,
EVT_12347,10.0,ALLOW,0,
EVT_12348,25.0,ALLOW,0,
EVT_12349,10.0,ALLOW,0,
EVT_12350,10.0,ALLOW,0,
EVT_12351,15.0,ALLOW,0,
EVT_12352,25.0,ALLOW,0,
EVT_12353,10.0,ALLOW,0,
EVT_12354,25.0,ALLOW,0,
EVT_12355,10.0,ALLOW,0,
EVT_12356,15.0,ALLOW,0,
EVT_12357,10.0,ALLOW,0,
EVT_12358,10.0,ALLOW,0,
EVT_12359,25.0,ALLOW,0,
EVT_12360,10.0,ALLOW,0,
EVT_12361,10.0,ALLOW,0,
EVT_12362,45.0,CHALLENGE,0,
EVT_12363,10.0,ALLOW,0,
EVT_12364,10.0,ALLOW,0,
EVT_12365,15.0,ALLOW,0,
EVT_12366,10.0,ALLOW,0,
EVT_12367,10.0,ALLOW,0,
EVT_12368,15.0,ALLOW,0,
EVT_12369,50.0,CHALLENGE,0,
EVT_12370,10.0,ALLOW,0,
EVT_12371,10.0,ALLOW,0,
EVT_12372,25.0,ALLOW,1,Unusual_Resource_Access
EVT_12373,10.0,ALLOW,0,
EVT_12374,25.0,ALLOW,0,
EVT_12375,15.0,ALLOW,0,
EVT_12376,10.0,ALLOW,0,
EVT_12377,15.0,ALLOW,0,
EVT_12378,45.0,CHALLENGE,0,
EVT_12379,10.0,ALLOW,0,
EVT_12380,25.0,ALLOW,0,
EVT_12381,25.0,ALLOW,0,
EVT_12382,20.0,ALLOW,0,
EVT_12383,15.0,ALLOW,0,
EVT_12384,10.0,ALLOW,0,
EVT_12385,40.0,ALLOW,0,
EVT_12386,25.0,ALLOW,0,
EVT_12387,25.0,ALLOW,0,
EVT_12388,10.0,ALLOW,0,
EVT_12389,25.0,ALLOW,0,
EVT_12390,25.0,ALLOW,0,
EVT_12391,25.0,ALLOW,0,
EVT_12392,10.0,ALLOW,0,
EVT_12393,10.0,ALLOW,0,
EVT_12394,10.0,ALLOW,0,
EVT_12395,25.0,ALLOW,0,
EVT_12396,45.0,CHALLENGE,0,
EVT_12397,15.0,ALLOW,0,
EVT_12398,30.0,ALLOW,0,
EVT_12399,10.0,ALLOW,0,
EVT_12400,10.0,ALLOW,0,
EVT_12401,10.0,ALLOW,0,
EVT_12402,25.0,ALLOW,0,
EVT_12403,40.0,ALLOW,0,
EVT_12404,10.0,ALLOW,0,
EVT_12405,45.0,CHALLENGE,0,
EVT_12406,55.0,CHALLENGE,0,
EVT_12407,10.0,ALLOW,0,
EVT_12408,10.0,ALLOW,0,
EVT_12409,15.0,ALLOW,0,
EVT_12410,25.0,ALLOW,0,
EVT_12411,25.0,ALLOW,0,
EVT_12412,10.0,ALLOW,0,
EVT_12413,10.0,ALLOW,0,
EVT_12414,25.0,ALLOW,0,
EVT_12415,85.0,BLOCK,1,New_Device_Sensitive
EVT_12416,25.0,ALLOW,0,
EVT_12417,15.0,ALLOW,0,
EVT_12418,15.0,ALLOW,0,
EVT_12419,15.0,ALLOW,0,
EVT_12420,15.0,ALLOW,0,
EVT_12421,15.0,ALLOW,0,
EVT_12422,10.0,ALLOW,0,
EVT_12423,10.0,ALLOW,0,
EVT_12424,10.0,ALLOW,0,
EVT_12425,10.0,ALLOW,0,
EVT_12426,25.0,ALLOW,0,
EVT_12427,25.0,ALLOW,0,
EVT_12428,15.0,ALLOW,0,
EVT_12429,10.0,ALLOW,0,
EVT_12430,10.0,ALLOW,0,
EVT_12431,40.0,ALLOW,0,
EVT_12432,10.0,ALLOW,0,
EVT_12433,10.0,ALLOW,0,
EVT_12434,40.0,ALLOW,0,
EVT_12435,10.0,ALLOW,0,
EVT_12436,10.0,ALLOW,0,
EVT_12437,25.0,ALLOW,0,
EVT_12438,30.0,ALLOW,0,
EVT_12439,10.0,ALLOW,0,
EVT_12440,25.0,ALLOW,0,
EVT_12441,25.0,ALLOW,0,
EVT_12442,45.0,CHALLENGE,0,
EVT_12443,25.0,ALLOW,0,
EVT_12444,10.0,ALLOW,0,
EVT_12445,25.0,ALLOW,0,
EVT_12446,25.0,ALLOW,0,
EVT_12447,25.0,ALLOW,0,
EVT_12448,10.0,ALLOW,0,
EVT_12449,25.0,ALLOW,0,
EVT_12450,25.0,ALLOW,0,
EVT_12451,20.0,ALLOW,0,
EVT_12452,10.0,ALLOW,0,
EVT_12453,40.0,ALLOW,0,
EVT_12454,30.0,ALLOW,0,
EVT_12455,25.0,ALLOW,0,
EVT_12456,10.0,ALLOW,0,
EVT_12457,10.0,ALLOW,0,
EVT_12458,25.0,ALLOW,0,
EVT_12459,10.0,ALLOW,0,
EVT_12460,15.0,ALLOW,0,
EVT_12461,40.0,ALLOW,0,
EVT_12462,10.0,ALLOW,0,
EVT_12463,15.0,ALLOW,0,
EVT_12464,10.0,ALLOW,0,
EVT_12465,15.0,ALLOW,0,
EVT_12466,25.0,ALLOW,0,
EVT_12467,10.0,ALLOW,0,
EVT_12468,15.0,ALLOW,0,
EVT_12469,10.0,ALLOW,0,
EVT_12470,25.0,ALLOW,0,
EVT_12471,10.0,ALLOW,0,
EVT_12472,45.0,CHALLENGE,0,
EVT_12473,25.0,ALLOW,0,
EVT_12474,15.0,ALLOW,0,
EVT_12475,25.0,ALLOW,0,
EVT_12476,25.0,ALLOW,0,
EVT_12477,60.0,CHALLENGE,0,
EVT_12478,45.0,CHALLENGE,0,
EVT_12479,10.0,ALLOW,0,
EVT_12480,25.0,ALLOW,0,
EVT_12481,15.0,ALLOW,0,
EVT_12482,10.0,ALLOW,0,
EVT_12483,15.0,ALLOW,0,
EVT_12484,50.0,CHALLENGE,0,
EVT_12485,15.0,ALLOW,0,
EVT_12486,25.0,ALLOW,0,
EVT_12487,10.0,ALLOW,0,
EVT_12488,40.0,ALLOW,0,
EVT_12489,10.0,ALLOW,0,
EVT_12490,35.0,ALLOW,0,
EVT_12491,10.0,ALLOW,0,
EVT_12492,25.0,ALLOW,0,
EVT_12493,10.0,ALLOW,0,
EVT_12494,10.0,ALLOW,0,
EVT_12495,10.0,ALLOW,0,
EVT_12496,25.0,ALLOW,0,
EVT_12497,35.0,ALLOW,0,
EVT_12498,10.0,ALLOW,0,
EVT_12499,10.0,ALLOW,0,
EVT_12500,10.0,ALLOW,0,
EVT_12501,10.0,ALLOW,0,
EVT_12502,10.0,ALLOW,0,
EVT_12503,10.0,ALLOW,0,
EVT_12504,10.0,ALLOW,0,
EVT_12505,10.0,ALLOW,0,
EVT_12506,45.0,CHALLENGE,0,
EVT_12507,25.0,ALLOW,0,
EVT_12508,10.0,ALLOW,0,
EVT_12509,10.0,ALLOW,0,
EVT_12510,15.0,ALLOW,0,
EVT_12511,10.0,ALLOW,0,
EVT_12512,10.0,ALLOW,0,
EVT_12513,10.0,ALLOW,0,
EVT_12514,25.0,ALLOW,0,
EVT_12515,10.0,ALLOW,0,
EVT_12516,25.0,ALLOW,0,
EVT_12517,10.0,ALLOW,0,
EVT_12518,10.0,ALLOW,0,
EVT_12519,45.0,CHALLENGE,0,
EVT_12520,10.0,ALLOW,0,
EVT_12521,15.0,ALLOW,0,
EVT_12522,15.0,ALLOW,0,
EVT_12523,15.0,ALLOW,0,
EVT_12524,25.0,ALLOW,0,
EVT_12525,25.0,ALLOW,0,
EVT_12526,15.0,ALLOW,0,
EVT_12527,10.0,ALLOW,0,
EVT_12528,25.0,ALLOW,0,
EVT_12529,50.0,CHALLENGE,0,
EVT_12530,10.0,ALLOW,0,
EVT_12531,40.0,ALLOW,0,
EVT_12532,25.0,ALLOW,0,
EVT_12533,10.0,ALLOW,0,
EVT_12534,10.0,ALLOW,0,
EVT_12535,25.0,ALLOW,0,
EVT_12536,25.0,ALLOW,0,
EVT_12537,30.0,ALLOW,0,
EVT_12538,20.0,ALLOW,0,
EVT_12539,35.0,ALLOW,0,
EVT_12540,30.0,ALLOW,0,
EVT_12541,25.0,ALLOW,0,
EVT_12542,40.0,ALLOW,0,
EVT_12543,10.0,ALLOW,0,
EVT_12544,10.0,ALLOW,0,
EVT_12545,10.0,ALLOW,0,
EVT_12546,25.0,ALLOW,0,
EVT_12547,10.0,ALLOW,0,
EVT_12548,15.0,ALLOW,0,
EVT_12549,25.0,ALLOW,0,
EVT_12550,15.0,ALLOW,0,
EVT_12551,10.0,ALLOW,0,
EVT_12552,10.0,ALLOW,0,
EVT_12553,15.0,ALLOW,0,
EVT_12554,55.0,CHALLENGE,0,
EVT_12555,10.0,ALLOW,0,
EVT_12556,10.0,ALLOW,0,
EVT_12557,40.0,ALLOW,0,
EVT_12558,25.0,ALLOW,0,
EVT_12559,10.0,ALLOW,0,
EVT_12560,15.0,ALLOW,0,
EVT_12561,15.0,ALLOW,0,
EVT_12562,55.0,CHALLENGE,0,
EVT_12563,30.0,ALLOW,0,
EVT_12564,25.0,ALLOW,0,
EVT_12565,10.0,ALLOW,0,
EVT_12566,40.0,ALLOW,0,
EVT_12567,10.0,ALLOW,0,
EVT_12568,10.0,ALLOW,0,
EVT_12569,25.0,ALLOW,0,
EVT_12570,10.0,ALLOW,0,
EVT_12571,10.0,ALLOW,0,
EVT_12572,50.0,CHALLENGE,0,
EVT_12573,10.0,ALLOW,0,
EVT_12574,10.0,ALLOW,0,
EVT_12575,10.0,ALLOW,0,
EVT_12576,35.0,ALLOW,0,
EVT_12577,40.0,ALLOW,0,
EVT_12578,10.0,ALLOW,0,
EVT_12579,10.0,ALLOW,0,
EVT_12580,25.0,ALLOW,0,
EVT_12581,10.0,ALLOW,0,
EVT_12582,15.0,ALLOW,0,
EVT_12583,25.0,ALLOW,0,
EVT_12584,35.0,ALLOW,0,
EVT_12585,50.0,CHALLENGE,0,
EVT_12586,20.0,ALLOW,0,
EVT_12587,10.0,ALLOW,0,
EVT_12588,10.0,ALLOW,0,
EVT_12589,25.0,ALLOW,0,
EVT_12590,10.0,ALLOW,0,
EVT_12591,10.0,ALLOW,0,
EVT_12592,10.0,ALLOW,0,
EVT_12593,10.0,ALLOW,0,
EVT_12594,15.0,ALLOW,0,
EVT_12595,25.0,ALLOW,0,
EVT_12596,10.0,ALLOW,0,
EVT_12597,10.0,ALLOW,0,
EVT_12598,10.0,ALLOW,0,
EVT_12599,10.0,ALLOW,0,
EVT_12600,10.0,ALLOW,0,
EVT_12601,25.0,ALLOW,0,
EVT_12602,10.0,ALLOW,0,
EVT_12603,10.0,ALLOW,0,
EVT_12604,15.0,ALLOW,0,
EVT_12605,25.0,ALLOW,0,
EVT_12606,25.0,ALLOW,0,
EVT_12607,10.0,ALLOW,0,
EVT_12608,35.0,ALLOW,0,
EVT_12609,10.0,ALLOW,0,
EVT_12610,10.0,ALLOW,0,
EVT_12611,10.0,ALLOW,0,
EVT_12612,10.0,ALLOW,0,
EVT_12613,25.0,ALLOW,0,
EVT_12614,10.0,ALLOW,0,
EVT_12615,10.0,ALLOW,0,
EVT_12616,10.0,ALLOW,0,
EVT_12617,35.0,ALLOW,0,
EVT_12618,10.0,ALLOW,0,
EVT_12619,30.0,ALLOW,0,
EVT_12620,60.0,CHALLENGE,0,
EVT_12621,10.0,ALLOW,0,
EVT_12622,30.0,ALLOW,0,
EVT_12623,25.0,ALLOW,0,
EVT_12624,10.0,ALLOW,0,
EVT_12625,25.0,ALLOW,0,
EVT_12626,25.0,ALLOW,0,
EVT_12627,30.0,ALLOW,0,
EVT_12628,40.0,ALLOW,0,
EVT_12629,10.0,ALLOW,0,
EVT_12630,25.0,ALLOW,0,
EVT_12631,25.0,ALLOW,0,
EVT_12632,10.0,ALLOW,0,
EVT_12633,10.0,ALLOW,0,
EVT_12634,10.0,ALLOW,0,
EVT_12635,50.0,CHALLENGE,0,
EVT_12636,70.0,CHALLENGE,1,New_Device_Sensitive
EVT_12637,25.0,ALLOW,0,
EVT_12638,10.0,ALLOW,0,
EVT_12639,10.0,ALLOW,0,
EVT_12640,15.0,ALLOW,0,
EVT_12641,10.0,ALLOW,0,
EVT_12642,10.0,ALLOW,0,
EVT_12643,10.0,ALLOW,0,
EVT_12644,10.0,ALLOW,0,
EVT_12645,25.0,ALLOW,0,
EVT_12646,10.0,ALLOW,0,
EVT_12647,25.0,ALLOW,0,
EVT_12648,15.0,ALLOW,0,
EVT_12649,10.0,ALLOW,0,
EVT_12650,10.0,ALLOW,0,
EVT_12651,25.0,ALLOW,0,
EVT_12652,25.0,ALLOW,0,
EVT_12653,10.0,ALLOW,0,
EVT_12654,50.0,CHALLENGE,0,
EVT_12655,10.0,ALLOW,0,
EVT_12656,10.0,ALLOW,0,
EVT_12657,10.0,ALLOW,0,
EVT_12658,60.0,CHALLENGE,0,
EVT_12659,10.0,ALLOW,0,
EVT_12660,15.0,ALLOW,0,
EVT_12661,10.0,ALLOW,0,
EVT_12662,10.0,ALLOW,0,
EVT_12663,25.0,ALLOW,0,
EVT_12664,25.0,ALLOW,0,
EVT_12665,25.0,ALLOW,0,
EVT_12666,10.0,ALLOW,0,
EVT_12667,15.0,ALLOW,0,
EVT_12668,10.0,ALLOW,0,
EVT_12669,10.0,ALLOW,0,
EVT_12670,15.0,ALLOW,0,
EVT_12671,70.0,CHALLENGE,1,New_Device_Sensitive
EVT_12672,10.0,ALLOW,0,
EVT_12673,10.0,ALLOW,0,
EVT_12674,10.0,ALLOW,0,
EVT_12675,25.0,ALLOW,0,
EVT_12676,15.0,ALLOW,0,
EVT_12677,25.0,ALLOW,0,
EVT_12678,10.0,ALLOW,0,
EVT_12679,25.0,ALLOW,0,
EVT_12680,10.0,ALLOW,0,
EVT_12681,10.0,ALLOW,0,
EVT_12682,10.0,ALLOW,0,
EVT_12683,70.0,CHALLENGE,0,
EVT_12684,50.0,CHALLENGE,0,
EVT_12685,40.0,ALLOW,0,
EVT_12686,10.0,ALLOW,0,
EVT_12687,25.0,ALLOW,0,
EVT_12688,10.0,ALLOW,0,
EVT_12689,25.0,ALLOW,0,
EVT_12690,10.0,ALLOW,0,
EVT_12691,10.0,ALLOW,0,
EVT_12692,10.0,ALLOW,0,
EVT_12693,10.0,ALLOW,0,
EVT_12694,10.0,ALLOW,0,
EVT_12695,25.0,ALLOW,0,
EVT_12696,10.0,ALLOW,0,
EVT_12697,10.0,ALLOW,0,
EVT_12698,35.0,ALLOW,0,
EVT_12699,10.0,ALLOW,0,
EVT_12700,15.0,ALLOW,0,
EVT_12701,35.0,ALLOW,0,
EVT_12702,45.0,CHALLENGE,0,
EVT_12703,25.0,ALLOW,0,
EVT_12704,45.0,CHALLENGE,0,
EVT_12705,25.0,ALLOW,0,
EVT_12706,25.0,ALLOW,0,
EVT_12707,35.0,ALLOW,0,
EVT_12708,10.0,ALLOW,0,
EVT_12709,10.0,ALLOW,0,
EVT_12710,10.0,ALLOW,0,
EVT_12711,10.0,ALLOW,0,
EVT_12712,10.0,ALLOW,0,
EVT_12713,10.0,ALLOW,0,
EVT_12714,25.0,ALLOW,0,
EVT_12715,10.0,ALLOW,0,
EVT_12716,15.0,ALLOW,0,
EVT_12717,10.0,ALLOW,0,
EVT_12718,25.0,ALLOW,0,
EVT_12719,10.0,ALLOW,0,
EVT_12720,15.0,ALLOW,0,
EVT_12721,50.0,CHALLENGE,0,
EVT_12722,10.0,ALLOW,0,
EVT_12723,25.0,ALLOW,0,
EVT_12724,10.0,ALLOW,0,
EVT_12725,10.0,ALLOW,0,
EVT_12726,10.0,ALLOW,0,
EVT_12727,20.0,ALLOW,0,
EVT_12728,25.0,ALLOW,0,
EVT_12729,60.0,CHALLENGE,0,
EVT_12730,25.0,ALLOW,0,
EVT_12731,10.0,ALLOW,0,
EVT_12732,25.0,ALLOW,0,
EVT_12733,30.0,ALLOW,0,
EVT_12734,10.0,ALLOW,0,
EVT_12735,45.0,CHALLENGE,0,
EVT_12736,10.0,ALLOW,0,
EVT_12737,30.0,ALLOW,0,
EVT_12738,25.0,ALLOW,0,
EVT_12739,25.0,ALLOW,0,
EVT_12740,25.0,ALLOW,0,
EVT_12741,15.0,ALLOW,0,
EVT_12742,15.0,ALLOW,0,
EVT_12743,25.0,ALLOW,0,
EVT_12744,10.0,ALLOW,0,
EVT_12745,15.0,ALLOW,0,
EVT_12746,10.0,ALLOW,0,
EVT_12747,10.0,ALLOW,0,
EVT_12748,25.0,ALLOW,0,
EVT_12749,10.0,ALLOW,0,
EVT_12750,10.0,ALLOW,0,
EVT_12751,15.0,ALLOW,0,
EVT_12752,25.0,ALLOW,0,
EVT_12753,10.0,ALLOW,0,
EVT_12754,25.0,ALLOW,0,
EVT_12755,10.0,ALLOW,0,
EVT_12756,25.0,ALLOW,0,
EVT_12757,15.0,ALLOW,0,
EVT_12758,15.0,ALLOW,0,
EVT_12759,10.0,ALLOW,0,
EVT_12760,10.0,ALLOW,0,
EVT_12761,10.0,ALLOW,0,
EVT_12762,30.0,ALLOW,0,
EVT_12763,10.0,ALLOW,0,
EVT_12764,10.0,ALLOW,0,
EVT_12765,25.0,ALLOW,1,Unusual_Resource_Access
EVT_12766,10.0,ALLOW,0,
EVT_12767,25.0,ALLOW,0,
EVT_12768,35.0,ALLOW,0,
EVT_12769,10.0,ALLOW,0,
EVT_12770,25.0,ALLOW,0,
EVT_12771,10.0,ALLOW,0,
EVT_12772,30.0,ALLOW,0,
EVT_12773,10.0,ALLOW,0,
EVT_12774,10.0,ALLOW,0,
EVT_12775,55.0,CHALLENGE,0,
EVT_12776,20.0,ALLOW,0,
EVT_12777,25.0,ALLOW,1,Unusual_Resource_Access
EVT_12778,55.0,CHALLENGE,0,
EVT_12779,35.0,ALLOW,1,Unusual_Resource_Access
EVT_12780,10.0,ALLOW,0,
EVT_12781,10.0,ALLOW,0,
EVT_12782,25.0,ALLOW,0,
EVT_12783,10.0,ALLOW,0,
EVT_12784,10.0,ALLOW,0,
EVT_12785,45.0,CHALLENGE,1,Impossible_Travel
EVT_12786,10.0,ALLOW,0,
EVT_12787,10.0,ALLOW,0,
EVT_12788,25.0,ALLOW,0,
EVT_12789,15.0,ALLOW,0,
EVT_12790,10.0,ALLOW,0,
EVT_12791,10.0,ALLOW,0,
EVT_12792,30.0,ALLOW,0,
EVT_12793,45.0,CHALLENGE,1,Impossible_Travel
EVT_12794,10.0,ALLOW,0,
EVT_12795,15.0,ALLOW,0,
EVT_12796,10.0,ALLOW,0,
EVT_12797,25.0,ALLOW,0,
EVT_12798,10.0,ALLOW,0,
EVT_12799,15.0,ALLOW,0,
EVT_12800,40.0,ALLOW,0,
EVT_12801,10.0,ALLOW,0,
EVT_12802,10.0,ALLOW,0,
EVT_12803,35.0,ALLOW,1,Unusual_Resource_Access
EVT_12804,10.0,ALLOW,0,
EVT_12805,25.0,ALLOW,0,
EVT_12806,10.0,ALLOW,0,
EVT_12807,10.0,ALLOW,0,
EVT_12808,25.0,ALLOW,0,
EVT_12809,30.0,ALLOW,0,
EVT_12810,10.0,ALLOW,0,
EVT_12811,25.0,ALLOW,0,
EVT_12812,25.0,ALLOW,0,
EVT_12813,15.0,ALLOW,0,
EVT_12814,30.0,ALLOW,0,
EVT_12815,25.0,ALLOW,0,
EVT_12816,15.0,ALLOW,0,
EVT_12817,25.0,ALLOW,0,
EVT_12818,25.0,ALLOW,0,
EVT_12819,10.0,ALLOW,0,
EVT_12820,10.0,ALLOW,0,
EVT_12821,25.0,ALLOW,0,
EVT_12822,25.0,ALLOW,1,Unusual_Resource_Access
EVT_12823,10.0,ALLOW,0,
EVT_12824,25.0,ALLOW,0,
EVT_12825,25.0,ALLOW,0,
EVT_12826,10.0,ALLOW,0,
EVT_12827,10.0,ALLOW,0,
EVT_12828,10.0,ALLOW,0,
EVT_12829,10.0,ALLOW,0,
EVT_12830,15.0,ALLOW,0,
EVT_12831,45.0,CHALLENGE,1,Impossible_Travel
EVT_12832,25.0,ALLOW,0,
EVT_12833,10.0,ALLOW,0,
EVT_12834,10.0,ALLOW,0,
EVT_12835,25.0,ALLOW,0,
EVT_12836,45.0,CHALLENGE,0,
EVT_12837,10.0,ALLOW,0,
EVT_12838,25.0,ALLOW,0,
EVT_12839,25.0,ALLOW,0,
EVT_12840,15.0,ALLOW,0,
EVT_12841,25.0,ALLOW,1,Unusual_Resource_Access
EVT_12842,10.0,ALLOW,0,
EVT_12843,10.0,ALLOW,0,
EVT_12844,10.0,ALLOW,0,
EVT_12845,10.0,ALLOW,0,
EVT_12846,10.0,ALLOW,0,
EVT_12847,25.0,ALLOW,0,
EVT_12848,60.0,CHALLENGE,1,Impossible_Travel
EVT_12849,15.0,ALLOW,0,
EVT_12850,10.0,ALLOW,0,
EVT_12851,35.0,ALLOW,0,
EVT_12852,15.0,ALLOW,0,
EVT_12853,25.0,ALLOW,0,
EVT_12854,10.0,ALLOW,0,
EVT_12855,25.0,ALLOW,0,
EVT_12856,25.0,ALLOW,0,
EVT_12857,30.0,ALLOW,0,
EVT_12858,10.0,ALLOW,0,
EVT_12859,25.0,ALLOW,0,
EVT_12860,10.0,ALLOW,0,
EVT_12861,45.0,CHALLENGE,0,
EVT_12862,25.0,ALLOW,0,
EVT_12863,40.0,ALLOW,0,
EVT_12864,15.0,ALLOW,0,
EVT_12865,30.0,ALLOW,0,
EVT_12866,10.0,ALLOW,0,
EVT_12867,40.0,ALLOW,0,
EVT_12868,55.0,CHALLENGE,0,
EVT_12869,10.0,ALLOW,0,
EVT_12870,35.0,ALLOW,1,Unusual_Resource_Access
EVT_12871,25.0,ALLOW,0,
EVT_12872,15.0,ALLOW,0,
EVT_12873,70.0,CHALLENGE,1,New_Device_Sensitive
EVT_12874,10.0,ALLOW,0,
EVT_12875,15.0,ALLOW,0,
EVT_12876,25.0,ALLOW,0,
EVT_12877,30.0,ALLOW,0,
EVT_12878,25.0,ALLOW,0,
EVT_12879,25.0,ALLOW,0,
EVT_12880,25.0,ALLOW,0,
EVT_12881,10.0,ALLOW,0,
EVT_12882,10.0,ALLOW,0,
EVT_12883,15.0,ALLOW,0,
EVT_12884,10.0,ALLOW,0,
EVT_12885,35.0,ALLOW,0,
EVT_12886,25.0,ALLOW,0,
EVT_12887,10.0,ALLOW,0,
EVT_12888,10.0,ALLOW,0,
EVT_12889,10.0,ALLOW,0,
EVT_12890,10.0,ALLOW,0,
EVT_12891,10.0,ALLOW,0,
EVT_12892,45.0,CHALLENGE,0,
EVT_12893,10.0,ALLOW,0,
EVT_12894,25.0,ALLOW,0,
EVT_12895,10.0,ALLOW,0,
EVT_12896,10.0,ALLOW,0,
EVT_12897,25.0,ALLOW,0,
EVT_12898,10.0,ALLOW,0,
EVT_12899,10.0,ALLOW,0,
EVT_12900,25.0,ALLOW,0,
EVT_12901,10.0,ALLOW,0,
EVT_12902,10.0,ALLOW,0,
EVT_12903,25.0,ALLOW,0,
EVT_12904,10.0,ALLOW,0,
EVT_12905,10.0,ALLOW,0,
EVT_12906,15.0,ALLOW,0,
EVT_12907,15.0,ALLOW,0,
EVT_12908,25.0,ALLOW,0,
EVT_12909,10.0,ALLOW,0,
EVT_12910,10.0,ALLOW,0,
EVT_12911,10.0,ALLOW,0,
EVT_12912,40.0,ALLOW,0,
EVT_12913,10.0,ALLOW,0,
EVT_12914,10.0,ALLOW,0,
EVT_12915,15.0,ALLOW,0,
EVT_12916,10.0,ALLOW,0,
EVT_12917,25.0,ALLOW,0,
EVT_12918,25.0,ALLOW,0,
EVT_12919,10.0,ALLOW,0,
EVT_12920,25.0,ALLOW,0,
EVT_12921,10.0,ALLOW,0,
EVT_12922,25.0,ALLOW,0,
EVT_12923,10.0,ALLOW,0,
EVT_12924,10.0,ALLOW,0,
EVT_12925,25.0,ALLOW,0,
EVT_12926,10.0,ALLOW,0,
EVT_12927,35.0,ALLOW,0,
EVT_12928,10.0,ALLOW,0,
EVT_12929,15.0,ALLOW,0,
EVT_12930,10.0,ALLOW,0,
EVT_12931,10.0,ALLOW,0,
EVT_12932,10.0,ALLOW,0,
EVT_12933,15.0,ALLOW,0,
EVT_12934,10.0,ALLOW,0,
EVT_12935,25.0,ALLOW,0,
EVT_12936,25.0,ALLOW,0,
EVT_12937,45.0,CHALLENGE,0,
EVT_12938,10.0,ALLOW,0,
EVT_12939,25.0,ALLOW,0,
EVT_12940,10.0,ALLOW,0,
EVT_12941,25.0,ALLOW,0,
EVT_12942,10.0,ALLOW,0,
EVT_12943,10.0,ALLOW,0,
EVT_12944,15.0,ALLOW,0,
EVT_12945,10.0,ALLOW,0,
EVT_12946,25.0,ALLOW,0,
EVT_12947,10.0,ALLOW,0,
EVT_12948,25.0,ALLOW,0,
EVT_12949,25.0,ALLOW,0,
EVT_12950,15.0,ALLOW,0,
EVT_12951,25.0,ALLOW,0,
EVT_12952,10.0,ALLOW,0,
EVT_12953,10.0,ALLOW,0,
EVT_12954,10.0,ALLOW,0,
EVT_12955,10.0,ALLOW,0,
EVT_12956,10.0,ALLOW,0,
EVT_12957,10.0,ALLOW,0,
EVT_12958,10.0,ALLOW,0,
EVT_12959,30.0,ALLOW,0,
EVT_12960,10.0,ALLOW,0,
EVT_12961,25.0,ALLOW,0,
EVT_12962,35.0,ALLOW,0,
EVT_12963,25.0,ALLOW,0,
EVT_12964,25.0,ALLOW,0,
EVT_12965,25.0,ALLOW,0,
EVT_12966,15.0,ALLOW,0,
EVT_12967,10.0,ALLOW,0,
EVT_12968,10.0,ALLOW,0,
EVT_12969,25.0,ALLOW,0,
EVT_12970,10.0,ALLOW,0,
EVT_12971,25.0,ALLOW,0,
EVT_12972,25.0,ALLOW,0,
EVT_12973,25.0,ALLOW,0,
EVT_12974,70.0,CHALLENGE,1,Off_Hours_Privileged
EVT_12975,70.0,CHALLENGE,1,Off_Hours_Privileged
EVT_12976,75.0,BLOCK,1,Off_Hours_Privileged
EVT_12977,70.0,CHALLENGE,1,Off_Hours_Privileged
EVT_12978,75.0,BLOCK,1,Off_Hours_Privileged
EVT_12979,75.0,BLOCK,1,Off_Hours_Privileged
EVT_12980,70.0,CHALLENGE,1,Off_Hours_Privileged
EVT_12981,75.0,BLOCK,1,Off_Hours_Privileged
EVT_12982,10.0,ALLOW,0,
EVT_12983,25.0,ALLOW,0,
EVT_12984,30.0,ALLOW,0,
EVT_12985,50.0,CHALLENGE,0,
EVT_12986,25.0,ALLOW,0,
EVT_12987,45.0,CHALLENGE,0,
EVT_12988,45.0,CHALLENGE,0,
EVT_12989,40.0,ALLOW,0,
EVT_12990,20.0,ALLOW,0,
EVT_12991,25.0,ALLOW,0,
EVT_12992,10.0,ALLOW,0,
EVT_12993,25.0,ALLOW,0,
EVT_12994,25.0,ALLOW,0,
EVT_12995,25.0,ALLOW,0,
EVT_12996,25.0,ALLOW,0,
EVT_12997,25.0,ALLOW,0,
EVT_12998,25.0,ALLOW,0,
EVT_12999,25.0,ALLOW,0,
EVT_13000,10.0,ALLOW,0,
EVT_13001,10.0,ALLOW,0,
EVT_13002,35.0,ALLOW,0,
EVT_13003,10.0,ALLOW,0,
EVT_13004,10.0,ALLOW,0,
EVT_13005,45.0,CHALLENGE,0,
EVT_13006,10.0,ALLOW,0,
EVT_13007,10.0,ALLOW,0,
EVT_13008,25.0,ALLOW,0,
EVT_13009,30.0,ALLOW,0,
EVT_13010,10.0,ALLOW,0,
EVT_13011,25.0,ALLOW,0,
EVT_13012,10.0,ALLOW,0,
EVT_13013,45.0,CHALLENGE,0,
EVT_13014,35.0,ALLOW,0,
EVT_13015,30.0,ALLOW,0,
EVT_13016,10.0,ALLOW,0,
EVT_13017,15.0,ALLOW,0,
EVT_13018,25.0,ALLOW,0,
EVT_13019,15.0,ALLOW,0,
EVT_13020,15.0,ALLOW,0,
EVT_13021,10.0,ALLOW,0,
EVT_13022,10.0,ALLOW,0,
EVT_13023,25.0,ALLOW,0,
EVT_13024,15.0,ALLOW,0,
EVT_13025,25.0,ALLOW,0,
EVT_13026,10.0,ALLOW,0,
EVT_13027,10.0,ALLOW,0,
EVT_13028,10.0,ALLOW,0,
EVT_13029,10.0,ALLOW,0,
EVT_13030,10.0,ALLOW,0,
EVT_13031,45.0,CHALLENGE,0,
EVT_13032,10.0,ALLOW,0,
EVT_13033,10.0,ALLOW,0,
EVT_13034,10.0,ALLOW,0,
EVT_13035,40.0,ALLOW,0,
EVT_13036,25.0,ALLOW,0,
EVT_13037,10.0,ALLOW,0,
EVT_13038,10.0,ALLOW,0,
EVT_13039,20.0,ALLOW,0,
EVT_13040,25.0,ALLOW,0,
EVT_13041,10.0,ALLOW,0,
EVT_13042,25.0,ALLOW,0,
EVT_13043,15.0,ALLOW,0,
EVT_13044,25.0,ALLOW,0,
EVT_13045,25.0,ALLOW,0,
EVT_13046,45.0,CHALLENGE,0,
EVT_13047,25.0,ALLOW,0,
EVT_13048,10.0,ALLOW,0,
EVT_13049,10.0,ALLOW,0,
EVT_13050,20.0,ALLOW,0,
EVT_13051,10.0,ALLOW,0,
EVT_13052,25.0,ALLOW,0,
EVT_13053,10.0,ALLOW,0,
EVT_13054,25.0,ALLOW,0,
EVT_13055,25.0,ALLOW,0,
EVT_13056,10.0,ALLOW,0,
EVT_13057,10.0,ALLOW,0,
EVT_13058,40.0,ALLOW,0,
EVT_13059,25.0,ALLOW,0,
EVT_13060,25.0,ALLOW,0,
EVT_13061,10.0,ALLOW,0,
EVT_13062,10.0,ALLOW,0,
EVT_13063,10.0,ALLOW,0,
EVT_13064,10.0,ALLOW,0,
EVT_13065,25.0,ALLOW,0,
EVT_13066,25.0,ALLOW,0,
EVT_13067,10.0,ALLOW,0,
EVT_13068,25.0,ALLOW,0,
EVT_13069,45.0,CHALLENGE,1,Impossible_Travel
EVT_13070,10.0,ALLOW,0,
EVT_13071,10.0,ALLOW,0,
EVT_13072,15.0,ALLOW,0,
EVT_13073,15.0,ALLOW,0,
EVT_13074,15.0,ALLOW,0,
EVT_13075,70.0,CHALLENGE,0,
EVT_13076,10.0,ALLOW,0,
EVT_13077,85.0,BLOCK,1,New_Device_Sensitive
EVT_13078,15.0,ALLOW,0,
EVT_13079,10.0,ALLOW,0,
EVT_13080,45.0,CHALLENGE,0,
EVT_13081,25.0,ALLOW,0,
EVT_13082,70.0,CHALLENGE,1,New_Device_Sensitive
EVT_13083,10.0,ALLOW,0,
EVT_13084,10.0,ALLOW,0,
EVT_13085,25.0,ALLOW,0,
EVT_13086,10.0,ALLOW,0,
EVT_13087,25.0,ALLOW,0,
EVT_13088,10.0,ALLOW,0,
EVT_13089,10.0,ALLOW,0,
EVT_13090,10.0,ALLOW,0,
EVT_13091,10.0,ALLOW,0,
EVT_13092,25.0,ALLOW,0,
EVT_13093,10.0,ALLOW,0,
EVT_13094,10.0,ALLOW,0,
EVT_13095,50.0,CHALLENGE,0,
EVT_13096,30.0,ALLOW,0,
EVT_13097,70.0,CHALLENGE,0,
EVT_13098,30.0,ALLOW,0,
EVT_13099,25.0,ALLOW,0,
EVT_13100,40.0,ALLOW,0,
EVT_13101,25.0,ALLOW,0,
EVT_13102,15.0,ALLOW,0,
EVT_13103,25.0,ALLOW,0,
EVT_13104,10.0,ALLOW,0,
EVT_13105,10.0,ALLOW,0,
EVT_13106,10.0,ALLOW,0,
EVT_13107,45.0,CHALLENGE,1,Impossible_Travel
EVT_13108,10.0,ALLOW,0,
EVT_13109,10.0,ALLOW,0,
EVT_13110,60.0,CHALLENGE,1,Impossible_Travel
EVT_13111,30.0,ALLOW,0,
EVT_13112,55.0,CHALLENGE,0,
EVT_13113,20.0,ALLOW,0,
EVT_13114,25.0,ALLOW,0,
EVT_13115,20.0,ALLOW,0,
EVT_13116,10.0,ALLOW,0,
EVT_13117,35.0,ALLOW,0,
EVT_13118,25.0,ALLOW,0,
EVT_13119,10.0,ALLOW,0,
EVT_13120,10.0,ALLOW,0,
EVT_13121,25.0,ALLOW,0,
EVT_13122,10.0,ALLOW,0,
EVT_13123,10.0,ALLOW,0,
EVT_13124,40.0,ALLOW,0,
EVT_13125,25.0,ALLOW,0,
EVT_13126,10.0,ALLOW,0,
EVT_13127,15.0,ALLOW,0,
EVT_13128,85.0,BLOCK,1,New_Device_Sensitive
EVT_13129,10.0,ALLOW,0,
EVT_13130,25.0,ALLOW,1,Unusual_Resource_Access
EVT_13131,10.0,ALLOW,0,
EVT_13132,10.0,ALLOW,0,
EVT_13133,50.0,CHALLENGE,0,
EVT_13134,15.0,ALLOW,0,
EVT_13135,10.0,ALLOW,0,
EVT_13136,80.0,BLOCK,1,New_Device_Sensitive
EVT_13137,10.0,ALLOW,0,
EVT_13138,15.0,ALLOW,0,
EVT_13139,10.0,ALLOW,0,
EVT_13140,10.0,ALLOW,0,
EVT_13141,15.0,ALLOW,0,
EVT_13142,25.0,ALLOW,0,
EVT_13143,10.0,ALLOW,0,
EVT_13144,50.0,CHALLENGE,0,
EVT_13145,10.0,ALLOW,0,
EVT_13146,10.0,ALLOW,0,
EVT_13147,10.0,ALLOW,0,
EVT_13148,10.0,ALLOW,0,
EVT_13149,10.0,ALLOW,0,
EVT_13150,25.0,ALLOW,0,
EVT_13151,15.0,ALLOW,0,
EVT_13152,10.0,ALLOW,0,
EVT_13153,35.0,ALLOW,1,Unusual_Resource_Access
EVT_13154,25.0,ALLOW,0,
EVT_13155,15.0,ALLOW,0,
EVT_13156,25.0,ALLOW,0,
EVT_13157,20.0,ALLOW,0,
EVT_13158,15.0,ALLOW,0,
EVT_13159,10.0,ALLOW,0,
EVT_13160,15.0,ALLOW,0,
EVT_13161,10.0,ALLOW,0,
EVT_13162,10.0,ALLOW,0,
EVT_13163,10.0,ALLOW,0,
EVT_13164,10.0,ALLOW,0,
EVT_13165,70.0,CHALLENGE,1,New_Device_Sensitive
EVT_13166,25.0,ALLOW,0,
EVT_13167,10.0,ALLOW,0,
EVT_13168,10.0,ALLOW,0,
EVT_13169,10.0,ALLOW,0,
EVT_13170,25.0,ALLOW,0,
EVT_13171,25.0,ALLOW,0,
EVT_13172,10.0,ALLOW,0,
EVT_13173,10.0,ALLOW,0,
EVT_13174,10.0,ALLOW,0,
EVT_13175,10.0,ALLOW,0,
EVT_13176,10.0,ALLOW,0,
EVT_13177,25.0,ALLOW,0,
EVT_13178,30.0,ALLOW,0,
EVT_13179,45.0,CHALLENGE,1,Impossible_Travel
EVT_13180,60.0,CHALLENGE,0,
EVT_13181,25.0,ALLOW,0,
EVT_13182,50.0,CHALLENGE,0,
EVT_13183,30.0,ALLOW,0,
EVT_13184,25.0,ALLOW,0,
EVT_13185,25.0,ALLOW,0,
EVT_13186,25.0,ALLOW,0,
EVT_13187,25.0,ALLOW,0,
EVT_13188,40.0,ALLOW,0,
EVT_13189,10.0,ALLOW,0,
EVT_13190,10.0,ALLOW,0,
EVT_13191,25.0,ALLOW,0,
EVT_13192,25.0,ALLOW,0,
EVT_13193,10.0,ALLOW,0,
EVT_13194,15.0,ALLOW,0,
EVT_13195,10.0,ALLOW,0,
EVT_13196,25.0,ALLOW,0,
EVT_13197,30.0,ALLOW,0,
EVT_13198,30.0,ALLOW,0,
EVT_13199,25.0,ALLOW,0,
EVT_13200,15.0,ALLOW,0,
EVT_13201,10.0,ALLOW,0,
EVT_13202,10.0,ALLOW,0,
EVT_13203,10.0,ALLOW,0,
EVT_13204,10.0,ALLOW,0,
EVT_13205,10.0,ALLOW,0,
EVT_13206,25.0,ALLOW,0,
EVT_13207,10.0,ALLOW,0,
EVT_13208,10.0,ALLOW,0,
EVT_13209,15.0,ALLOW,0,
EVT_13210,10.0,ALLOW,0,
EVT_13211,10.0,ALLOW,0,
EVT_13212,25.0,ALLOW,0,
EVT_13213,15.0,ALLOW,0,
EVT_13214,10.0,ALLOW,0,
EVT_13215,25.0,ALLOW,0,
EVT_13216,10.0,ALLOW,0,
EVT_13217,25.0,ALLOW,0,
EVT_13218,25.0,ALLOW,0,
EVT_13219,15.0,ALLOW,0,
EVT_13220,10.0,ALLOW,0,
EVT_13221,15.0,ALLOW,0,
EVT_13222,10.0,ALLOW,0,
EVT_13223,10.0,ALLOW,0,
EVT_13224,10.0,ALLOW,0,
EVT_13225,25.0,ALLOW,0,
EVT_13226,45.0,CHALLENGE,0,
EVT_13227,15.0,ALLOW,0,
EVT_13228,25.0,ALLOW,0,
EVT_13229,35.0,ALLOW,0,
EVT_13230,10.0,ALLOW,0,
EVT_13231,25.0,ALLOW,0,
EVT_13232,10.0,ALLOW,0,
EVT_13233,25.0,ALLOW,0,
EVT_13234,10.0,ALLOW,0,
EVT_13235,20.0,ALLOW,0,
EVT_13236,25.0,ALLOW,1,Unusual_Resource_Access
EVT_13237,10.0,ALLOW,0,
EVT_13238,45.0,CHALLENGE,0,
EVT_13239,10.0,ALLOW,0,
EVT_13240,10.0,ALLOW,0,
EVT_13241,25.0,ALLOW,0,
EVT_13242,55.0,CHALLENGE,0,
EVT_13243,30.0,ALLOW,0,
EVT_13244,10.0,ALLOW,0,
EVT_13245,15.0,ALLOW,0,
EVT_13246,10.0,ALLOW,0,
EVT_13247,25.0,ALLOW,0,
EVT_13248,10.0,ALLOW,0,
EVT_13249,25.0,ALLOW,0,
EVT_13250,10.0,ALLOW,0,
EVT_13251,25.0,ALLOW,0,
EVT_13252,10.0,ALLOW,0,
EVT_13253,30.0,ALLOW,0,
EVT_13254,25.0,ALLOW,0,
EVT_13255,35.0,ALLOW,0,
EVT_13256,25.0,ALLOW,0,
EVT_13257,25.0,ALLOW,0,
EVT_13258,25.0,ALLOW,0,
EVT_13259,25.0,ALLOW,0,
EVT_13260,10.0,ALLOW,0,
EVT_13261,10.0,ALLOW,0,
EVT_13262,10.0,ALLOW,0,
EVT_13263,15.0,ALLOW,0,
EVT_13264,30.0,ALLOW,0,
EVT_13265,10.0,ALLOW,0,
EVT_13266,10.0,ALLOW,0,
EVT_13267,10.0,ALLOW,0,
EVT_13268,15.0,ALLOW,0,
EVT_13269,25.0,ALLOW,0,
EVT_13270,10.0,ALLOW,0,
EVT_13271,10.0,ALLOW,0,
EVT_13272,30.0,ALLOW,0,
EVT_13273,15.0,ALLOW,0,
EVT_13274,10.0,ALLOW,0,
EVT_13275,15.0,ALLOW,0,
EVT_13276,10.0,ALLOW,0,
EVT_13277,25.0,ALLOW,0,
EVT_13278,10.0,ALLOW,0,
EVT_13279,10.0,ALLOW,0,
EVT_13280,30.0,ALLOW,0,
EVT_13281,30.0,ALLOW,0,
EVT_13282,40.0,ALLOW,0,
EVT_13283,10.0,ALLOW,0,
EVT_13284,10.0,ALLOW,0,
EVT_13285,10.0,ALLOW,0,
EVT_13286,50.0,CHALLENGE,0,
EVT_13287,25.0,ALLOW,0,
EVT_13288,10.0,ALLOW,0,
EVT_13289,10.0,ALLOW,0,
EVT_13290,10.0,ALLOW,0,
EVT_13291,10.0,ALLOW,0,
EVT_13292,10.0,ALLOW,0,
EVT_13293,25.0,ALLOW,0,
EVT_13294,10.0,ALLOW,0,
EVT_13295,15.0,ALLOW,0,
EVT_13296,25.0,ALLOW,0,
EVT_13297,40.0,ALLOW,0,
EVT_13298,25.0,ALLOW,0,
EVT_13299,15.0,ALLOW,0,
EVT_13300,10.0,ALLOW,0,
EVT_13301,25.0,ALLOW,0,
EVT_13302,10.0,ALLOW,0,
EVT_13303,25.0,ALLOW,0,
EVT_13304,45.0,CHALLENGE,0,
EVT_13305,50.0,CHALLENGE,0,
EVT_13306,25.0,ALLOW,0,
EVT_13307,10.0,ALLOW,0,
EVT_13308,10.0,ALLOW,0,
EVT_13309,10.0,ALLOW,0,
EVT_13310,25.0,ALLOW,0,
EVT_13311,30.0,ALLOW,0,
EVT_13312,10.0,ALLOW,0,
EVT_13313,25.0,ALLOW,0,
EVT_13314,35.0,ALLOW,0,
EVT_13315,40.0,ALLOW,0,
EVT_13316,10.0,ALLOW,0,
EVT_13317,50.0,CHALLENGE,0,
EVT_13318,10.0,ALLOW,0,
EVT_13319,10.0,ALLOW,0,
EVT_13320,20.0,ALLOW,0,
EVT_13321,15.0,ALLOW,0,
EVT_13322,10.0,ALLOW,0,
EVT_13323,10.0,ALLOW,0,
EVT_13324,10.0,ALLOW,0,
EVT_13325,25.0,ALLOW,0,
EVT_13326,40.0,ALLOW,0,
EVT_13327,25.0,ALLOW,0,
EVT_13328,10.0,ALLOW,0,
EVT_13329,10.0,ALLOW,0,
EVT_13330,10.0,ALLOW,0,
EVT_13331,10.0,ALLOW,0,
EVT_13332,25.0,ALLOW,0,
EVT_13333,25.0,ALLOW,0,
EVT_13334,10.0,ALLOW,0,
EVT_13335,25.0,ALLOW,0,
EVT_13336,15.0,ALLOW,0,
EVT_13337,40.0,ALLOW,0,
EVT_13338,25.0,ALLOW,0,
EVT_13339,20.0,ALLOW,0,
EVT_13340,10.0,ALLOW,0,
EVT_13341,30.0,ALLOW,0,
EVT_13342,10.0,ALLOW,0,
EVT_13343,25.0,ALLOW,0,
EVT_13344,35.0,ALLOW,0,
EVT_13345,35.0,ALLOW,0,
EVT_13346,10.0,ALLOW,0,
EVT_13347,25.0,ALLOW,0,
EVT_13348,25.0,ALLOW,0,
EVT_13349,10.0,ALLOW,0,
EVT_13350,50.0,CHALLENGE,0,
EVT_13351,25.0,ALLOW,0,
EVT_13352,25.0,ALLOW,0,
EVT_13353,30.0,ALLOW,0,
EVT_13354,30.0,ALLOW,0,
EVT_13355,25.0,ALLOW,0,
EVT_13356,25.0,ALLOW,0,
EVT_13357,10.0,ALLOW,0,
EVT_13358,10.0,ALLOW,0,
EVT_13359,10.0,ALLOW,0,
EVT_13360,15.0,ALLOW,0,
EVT_13361,25.0,ALLOW,0,
EVT_13362,10.0,ALLOW,0,
EVT_13363,10.0,ALLOW,0,
EVT_13364,20.0,ALLOW,0,
EVT_13365,10.0,ALLOW,0,
EVT_13366,10.0,ALLOW,0,
EVT_13367,10.0,ALLOW,0,
EVT_13368,10.0,ALLOW,0,
EVT_13369,15.0,ALLOW,0,
EVT_13370,50.0,CHALLENGE,0,
EVT_13371,10.0,ALLOW,0,
EVT_13372,10.0,ALLOW,0,
EVT_13373,25.0,ALLOW,0,
EVT_13374,10.0,ALLOW,0,
EVT_13375,10.0,ALLOW,0,
EVT_13376,25.0,ALLOW,0,
EVT_13377,10.0,ALLOW,0,
EVT_13378,25.0,ALLOW,0,
EVT_13379,10.0,ALLOW,0,
EVT_13380,10.0,ALLOW,0,
EVT_13381,25.0,ALLOW,0,
EVT_13382,10.0,ALLOW,0,
EVT_13383,25.0,ALLOW,0,
EVT_13384,25.0,ALLOW,0,
EVT_13385,25.0,ALLOW,0,
EVT_13386,10.0,ALLOW,0,
EVT_13387,25.0,ALLOW,1,Unusual_Resource_Access
EVT_13388,15.0,ALLOW,0,
EVT_13389,45.0,CHALLENGE,0,
EVT_13390,10.0,ALLOW,0,
EVT_13391,10.0,ALLOW,0,
EVT_13392,10.0,ALLOW,0,
EVT_13393,10.0,ALLOW,0,
EVT_13394,10.0,ALLOW,0,
EVT_13395,10.0,ALLOW,0,
EVT_13396,40.0,ALLOW,0,
EVT_13397,25.0,ALLOW,0,
EVT_13398,10.0,ALLOW,0,
EVT_13399,25.0,ALLOW,0,
EVT_13400,35.0,ALLOW,0,
EVT_13401,10.0,ALLOW,0,
EVT_13402,30.0,ALLOW,0,
EVT_13403,10.0,ALLOW,0,
EVT_13404,10.0,ALLOW,0,
EVT_13405,10.0,ALLOW,0,
EVT_13406,25.0,ALLOW,0,
EVT_13407,15.0,ALLOW,0,
EVT_13408,10.0,ALLOW,0,
EVT_13409,55.0,CHALLENGE,0,
EVT_13410,10.0,ALLOW,0,
EVT_13411,15.0,ALLOW,0,
EVT_13412,10.0,ALLOW,0,
EVT_13413,40.0,ALLOW,0,
EVT_13414,25.0,ALLOW,0,
EVT_13415,25.0,ALLOW,0,
EVT_13416,25.0,ALLOW,0,
EVT_13417,10.0,ALLOW,0,
EVT_13418,25.0,ALLOW,0,
EVT_13419,30.0,ALLOW,0,
EVT_13420,10.0,ALLOW,0,
EVT_13421,10.0,ALLOW,0,
EVT_13422,10.0,ALLOW,0,
EVT_13423,10.0,ALLOW,0,
EVT_13424,85.0,BLOCK,1,New_Device_Sensitive
EVT_13425,10.0,ALLOW,0,
EVT_13426,35.0,ALLOW,0,
EVT_13427,35.0,ALLOW,1,Unusual_Resource_Access
EVT_13428,10.0,ALLOW,0,
EVT_13429,25.0,ALLOW,0,
EVT_13430,25.0,ALLOW,0,
EVT_13431,25.0,ALLOW,0,
EVT_13432,15.0,ALLOW,0,
EVT_13433,15.0,ALLOW,0,
EVT_13434,10.0,ALLOW,0,
EVT_13435,10.0,ALLOW,0,
EVT_13436,10.0,ALLOW,0,
EVT_13437,10.0,ALLOW,0,
EVT_13438,10.0,ALLOW,0,
EVT_13439,10.0,ALLOW,0,
EVT_13440,10.0,ALLOW,0,
EVT_13441,25.0,ALLOW,0,
EVT_13442,25.0,ALLOW,0,
EVT_13443,15.0,ALLOW,0,
EVT_13444,45.0,CHALLENGE,0,
EVT_13445,10.0,ALLOW,0,
EVT_13446,10.0,ALLOW,0,
EVT_13447,15.0,ALLOW,0,
EVT_13448,10.0,ALLOW,0,
EVT_13449,10.0,ALLOW,0,
EVT_13450,10.0,ALLOW,0,
EVT_13451,30.0,ALLOW,0,
EVT_13452,50.0,CHALLENGE,0,
EVT_13453,10.0,ALLOW,0,
EVT_13454,10.0,ALLOW,0,
EVT_13455,10.0,ALLOW,0,
EVT_13456,25.0,ALLOW,0,
EVT_13457,10.0,ALLOW,0,
EVT_13458,45.0,CHALLENGE,0,
EVT_13459,10.0,ALLOW,0,
EVT_13460,25.0,ALLOW,0,
EVT_13461,15.0,ALLOW,0,
EVT_13462,15.0,ALLOW,0,
EVT_13463,10.0,ALLOW,0,
EVT_13464,10.0,ALLOW,0,
EVT_13465,20.0,ALLOW,0,
EVT_13466,25.0,ALLOW,0,
EVT_13467,10.0,ALLOW,0,
EVT_13468,40.0,ALLOW,0,
EVT_13469,30.0,ALLOW,0,
EVT_13470,45.0,CHALLENGE,0,
EVT_13471,25.0,ALLOW,0,
EVT_13472,55.0,CHALLENGE,0,
EVT_13473,10.0,ALLOW,0,
EVT_13474,35.0,ALLOW,0,
EVT_13475,10.0,ALLOW,0,
EVT_13476,20.0,ALLOW,0,
EVT_13477,10.0,ALLOW,0,
EVT_13478,10.0,ALLOW,0,
EVT_13479,10.0,ALLOW,0,
EVT_13480,25.0,ALLOW,1,Unusual_Resource_Access
EVT_13481,45.0,CHALLENGE,0,
EVT_13482,10.0,ALLOW,0,
EVT_13483,10.0,ALLOW,0,
EVT_13484,15.0,ALLOW,0,
EVT_13485,15.0,ALLOW,0,
EVT_13486,10.0,ALLOW,0,
EVT_13487,10.0,ALLOW,0,
EVT_13488,10.0,ALLOW,0,
EVT_13489,15.0,ALLOW,0,
EVT_13490,15.0,ALLOW,0,
EVT_13491,15.0,ALLOW,0,
EVT_13492,30.0,ALLOW,0,
EVT_13493,10.0,ALLOW,0,
EVT_13494,40.0,ALLOW,0,
EVT_13495,70.0,CHALLENGE,0,
EVT_13496,10.0,ALLOW,0,
EVT_13497,15.0,ALLOW,0,
EVT_13498,25.0,ALLOW,0,
EVT_13499,40.0,ALLOW,0,
EVT_13500,10.0,ALLOW,0,
EVT_13501,35.0,ALLOW,0,
EVT_13502,10.0,ALLOW,0,
EVT_13503,10.0,ALLOW,0,
EVT_13504,10.0,ALLOW,0,
EVT_13505,15.0,ALLOW,0,
EVT_13506,10.0,ALLOW,0,
EVT_13507,25.0,ALLOW,0,
EVT_13508,25.0,ALLOW,0,
EVT_13509,10.0,ALLOW,0,
EVT_13510,25.0,ALLOW,0,
EVT_13511,25.0,ALLOW,0,
EVT_13512,15.0,ALLOW,0,
EVT_13513,10.0,ALLOW,0,
EVT_13514,25.0,ALLOW,0,
EVT_13515,25.0,ALLOW,0,
EVT_13516,45.0,CHALLENGE,0,
EVT_13517,15.0,ALLOW,0,
EVT_13518,25.0,ALLOW,0,
EVT_13519,10.0,ALLOW,0,
EVT_13520,10.0,ALLOW,0,
EVT_13521,60.0,CHALLENGE,1,Impossible_Travel
EVT_13522,10.0,ALLOW,0,
EVT_13523,10.0,ALLOW,0,
EVT_13524,10.0,ALLOW,0,
EVT_13525,10.0,ALLOW,0,
EVT_13526,10.0,ALLOW,0,
EVT_13527,25.0,ALLOW,0,
EVT_13528,25.0,ALLOW,0,
EVT_13529,15.0,ALLOW,0,
EVT_13530,10.0,ALLOW,0,
EVT_13531,10.0,ALLOW,0,
EVT_13532,15.0,ALLOW,0,
EVT_13533,10.0,ALLOW,0,
EVT_13534,15.0,ALLOW,0,
EVT_13535,40.0,ALLOW,0,
EVT_13536,10.0,ALLOW,0,
EVT_13537,10.0,ALLOW,0,
EVT_13538,25.0,ALLOW,0,
EVT_13539,30.0,ALLOW,0,
EVT_13540,10.0,ALLOW,0,
EVT_13541,10.0,ALLOW,0,
EVT_13542,10.0,ALLOW,0,
EVT_13543,50.0,CHALLENGE,0,
EVT_13544,30.0,ALLOW,0,
EVT_13545,10.0,ALLOW,0,
EVT_13546,30.0,ALLOW,0,
EVT_13547,10.0,ALLOW,0,
EVT_13548,10.0,ALLOW,0,
EVT_13549,10.0,ALLOW,0,
EVT_13550,25.0,ALLOW,0,
EVT_13551,10.0,ALLOW,0,
EVT_13552,25.0,ALLOW,0,
EVT_13553,25.0,ALLOW,0,
EVT_13554,10.0,ALLOW,0,
EVT_13555,10.0,ALLOW,0,
EVT_13556,10.0,ALLOW,0,
EVT_13557,25.0,ALLOW,0,
EVT_13558,25.0,ALLOW,0,
EVT_13559,25.0,ALLOW,0,
EVT_13560,10.0,ALLOW,0,
EVT_13561,35.0,ALLOW,0,
EVT_13562,10.0,ALLOW,0,
EVT_13563,15.0,ALLOW,0,
EVT_13564,50.0,CHALLENGE,0,
EVT_13565,40.0,ALLOW,0,
EVT_13566,15.0,ALLOW,0,
EVT_13567,50.0,CHALLENGE,0,
EVT_13568,10.0,ALLOW,0,
EVT_13569,25.0,ALLOW,0,
EVT_13570,40.0,ALLOW,0,
EVT_13571,25.0,ALLOW,0,
EVT_13572,30.0,ALLOW,0,
EVT_13573,10.0,ALLOW,0,
EVT_13574,15.0,ALLOW,0,
EVT_13575,25.0,ALLOW,0,
EVT_13576,45.0,CHALLENGE,1,Impossible_Travel
EVT_13577,10.0,ALLOW,0,
EVT_13578,25.0,ALLOW,0,
EVT_13579,45.0,CHALLENGE,1,Impossible_Travel
EVT_13580,30.0,ALLOW,0,
EVT_13581,10.0,ALLOW,0,
EVT_13582,15.0,ALLOW,0,
EVT_13583,10.0,ALLOW,0,
EVT_13584,45.0,CHALLENGE,1,Impossible_Travel
EVT_13585,30.0,ALLOW,0,
EVT_13586,10.0,ALLOW,0,
EVT_13587,30.0,ALLOW,0,
EVT_13588,25.0,ALLOW,0,
EVT_13589,15.0,ALLOW,0,
EVT_13590,10.0,ALLOW,0,
EVT_13591,10.0,ALLOW,0,
EVT_13592,60.0,CHALLENGE,1,Impossible_Travel
EVT_13593,40.0,ALLOW,0,
EVT_13594,25.0,ALLOW,0,
EVT_13595,10.0,ALLOW,0,
EVT_13596,60.0,CHALLENGE,1,Impossible_Travel
EVT_13597,10.0,ALLOW,0,
EVT_13598,10.0,ALLOW,0,
EVT_13599,10.0,ALLOW,0,
EVT_13600,25.0,ALLOW,0,
EVT_13601,25.0,ALLOW,0,
EVT_13602,10.0,ALLOW,0,
EVT_13603,10.0,ALLOW,0,
EVT_13604,40.0,ALLOW,0,
EVT_13605,35.0,ALLOW,0,
EVT_13606,25.0,ALLOW,0,
EVT_13607,10.0,ALLOW,0,
EVT_13608,10.0,ALLOW,0,
EVT_13609,10.0,ALLOW,0,
EVT_13610,25.0,ALLOW,0,
EVT_13611,10.0,ALLOW,0,
EVT_13612,15.0,ALLOW,0,
EVT_13613,10.0,ALLOW,0,
EVT_13614,25.0,ALLOW,0,
EVT_13615,10.0,ALLOW,0,
EVT_13616,10.0,ALLOW,0,
EVT_13617,10.0,ALLOW,0,
EVT_13618,10.0,ALLOW,0,
EVT_13619,45.0,CHALLENGE,0,
EVT_13620,10.0,ALLOW,0,
EVT_13621,10.0,ALLOW,0,
EVT_13622,15.0,ALLOW,0,
EVT_13623,45.0,CHALLENGE,1,Impossible_Travel
EVT_13624,25.0,ALLOW,0,
EVT_13625,30.0,ALLOW,0,
EVT_13626,10.0,ALLOW,0,
EVT_13627,25.0,ALLOW,0,
EVT_13628,25.0,ALLOW,0,
EVT_13629,10.0,ALLOW,0,
EVT_13630,10.0,ALLOW,0,
EVT_13631,45.0,CHALLENGE,1,Impossible_Travel
EVT_13632,25.0,ALLOW,0,
EVT_13633,30.0,ALLOW,0,
EVT_13634,10.0,ALLOW,0,
EVT_13635,25.0,ALLOW,0,
EVT_13636,15.0,ALLOW,0,
EVT_13637,10.0,ALLOW,0,
EVT_13638,65.0,CHALLENGE,0,
EVT_13639,25.0,ALLOW,0,
EVT_13640,25.0,ALLOW,0,
EVT_13641,10.0,ALLOW,0,
EVT_13642,10.0,ALLOW,0,
EVT_13643,25.0,ALLOW,0,
EVT_13644,25.0,ALLOW,0,
EVT_13645,25.0,ALLOW,0,
EVT_13646,25.0,ALLOW,0,
EVT_13647,10.0,ALLOW,0,
EVT_13648,25.0,ALLOW,0,
EVT_13649,10.0,ALLOW,0,
EVT_13650,40.0,ALLOW,0,
EVT_13651,25.0,ALLOW,0,
EVT_13652,10.0,ALLOW,0,
EVT_13653,30.0,ALLOW,0,
EVT_13654,10.0,ALLOW,0,
EVT_13655,25.0,ALLOW,0,
EVT_13656,25.0,ALLOW,0,
EVT_13657,10.0,ALLOW,0,
EVT_13658,25.0,ALLOW,0,
EVT_13659,15.0,ALLOW,0,
EVT_13660,10.0,ALLOW,0,
EVT_13661,10.0,ALLOW,0,
EVT_13662,10.0,ALLOW,0,
EVT_13663,25.0,ALLOW,0,
EVT_13664,25.0,ALLOW,0,
EVT_13665,10.0,ALLOW,0,
EVT_13666,10.0,ALLOW,0,
EVT_13667,15.0,ALLOW,0,
EVT_13668,15.0,ALLOW,0,
EVT_13669,30.0,ALLOW,0,
EVT_13670,25.0,ALLOW,0,
EVT_13671,40.0,ALLOW,0,
EVT_13672,15.0,ALLOW,0,
EVT_13673,10.0,ALLOW,0,
EVT_13674,10.0,ALLOW,0,
EVT_13675,15.0,ALLOW,0,
EVT_13676,10.0,ALLOW,0,
EVT_13677,10.0,ALLOW,0,
EVT_13678,25.0,ALLOW,0,
EVT_13679,85.0,BLOCK,1,New_Device_Sensitive
EVT_13680,15.0,ALLOW,0,
EVT_13681,25.0,ALLOW,0,
EVT_13682,10.0,ALLOW,0,
EVT_13683,10.0,ALLOW,0,
EVT_13684,25.0,ALLOW,0,
EVT_13685,35.0,ALLOW,0,
EVT_13686,25.0,ALLOW,0,
EVT_13687,25.0,ALLOW,0,
EVT_13688,10.0,ALLOW,0,
EVT_13689,35.0,ALLOW,0,
EVT_13690,10.0,ALLOW,0,
EVT_13691,10.0,ALLOW,0,
EVT_13692,10.0,ALLOW,0,
EVT_13693,10.0,ALLOW,0,
EVT_13694,10.0,ALLOW,0,
EVT_13695,20.0,ALLOW,0,
EVT_13696,10.0,ALLOW,0,
EVT_13697,40.0,ALLOW,0,
EVT_13698,25.0,ALLOW,0,
EVT_13699,25.0,ALLOW,0,
EVT_13700,25.0,ALLOW,0,
EVT_13701,10.0,ALLOW,0,
EVT_13702,30.0,ALLOW,0,
EVT_13703,25.0,ALLOW,0,
EVT_13704,30.0,ALLOW,0,
EVT_13705,10.0,ALLOW,0,
EVT_13706,10.0,ALLOW,0,
EVT_13707,45.0,CHALLENGE,0,
EVT_13708,10.0,ALLOW,0,
EVT_13709,10.0,ALLOW,0,
EVT_13710,10.0,ALLOW,0,
EVT_13711,10.0,ALLOW,0,
EVT_13712,25.0,ALLOW,0,
EVT_13713,10.0,ALLOW,0,
EVT_13714,40.0,ALLOW,0,
EVT_13715,35.0,ALLOW,0,
EVT_13716,10.0,ALLOW,0,
EVT_13717,50.0,CHALLENGE,0,
EVT_13718,10.0,ALLOW,0,
EVT_13719,15.0,ALLOW,0,
EVT_13720,10.0,ALLOW,0,
EVT_13721,25.0,ALLOW,0,
EVT_13722,20.0,ALLOW,0,
EVT_13723,25.0,ALLOW,0,
EVT_13724,25.0,ALLOW,0,
EVT_13725,25.0,ALLOW,0,
EVT_13726,10.0,ALLOW,0,
EVT_13727,10.0,ALLOW,0,
EVT_13728,35.0,ALLOW,0,
EVT_13729,40.0,ALLOW,0,
EVT_13730,10.0,ALLOW,0,
EVT_13731,10.0,ALLOW,0,
EVT_13732,50.0,CHALLENGE,0,
EVT_13733,25.0,ALLOW,0,
EVT_13734,35.0,ALLOW,0,
EVT_13735,10.0,ALLOW,0,
EVT_13736,15.0,ALLOW,0,
EVT_13737,25.0,ALLOW,0,
EVT_13738,10.0,ALLOW,0,
EVT_13739,15.0,ALLOW,0,
EVT_13740,30.0,ALLOW,0,
EVT_13741,40.0,ALLOW,0,
EVT_13742,45.0,CHALLENGE,1,Impossible_Travel
EVT_13743,25.0,ALLOW,0,
EVT_13744,10.0,ALLOW,0,
EVT_13745,10.0,ALLOW,0,
EVT_13746,35.0,ALLOW,0,
EVT_13747,10.0,ALLOW,0,
EVT_13748,25.0,ALLOW,0,
EVT_13749,10.0,ALLOW,0,
EVT_13750,25.0,ALLOW,0,
EVT_13751,10.0,ALLOW,0,
EVT_13752,10.0,ALLOW,0,
EVT_13753,15.0,ALLOW,0,
EVT_13754,30.0,ALLOW,0,
EVT_13755,40.0,ALLOW,0,
EVT_13756,10.0,ALLOW,0,
EVT_13757,10.0,ALLOW,0,
EVT_13758,15.0,ALLOW,0,
EVT_13759,15.0,ALLOW,0,
EVT_13760,40.0,ALLOW,0,
EVT_13761,25.0,ALLOW,0,
EVT_13762,10.0,ALLOW,0,
EVT_13763,25.0,ALLOW,0,
EVT_13764,10.0,ALLOW,0,
EVT_13765,30.0,ALLOW,0,
EVT_13766,10.0,ALLOW,0,
EVT_13767,25.0,ALLOW,0,
EVT_13768,10.0,ALLOW,0,
EVT_13769,15.0,ALLOW,0,
EVT_13770,10.0,ALLOW,0,
EVT_13771,25.0,ALLOW,0,
EVT_13772,10.0,ALLOW,0,
EVT_13773,10.0,ALLOW,0,
EVT_13774,10.0,ALLOW,0,
EVT_13775,25.0,ALLOW,0,
EVT_13776,10.0,ALLOW,0,
EVT_13777,35.0,ALLOW,1,Unusual_Resource_Access
EVT_13778,10.0,ALLOW,0,
EVT_13779,20.0,ALLOW,0,
EVT_13780,25.0,ALLOW,0,
EVT_13781,60.0,CHALLENGE,0,
EVT_13782,10.0,ALLOW,0,
EVT_13783,65.0,CHALLENGE,0,
EVT_13784,10.0,ALLOW,0,
EVT_13785,10.0,ALLOW,0,
EVT_13786,25.0,ALLOW,0,
EVT_13787,15.0,ALLOW,0,
EVT_13788,25.0,ALLOW,0,
EVT_13789,15.0,ALLOW,0,
EVT_13790,10.0,ALLOW,0,
EVT_13791,15.0,ALLOW,0,
EVT_13792,10.0,ALLOW,0,
EVT_13793,30.0,ALLOW,0,
EVT_13794,25.0,ALLOW,0,
EVT_13795,10.0,ALLOW,0,
EVT_13796,10.0,ALLOW,0,
EVT_13797,40.0,ALLOW,0,
EVT_13798,30.0,ALLOW,0,
EVT_13799,25.0,ALLOW,1,Unusual_Resource_Access
EVT_13800,10.0,ALLOW,0,
EVT_13801,25.0,ALLOW,0,
EVT_13802,10.0,ALLOW,0,
EVT_13803,50.0,CHALLENGE,0,
EVT_13804,30.0,ALLOW,0,
EVT_13805,15.0,ALLOW,0,
EVT_13806,25.0,ALLOW,0,
EVT_13807,25.0,ALLOW,0,
EVT_13808,15.0,ALLOW,0,
EVT_13809,20.0,ALLOW,0,
EVT_13810,10.0,ALLOW,0,
EVT_13811,70.0,CHALLENGE,1,New_Device_Sensitive
EVT_13812,10.0,ALLOW,0,
EVT_13813,30.0,ALLOW,0,
EVT_13814,10.0,ALLOW,0,
EVT_13815,10.0,ALLOW,0,
EVT_13816,15.0,ALLOW,0,
EVT_13817,10.0,ALLOW,0,
EVT_13818,25.0,ALLOW,0,
EVT_13819,10.0,ALLOW,0,
EVT_13820,70.0,CHALLENGE,0,
EVT_13821,10.0,ALLOW,0,
EVT_13822,25.0,ALLOW,0,
EVT_13823,40.0,ALLOW,0,
EVT_13824,10.0,ALLOW,0,
EVT_13825,10.0,ALLOW,0,
EVT_13826,25.0,ALLOW,0,
EVT_13827,10.0,ALLOW,0,
EVT_13828,15.0,ALLOW,0,
EVT_13829,45.0,CHALLENGE,1,Impossible_Travel
EVT_13830,40.0,ALLOW,0,
EVT_13831,25.0,ALLOW,0,
EVT_13832,10.0,ALLOW,0,
EVT_13833,10.0,ALLOW,0,
EVT_13834,10.0,ALLOW,0,
EVT_13835,10.0,ALLOW,0,
EVT_13836,25.0,ALLOW,0,
EVT_13837,50.0,CHALLENGE,0,
EVT_13838,40.0,ALLOW,0,
EVT_13839,10.0,ALLOW,1,Bulk_Data_Spike
EVT_13840,10.0,ALLOW,1,Bulk_Data_Spike
EVT_13841,10.0,ALLOW,1,Bulk_Data_Spike
EVT_13842,10.0,ALLOW,1,Bulk_Data_Spike
EVT_13843,10.0,ALLOW,1,Bulk_Data_Spike
EVT_13844,10.0,ALLOW,1,Bulk_Data_Spike
EVT_13845,10.0,ALLOW,1,Bulk_Data_Spike
EVT_13846,10.0,ALLOW,1,Bulk_Data_Spike
EVT_13847,10.0,ALLOW,1,Bulk_Data_Spike
EVT_13848,10.0,ALLOW,1,Bulk_Data_Spike
EVT_13849,10.0,ALLOW,1,Bulk_Data_Spike
EVT_13850,10.0,ALLOW,1,Bulk_Data_Spike
EVT_13851,10.0,ALLOW,1,Bulk_Data_Spike
EVT_13852,10.0,ALLOW,1,Bulk_Data_Spike
EVT_13853,10.0,ALLOW,1,Bulk_Data_Spike
EVT_13854,10.0,ALLOW,1,Bulk_Data_Spike
EVT_13855,10.0,ALLOW,0,
EVT_13856,10.0,ALLOW,1,Bulk_Data_Spike
EVT_13857,10.0,ALLOW,1,Bulk_Data_Spike
EVT_13858,10.0,ALLOW,1,Bulk_Data_Spike
EVT_13859,10.0,ALLOW,1,Bulk_Data_Spike
EVT_13860,10.0,ALLOW,1,Bulk_Data_Spike
EVT_13861,10.0,ALLOW,1,Bulk_Data_Spike
EVT_13862,10.0,ALLOW,1,Bulk_Data_Spike
EVT_13863,10.0,ALLOW,1,Bulk_Data_Spike
EVT_13864,10.0,ALLOW,1,Bulk_Data_Spike
EVT_13865,10.0,ALLOW,0,
EVT_13866,10.0,ALLOW,0,
EVT_13867,10.0,ALLOW,0,
EVT_13868,10.0,ALLOW,0,
EVT_13869,10.0,ALLOW,0,
EVT_13870,25.0,ALLOW,0,
EVT_13871,10.0,ALLOW,0,
EVT_13872,30.0,ALLOW,0,
EVT_13873,10.0,ALLOW,0,
EVT_13874,25.0,ALLOW,1,Unusual_Resource_Access
EVT_13875,30.0,ALLOW,0,
EVT_13876,10.0,ALLOW,0,
EVT_13877,25.0,ALLOW,0,
EVT_13878,25.0,ALLOW,0,
EVT_13879,10.0,ALLOW,0,
EVT_13880,15.0,ALLOW,0,
EVT_13881,25.0,ALLOW,0,
EVT_13882,25.0,ALLOW,0,
EVT_13883,10.0,ALLOW,0,
EVT_13884,10.0,ALLOW,0,
EVT_13885,40.0,ALLOW,0,
EVT_13886,25.0,ALLOW,1,Unusual_Resource_Access
EVT_13887,10.0,ALLOW,0,
EVT_13888,10.0,ALLOW,0,
EVT_13889,70.0,CHALLENGE,1,Privilege_Escalation
EVT_13890,70.0,CHALLENGE,1,Privilege_Escalation
EVT_13891,70.0,CHALLENGE,1,Privilege_Escalation
EVT_13892,70.0,CHALLENGE,1,Privilege_Escalation
EVT_13893,70.0,CHALLENGE,1,Privilege_Escalation
EVT_13894,60.0,CHALLENGE,1,Privilege_Escalation
EVT_13895,10.0,ALLOW,0,
EVT_13896,30.0,ALLOW,0,
EVT_13897,10.0,ALLOW,0,
EVT_13898,25.0,ALLOW,0,
EVT_13899,10.0,ALLOW,0,
EVT_13900,25.0,ALLOW,0,
EVT_13901,80.0,BLOCK,1,Privilege_Escalation
EVT_13902,80.0,BLOCK,1,Privilege_Escalation
EVT_13903,80.0,BLOCK,1,Privilege_Escalation
EVT_13904,80.0,BLOCK,1,Privilege_Escalation
EVT_13905,80.0,BLOCK,1,Privilege_Escalation
EVT_13906,70.0,CHALLENGE,1,Privilege_Escalation
EVT_13907,10.0,ALLOW,0,
EVT_13908,40.0,ALLOW,0,
EVT_13909,30.0,ALLOW,0,
EVT_13910,10.0,ALLOW,0,
EVT_13911,10.0,ALLOW,0,
EVT_13912,15.0,ALLOW,0,
EVT_13913,10.0,ALLOW,0,
EVT_13914,25.0,ALLOW,0,
EVT_13915,35.0,ALLOW,1,Unusual_Resource_Access
EVT_13916,10.0,ALLOW,0,
EVT_13917,10.0,ALLOW,0,
EVT_13918,10.0,ALLOW,0,
EVT_13919,15.0,ALLOW,0,
EVT_13920,25.0,ALLOW,0,
EVT_13921,45.0,CHALLENGE,0,
EVT_13922,25.0,ALLOW,0,
EVT_13923,10.0,ALLOW,0,
EVT_13924,10.0,ALLOW,0,
EVT_13925,15.0,ALLOW,0,
EVT_13926,30.0,ALLOW,0,
EVT_13927,40.0,ALLOW,0,
EVT_13928,15.0,ALLOW,0,
EVT_13929,10.0,ALLOW,0,
EVT_13930,10.0,ALLOW,0,
EVT_13931,10.0,ALLOW,0,
EVT_13932,10.0,ALLOW,0,
EVT_13933,35.0,ALLOW,0,
EVT_13934,25.0,ALLOW,0,
EVT_13935,10.0,ALLOW,0,
EVT_13936,15.0,ALLOW,0,
EVT_13937,10.0,ALLOW,0,
EVT_13938,30.0,ALLOW,0,
EVT_13939,15.0,ALLOW,0,
EVT_13940,10.0,ALLOW,0,
EVT_13941,10.0,ALLOW,0,
EVT_13942,10.0,ALLOW,0,
EVT_13943,30.0,ALLOW,0,
EVT_13944,25.0,ALLOW,0,
EVT_13945,25.0,ALLOW,0,
EVT_13946,40.0,ALLOW,0,
EVT_13947,25.0,ALLOW,0,
EVT_13948,25.0,ALLOW,0,
EVT_13949,10.0,ALLOW,0,
EVT_13950,50.0,CHALLENGE,0,
EVT_13951,10.0,ALLOW,0,
EVT_13952,25.0,ALLOW,0,
EVT_13953,10.0,ALLOW,0,
EVT_13954,40.0,ALLOW,0,
EVT_13955,25.0,ALLOW,0,
EVT_13956,25.0,ALLOW,0,
EVT_13957,10.0,ALLOW,0,
EVT_13958,45.0,CHALLENGE,0,
EVT_13959,10.0,ALLOW,0,
EVT_13960,10.0,ALLOW,0,
EVT_13961,15.0,ALLOW,0,
EVT_13962,10.0,ALLOW,0,
EVT_13963,15.0,ALLOW,0,
EVT_13964,25.0,ALLOW,0,
EVT_13965,25.0,ALLOW,0,
EVT_13966,25.0,ALLOW,0,
EVT_13967,25.0,ALLOW,0,
EVT_13968,40.0,ALLOW,0,
EVT_13969,15.0,ALLOW,0,
EVT_13970,25.0,ALLOW,0,
EVT_13971,10.0,ALLOW,0,
EVT_13972,25.0,ALLOW,0,
EVT_13973,10.0,ALLOW,0,
EVT_13974,10.0,ALLOW,0,
EVT_13975,10.0,ALLOW,0,
EVT_13976,10.0,ALLOW,0,
EVT_13977,45.0,CHALLENGE,0,
EVT_13978,20.0,ALLOW,0,
EVT_13979,10.0,ALLOW,0,
EVT_13980,25.0,ALLOW,0,
EVT_13981,15.0,ALLOW,0,
EVT_13982,10.0,ALLOW,0,
EVT_13983,10.0,ALLOW,0,
EVT_13984,10.0,ALLOW,0,
EVT_13985,15.0,ALLOW,0,
EVT_13986,25.0,ALLOW,0,
EVT_13987,30.0,ALLOW,0,
EVT_13988,30.0,ALLOW,0,
EVT_13989,10.0,ALLOW,0,
EVT_13990,10.0,ALLOW,0,
EVT_13991,15.0,ALLOW,0,
EVT_13992,25.0,ALLOW,0,
EVT_13993,10.0,ALLOW,0,
EVT_13994,10.0,ALLOW,0,
EVT_13995,35.0,ALLOW,0,
EVT_13996,45.0,CHALLENGE,0,
EVT_13997,30.0,ALLOW,0,
EVT_13998,75.0,BLOCK,1,Off_Hours_Privileged
EVT_13999,70.0,CHALLENGE,1,Off_Hours_Privileged
EVT_14000,75.0,BLOCK,1,Off_Hours_Privileged
EVT_14001,70.0,CHALLENGE,1,Off_Hours_Privileged
EVT_14002,70.0,CHALLENGE,1,Off_Hours_Privileged
EVT_14003,75.0,BLOCK,1,Off_Hours_Privileged
EVT_14004,70.0,CHALLENGE,1,Off_Hours_Privileged
EVT_14005,75.0,BLOCK,1,Off_Hours_Privileged
EVT_14006,75.0,BLOCK,1,Off_Hours_Privileged
EVT_14007,70.0,CHALLENGE,1,Off_Hours_Privileged
EVT_14008,70.0,CHALLENGE,1,Off_Hours_Privileged
EVT_14009,75.0,BLOCK,1,Off_Hours_Privileged
EVT_14010,25.0,ALLOW,0,
EVT_14011,10.0,ALLOW,0,
EVT_14012,10.0,ALLOW,0,
EVT_14013,15.0,ALLOW,0,
EVT_14014,25.0,ALLOW,0,
EVT_14015,25.0,ALLOW,0,
EVT_14016,10.0,ALLOW,0,
EVT_14017,25.0,ALLOW,0,
EVT_14018,10.0,ALLOW,0,
EVT_14019,10.0,ALLOW,0,
EVT_14020,10.0,ALLOW,0,
EVT_14021,10.0,ALLOW,0,
EVT_14022,25.0,ALLOW,0,
EVT_14023,45.0,CHALLENGE,0,
EVT_14024,10.0,ALLOW,0,
EVT_14025,30.0,ALLOW,0,
EVT_14026,10.0,ALLOW,0,
EVT_14027,25.0,ALLOW,0,
EVT_14028,25.0,ALLOW,0,
EVT_14029,25.0,ALLOW,0,
EVT_14030,10.0,ALLOW,0,
EVT_14031,10.0,ALLOW,0,
EVT_14032,25.0,ALLOW,0,
EVT_14033,10.0,ALLOW,0,
EVT_14034,25.0,ALLOW,0,
EVT_14035,25.0,ALLOW,0,
EVT_14036,15.0,ALLOW,0,
EVT_14037,35.0,ALLOW,0,
EVT_14038,10.0,ALLOW,0,
EVT_14039,10.0,ALLOW,0,
EVT_14040,10.0,ALLOW,0,
EVT_14041,25.0,ALLOW,0,
EVT_14042,25.0,ALLOW,0,
EVT_14043,10.0,ALLOW,0,
EVT_14044,35.0,ALLOW,0,
EVT_14045,10.0,ALLOW,0,
EVT_14046,15.0,ALLOW,0,
EVT_14047,35.0,ALLOW,0,
EVT_14048,10.0,ALLOW,0,
EVT_14049,40.0,ALLOW,0,
EVT_14050,10.0,ALLOW,0,
EVT_14051,25.0,ALLOW,0,
EVT_14052,25.0,ALLOW,0,
EVT_14053,10.0,ALLOW,0,
EVT_14054,10.0,ALLOW,0,
EVT_14055,45.0,CHALLENGE,0,
EVT_14056,10.0,ALLOW,0,
EVT_14057,25.0,ALLOW,0,
EVT_14058,10.0,ALLOW,0,
EVT_14059,35.0,ALLOW,0,
EVT_14060,25.0,ALLOW,0,
EVT_14061,25.0,ALLOW,0,
EVT_14062,10.0,ALLOW,0,
EVT_14063,25.0,ALLOW,0,
EVT_14064,25.0,ALLOW,0,
EVT_14065,10.0,ALLOW,0,
EVT_14066,25.0,ALLOW,0,
EVT_14067,35.0,ALLOW,0,
EVT_14068,15.0,ALLOW,0,
EVT_14069,45.0,CHALLENGE,0,
EVT_14070,25.0,ALLOW,0,
EVT_14071,10.0,ALLOW,0,
EVT_14072,10.0,ALLOW,0,
EVT_14073,10.0,ALLOW,0,
EVT_14074,30.0,ALLOW,0,
EVT_14075,10.0,ALLOW,0,
EVT_14076,10.0,ALLOW,0,
EVT_14077,10.0,ALLOW,0,
EVT_14078,15.0,ALLOW,0,
EVT_14079,15.0,ALLOW,0,
EVT_14080,10.0,ALLOW,0,
EVT_14081,15.0,ALLOW,0,
EVT_14082,10.0,ALLOW,0,
EVT_14083,25.0,ALLOW,0,
EVT_14084,30.0,ALLOW,0,
EVT_14085,25.0,ALLOW,0,
EVT_14086,40.0,ALLOW,0,
EVT_14087,25.0,ALLOW,0,
EVT_14088,10.0,ALLOW,0,
EVT_14089,25.0,ALLOW,0,
EVT_14090,20.0,ALLOW,0,
EVT_14091,15.0,ALLOW,0,
EVT_14092,10.0,ALLOW,0,
EVT_14093,15.0,ALLOW,0,
EVT_14094,10.0,ALLOW,0,
EVT_14095,25.0,ALLOW,0,
EVT_14096,10.0,ALLOW,0,
EVT_14097,35.0,ALLOW,0,
EVT_14098,25.0,ALLOW,0,
EVT_14099,25.0,ALLOW,0,
EVT_14100,10.0,ALLOW,0,
EVT_14101,10.0,ALLOW,0,
EVT_14102,25.0,ALLOW,0,
EVT_14103,10.0,ALLOW,0,
EVT_14104,25.0,ALLOW,0,
EVT_14105,30.0,ALLOW,0,
EVT_14106,25.0,ALLOW,0,
EVT_14107,10.0,ALLOW,0,
EVT_14108,10.0,ALLOW,0,
EVT_14109,30.0,ALLOW,0,
EVT_14110,25.0,ALLOW,0,
EVT_14111,35.0,ALLOW,1,Unusual_Resource_Access
EVT_14112,25.0,ALLOW,0,
EVT_14113,10.0,ALLOW,0,
EVT_14114,10.0,ALLOW,0,
EVT_14115,10.0,ALLOW,0,
EVT_14116,10.0,ALLOW,0,
EVT_14117,10.0,ALLOW,0,
EVT_14118,25.0,ALLOW,0,
EVT_14119,25.0,ALLOW,0,
EVT_14120,35.0,ALLOW,1,Unusual_Resource_Access
EVT_14121,10.0,ALLOW,0,
EVT_14122,45.0,CHALLENGE,0,
EVT_14123,10.0,ALLOW,0,
EVT_14124,40.0,ALLOW,0,
EVT_14125,40.0,ALLOW,0,
EVT_14126,10.0,ALLOW,0,
EVT_14127,10.0,ALLOW,0,
EVT_14128,10.0,ALLOW,0,
EVT_14129,10.0,ALLOW,0,
EVT_14130,40.0,ALLOW,0,
EVT_14131,25.0,ALLOW,0,
EVT_14132,35.0,ALLOW,1,Unusual_Resource_Access
EVT_14133,15.0,ALLOW,0,
EVT_14134,10.0,ALLOW,0,
EVT_14135,10.0,ALLOW,0,
EVT_14136,10.0,ALLOW,0,
EVT_14137,15.0,ALLOW,0,
EVT_14138,25.0,ALLOW,0,
EVT_14139,15.0,ALLOW,0,
EVT_14140,10.0,ALLOW,0,
EVT_14141,10.0,ALLOW,0,
EVT_14142,10.0,ALLOW,0,
EVT_14143,25.0,ALLOW,0,
EVT_14144,20.0,ALLOW,0,
EVT_14145,10.0,ALLOW,0,
EVT_14146,10.0,ALLOW,0,
EVT_14147,10.0,ALLOW,0,
EVT_14148,25.0,ALLOW,0,
EVT_14149,25.0,ALLOW,0,
EVT_14150,25.0,ALLOW,0,
EVT_14151,10.0,ALLOW,0,
EVT_14152,85.0,BLOCK,1,New_Device_Sensitive
EVT_14153,10.0,ALLOW,0,
EVT_14154,25.0,ALLOW,0,
EVT_14155,15.0,ALLOW,0,
EVT_14156,10.0,ALLOW,0,
EVT_14157,25.0,ALLOW,0,
EVT_14158,10.0,ALLOW,0,
EVT_14159,10.0,ALLOW,0,
EVT_14160,25.0,ALLOW,0,
EVT_14161,20.0,ALLOW,0,
EVT_14162,10.0,ALLOW,0,
EVT_14163,10.0,ALLOW,0,
EVT_14164,25.0,ALLOW,0,
EVT_14165,10.0,ALLOW,0,
EVT_14166,15.0,ALLOW,0,
EVT_14167,30.0,ALLOW,0,
EVT_14168,15.0,ALLOW,0,
EVT_14169,25.0,ALLOW,0,
EVT_14170,10.0,ALLOW,0,
EVT_14171,10.0,ALLOW,0,
EVT_14172,25.0,ALLOW,0,
EVT_14173,25.0,ALLOW,0,
EVT_14174,15.0,ALLOW,0,
EVT_14175,15.0,ALLOW,0,
EVT_14176,25.0,ALLOW,1,Unusual_Resource_Access
EVT_14177,10.0,ALLOW,0,
EVT_14178,25.0,ALLOW,0,
EVT_14179,10.0,ALLOW,0,
EVT_14180,25.0,ALLOW,0,
EVT_14181,15.0,ALLOW,0,
EVT_14182,10.0,ALLOW,0,
EVT_14183,15.0,ALLOW,0,
EVT_14184,10.0,ALLOW,0,
EVT_14185,45.0,CHALLENGE,1,Impossible_Travel
EVT_14186,25.0,ALLOW,0,
EVT_14187,25.0,ALLOW,0,
EVT_14188,45.0,CHALLENGE,0,
EVT_14189,15.0,ALLOW,0,
EVT_14190,15.0,ALLOW,0,
EVT_14191,15.0,ALLOW,0,
EVT_14192,25.0,ALLOW,0,
EVT_14193,25.0,ALLOW,0,
EVT_14194,25.0,ALLOW,0,
EVT_14195,25.0,ALLOW,0,
EVT_14196,30.0,ALLOW,0,
EVT_14197,25.0,ALLOW,0,
EVT_14198,10.0,ALLOW,0,
EVT_14199,10.0,ALLOW,0,
EVT_14200,10.0,ALLOW,0,
EVT_14201,10.0,ALLOW,0,
EVT_14202,10.0,ALLOW,0,
EVT_14203,50.0,CHALLENGE,0,
EVT_14204,70.0,CHALLENGE,1,Impossible_Travel
EVT_14205,15.0,ALLOW,0,
EVT_14206,10.0,ALLOW,0,
EVT_14207,25.0,ALLOW,0,
EVT_14208,25.0,ALLOW,0,
EVT_14209,25.0,ALLOW,0,
EVT_14210,20.0,ALLOW,0,
EVT_14211,25.0,ALLOW,0,
EVT_14212,45.0,CHALLENGE,1,Impossible_Travel
EVT_14213,25.0,ALLOW,0,
EVT_14214,30.0,ALLOW,0,
EVT_14215,25.0,ALLOW,0,
EVT_14216,20.0,ALLOW,0,
EVT_14217,25.0,ALLOW,0,
EVT_14218,25.0,ALLOW,0,
EVT_14219,10.0,ALLOW,0,
EVT_14220,10.0,ALLOW,0,
EVT_14221,15.0,ALLOW,0,
EVT_14222,65.0,CHALLENGE,0,
EVT_14223,10.0,ALLOW,0,
EVT_14224,10.0,ALLOW,0,
EVT_14225,10.0,ALLOW,0,
EVT_14226,10.0,ALLOW,0,
EVT_14227,10.0,ALLOW,0,
EVT_14228,45.0,CHALLENGE,0,
EVT_14229,10.0,ALLOW,0,
EVT_14230,10.0,ALLOW,0,
EVT_14231,25.0,ALLOW,0,
EVT_14232,45.0,CHALLENGE,1,Impossible_Travel
EVT_14233,10.0,ALLOW,0,
EVT_14234,25.0,ALLOW,0,
EVT_14235,15.0,ALLOW,0,
EVT_14236,10.0,ALLOW,0,
EVT_14237,10.0,ALLOW,0,
EVT_14238,10.0,ALLOW,0,
EVT_14239,10.0,ALLOW,0,
EVT_14240,25.0,ALLOW,0,
EVT_14241,25.0,ALLOW,0,
EVT_14242,10.0,ALLOW,0,
EVT_14243,10.0,ALLOW,0,
EVT_14244,10.0,ALLOW,0,
EVT_14245,15.0,ALLOW,0,
EVT_14246,10.0,ALLOW,0,
EVT_14247,25.0,ALLOW,0,
EVT_14248,10.0,ALLOW,0,
EVT_14249,25.0,ALLOW,0,
EVT_14250,25.0,ALLOW,0,
EVT_14251,10.0,ALLOW,0,
EVT_14252,10.0,ALLOW,0,
EVT_14253,35.0,ALLOW,1,Unusual_Resource_Access
EVT_14254,10.0,ALLOW,0,
EVT_14255,25.0,ALLOW,0,
EVT_14256,40.0,ALLOW,0,
EVT_14257,35.0,ALLOW,0,
EVT_14258,15.0,ALLOW,0,
EVT_14259,10.0,ALLOW,0,
EVT_14260,10.0,ALLOW,0,
EVT_14261,25.0,ALLOW,0,
EVT_14262,15.0,ALLOW,0,
EVT_14263,10.0,ALLOW,0,
EVT_14264,15.0,ALLOW,0,
EVT_14265,10.0,ALLOW,0,
EVT_14266,25.0,ALLOW,0,
EVT_14267,10.0,ALLOW,0,
EVT_14268,15.0,ALLOW,0,
EVT_14269,45.0,CHALLENGE,1,Impossible_Travel
EVT_14270,10.0,ALLOW,0,
EVT_14271,10.0,ALLOW,0,
EVT_14272,10.0,ALLOW,0,
EVT_14273,45.0,CHALLENGE,0,
EVT_14274,10.0,ALLOW,0,
EVT_14275,25.0,ALLOW,0,
EVT_14276,10.0,ALLOW,0,
EVT_14277,25.0,ALLOW,0,
EVT_14278,10.0,ALLOW,0,
EVT_14279,10.0,ALLOW,0,
EVT_14280,10.0,ALLOW,0,
EVT_14281,10.0,ALLOW,0,
EVT_14282,50.0,CHALLENGE,0,
EVT_14283,10.0,ALLOW,0,
EVT_14284,40.0,ALLOW,0,
EVT_14285,20.0,ALLOW,0,
EVT_14286,15.0,ALLOW,0,
EVT_14287,10.0,ALLOW,0,
EVT_14288,10.0,ALLOW,0,
EVT_14289,25.0,ALLOW,0,
EVT_14290,10.0,ALLOW,0,
EVT_14291,15.0,ALLOW,0,
EVT_14292,45.0,CHALLENGE,0,
EVT_14293,10.0,ALLOW,0,
EVT_14294,45.0,CHALLENGE,1,Impossible_Travel
EVT_14295,10.0,ALLOW,0,
EVT_14296,10.0,ALLOW,0,
EVT_14297,10.0,ALLOW,0,
EVT_14298,10.0,ALLOW,0,
EVT_14299,10.0,ALLOW,0,
EVT_14300,10.0,ALLOW,0,
EVT_14301,10.0,ALLOW,0,
EVT_14302,25.0,ALLOW,0,
EVT_14303,45.0,CHALLENGE,0,
EVT_14304,25.0,ALLOW,0,
EVT_14305,25.0,ALLOW,0,
EVT_14306,10.0,ALLOW,0,
EVT_14307,15.0,ALLOW,0,
EVT_14308,10.0,ALLOW,0,
EVT_14309,10.0,ALLOW,0,
EVT_14310,10.0,ALLOW,0,
EVT_14311,30.0,ALLOW,0,
EVT_14312,35.0,ALLOW,0,
EVT_14313,10.0,ALLOW,0,
EVT_14314,10.0,ALLOW,0,
EVT_14315,10.0,ALLOW,0,
EVT_14316,10.0,ALLOW,0,
EVT_14317,25.0,ALLOW,0,
EVT_14318,10.0,ALLOW,0,
EVT_14319,25.0,ALLOW,0,
EVT_14320,15.0,ALLOW,0,
EVT_14321,25.0,ALLOW,0,
EVT_14322,15.0,ALLOW,0,
EVT_14323,15.0,ALLOW,0,
EVT_14324,10.0,ALLOW,0,
EVT_14325,10.0,ALLOW,0,
EVT_14326,10.0,ALLOW,0,
EVT_14327,40.0,ALLOW,0,
EVT_14328,10.0,ALLOW,0,
EVT_14329,10.0,ALLOW,0,
EVT_14330,35.0,ALLOW,0,
EVT_14331,10.0,ALLOW,0,
EVT_14332,15.0,ALLOW,0,
EVT_14333,35.0,ALLOW,0,
EVT_14334,55.0,CHALLENGE,0,
EVT_14335,25.0,ALLOW,0,
EVT_14336,15.0,ALLOW,0,
EVT_14337,10.0,ALLOW,0,
EVT_14338,45.0,CHALLENGE,0,
EVT_14339,45.0,CHALLENGE,0,
EVT_14340,30.0,ALLOW,0,
EVT_14341,10.0,ALLOW,0,
EVT_14342,10.0,ALLOW,0,
EVT_14343,10.0,ALLOW,0,
EVT_14344,25.0,ALLOW,0,
EVT_14345,10.0,ALLOW,0,
EVT_14346,10.0,ALLOW,0,
EVT_14347,10.0,ALLOW,0,
EVT_14348,15.0,ALLOW,0,
EVT_14349,50.0,CHALLENGE,0,
EVT_14350,10.0,ALLOW,0,
EVT_14351,10.0,ALLOW,0,
EVT_14352,45.0,CHALLENGE,0,
EVT_14353,10.0,ALLOW,0,
EVT_14354,10.0,ALLOW,0,
EVT_14355,10.0,ALLOW,0,
EVT_14356,10.0,ALLOW,0,
EVT_14357,10.0,ALLOW,0,
EVT_14358,10.0,ALLOW,0,
EVT_14359,15.0,ALLOW,0,
EVT_14360,30.0,ALLOW,0,
EVT_14361,95.0,BLOCK,1,New_Device_Sensitive
EVT_14362,45.0,CHALLENGE,0,
EVT_14363,55.0,CHALLENGE,0,
EVT_14364,20.0,ALLOW,0,
EVT_14365,15.0,ALLOW,0,
EVT_14366,10.0,ALLOW,0,
EVT_14367,40.0,ALLOW,0,
EVT_14368,45.0,CHALLENGE,1,Impossible_Travel
EVT_14369,10.0,ALLOW,0,
EVT_14370,10.0,ALLOW,0,
EVT_14371,15.0,ALLOW,0,
EVT_14372,10.0,ALLOW,0,
EVT_14373,25.0,ALLOW,0,
EVT_14374,25.0,ALLOW,0,
EVT_14375,25.0,ALLOW,1,Unusual_Resource_Access
EVT_14376,25.0,ALLOW,0,
EVT_14377,15.0,ALLOW,0,
EVT_14378,10.0,ALLOW,0,
EVT_14379,15.0,ALLOW,0,
EVT_14380,10.0,ALLOW,0,
EVT_14381,10.0,ALLOW,0,
EVT_14382,25.0,ALLOW,0,
EVT_14383,25.0,ALLOW,0,
EVT_14384,95.0,BLOCK,1,New_Device_Sensitive
EVT_14385,20.0,ALLOW,0,
EVT_14386,15.0,ALLOW,0,
EVT_14387,10.0,ALLOW,0,
EVT_14388,35.0,ALLOW,0,
EVT_14389,55.0,CHALLENGE,0,
EVT_14390,15.0,ALLOW,0,
EVT_14391,10.0,ALLOW,0,
EVT_14392,10.0,ALLOW,0,
EVT_14393,25.0,ALLOW,0,
EVT_14394,25.0,ALLOW,0,
EVT_14395,25.0,ALLOW,0,
EVT_14396,10.0,ALLOW,0,
EVT_14397,45.0,CHALLENGE,1,Impossible_Travel
EVT_14398,35.0,ALLOW,0,
EVT_14399,35.0,ALLOW,0,
EVT_14400,25.0,ALLOW,0,
EVT_14401,10.0,ALLOW,0,
EVT_14402,10.0,ALLOW,0,
EVT_14403,25.0,ALLOW,0,
EVT_14404,25.0,ALLOW,0,
EVT_14405,10.0,ALLOW,0,
EVT_14406,25.0,ALLOW,0,
EVT_14407,15.0,ALLOW,0,
EVT_14408,15.0,ALLOW,0,
EVT_14409,45.0,CHALLENGE,0,
EVT_14410,10.0,ALLOW,0,
EVT_14411,30.0,ALLOW,0,
EVT_14412,15.0,ALLOW,0,
EVT_14413,15.0,ALLOW,0,
EVT_14414,30.0,ALLOW,0,
EVT_14415,40.0,ALLOW,0,
EVT_14416,10.0,ALLOW,0,
EVT_14417,10.0,ALLOW,0,
EVT_14418,15.0,ALLOW,0,
EVT_14419,10.0,ALLOW,0,
EVT_14420,10.0,ALLOW,0,
EVT_14421,10.0,ALLOW,0,
EVT_14422,25.0,ALLOW,0,
EVT_14423,15.0,ALLOW,0,
EVT_14424,10.0,ALLOW,0,
EVT_14425,10.0,ALLOW,0,
EVT_14426,10.0,ALLOW,0,
EVT_14427,10.0,ALLOW,0,
EVT_14428,10.0,ALLOW,0,
EVT_14429,10.0,ALLOW,0,
EVT_14430,10.0,ALLOW,0,
EVT_14431,10.0,ALLOW,0,
EVT_14432,50.0,CHALLENGE,0,
EVT_14433,10.0,ALLOW,0,
EVT_14434,60.0,CHALLENGE,0,
EVT_14435,10.0,ALLOW,0,
EVT_14436,10.0,ALLOW,0,
EVT_14437,10.0,ALLOW,0,
EVT_14438,30.0,ALLOW,0,
EVT_14439,10.0,ALLOW,0,
EVT_14440,25.0,ALLOW,0,
EVT_14441,15.0,ALLOW,0,
EVT_14442,10.0,ALLOW,0,
EVT_14443,10.0,ALLOW,0,
EVT_14444,10.0,ALLOW,0,
EVT_14445,25.0,ALLOW,0,
EVT_14446,25.0,ALLOW,0,
EVT_14447,25.0,ALLOW,0,
EVT_14448,10.0,ALLOW,0,
EVT_14449,15.0,ALLOW,0,
EVT_14450,30.0,ALLOW,0,
EVT_14451,45.0,CHALLENGE,0,
EVT_14452,25.0,ALLOW,0,
EVT_14453,10.0,ALLOW,0,
EVT_14454,10.0,ALLOW,0,
EVT_14455,35.0,ALLOW,0,
EVT_14456,10.0,ALLOW,0,
EVT_14457,15.0,ALLOW,0,
EVT_14458,25.0,ALLOW,0,
EVT_14459,30.0,ALLOW,0,
EVT_14460,30.0,ALLOW,0,
EVT_14461,25.0,ALLOW,0,
EVT_14462,10.0,ALLOW,0,
EVT_14463,10.0,ALLOW,0,
EVT_14464,10.0,ALLOW,0,
EVT_14465,10.0,ALLOW,0,
EVT_14466,10.0,ALLOW,0,
EVT_14467,10.0,ALLOW,0,
EVT_14468,10.0,ALLOW,0,
EVT_14469,45.0,CHALLENGE,0,
EVT_14470,10.0,ALLOW,0,
EVT_14471,25.0,ALLOW,0,
EVT_14472,30.0,ALLOW,0,
EVT_14473,15.0,ALLOW,0,
EVT_14474,15.0,ALLOW,0,
EVT_14475,10.0,ALLOW,0,
EVT_14476,30.0,ALLOW,0,
EVT_14477,30.0,ALLOW,0,
EVT_14478,10.0,ALLOW,0,
EVT_14479,15.0,ALLOW,0,
EVT_14480,40.0,ALLOW,0,
EVT_14481,40.0,ALLOW,0,
EVT_14482,25.0,ALLOW,0,
EVT_14483,15.0,ALLOW,0,
EVT_14484,10.0,ALLOW,0,
EVT_14485,15.0,ALLOW,0,
EVT_14486,10.0,ALLOW,0,
EVT_14487,40.0,ALLOW,0,
EVT_14488,10.0,ALLOW,0,
EVT_14489,10.0,ALLOW,0,
EVT_14490,10.0,ALLOW,0,
EVT_14491,15.0,ALLOW,0,
EVT_14492,10.0,ALLOW,0,
EVT_14493,10.0,ALLOW,0,
EVT_14494,15.0,ALLOW,0,
EVT_14495,25.0,ALLOW,0,
EVT_14496,10.0,ALLOW,0,
EVT_14497,15.0,ALLOW,0,
EVT_14498,10.0,ALLOW,0,
EVT_14499,10.0,ALLOW,0,
EVT_14500,15.0,ALLOW,0,
EVT_14501,10.0,ALLOW,0,
EVT_14502,15.0,ALLOW,0,
EVT_14503,25.0,ALLOW,0,
EVT_14504,25.0,ALLOW,0,
EVT_14505,25.0,ALLOW,0,
EVT_14506,25.0,ALLOW,0,
EVT_14507,25.0,ALLOW,0,
EVT_14508,25.0,ALLOW,0,
EVT_14509,10.0,ALLOW,0,
EVT_14510,50.0,CHALLENGE,0,
EVT_14511,45.0,CHALLENGE,0,
EVT_14512,15.0,ALLOW,0,
EVT_14513,40.0,ALLOW,0,
EVT_14514,15.0,ALLOW,0,
EVT_14515,50.0,CHALLENGE,0,
EVT_14516,10.0,ALLOW,0,
EVT_14517,25.0,ALLOW,0,
EVT_14518,25.0,ALLOW,0,
EVT_14519,25.0,ALLOW,0,
EVT_14520,45.0,CHALLENGE,0,
EVT_14521,10.0,ALLOW,0,
EVT_14522,10.0,ALLOW,0,
EVT_14523,25.0,ALLOW,0,
EVT_14524,35.0,ALLOW,0,
EVT_14525,10.0,ALLOW,0,
EVT_14526,10.0,ALLOW,0,
EVT_14527,25.0,ALLOW,0,
EVT_14528,35.0,ALLOW,0,
EVT_14529,10.0,ALLOW,0,
EVT_14530,10.0,ALLOW,0,
EVT_14531,45.0,CHALLENGE,0,
EVT_14532,25.0,ALLOW,0,
EVT_14533,25.0,ALLOW,0,
EVT_14534,25.0,ALLOW,0,
EVT_14535,10.0,ALLOW,0,
EVT_14536,25.0,ALLOW,0,
EVT_14537,10.0,ALLOW,0,
EVT_14538,25.0,ALLOW,0,
EVT_14539,25.0,ALLOW,0,
EVT_14540,10.0,ALLOW,0,
EVT_14541,10.0,ALLOW,0,
EVT_14542,10.0,ALLOW,0,
EVT_14543,20.0,ALLOW,0,
EVT_14544,10.0,ALLOW,0,
EVT_14545,35.0,ALLOW,0,
EVT_14546,15.0,ALLOW,0,
EVT_14547,45.0,CHALLENGE,0,
EVT_14548,50.0,CHALLENGE,0,
EVT_14549,40.0,ALLOW,0,
EVT_14550,10.0,ALLOW,0,
EVT_14551,25.0,ALLOW,0,
EVT_14552,15.0,ALLOW,0,
EVT_14553,25.0,ALLOW,1,Unusual_Resource_Access
EVT_14554,25.0,ALLOW,0,
EVT_14555,30.0,ALLOW,0,
EVT_14556,25.0,ALLOW,0,
EVT_14557,10.0,ALLOW,0,
EVT_14558,25.0,ALLOW,0,
EVT_14559,10.0,ALLOW,0,
EVT_14560,10.0,ALLOW,0,
EVT_14561,30.0,ALLOW,0,
EVT_14562,50.0,CHALLENGE,0,
EVT_14563,25.0,ALLOW,0,
EVT_14564,10.0,ALLOW,0,
EVT_14565,10.0,ALLOW,0,
EVT_14566,10.0,ALLOW,0,
EVT_14567,45.0,CHALLENGE,0,
EVT_14568,10.0,ALLOW,0,
EVT_14569,45.0,CHALLENGE,0,
EVT_14570,25.0,ALLOW,0,
EVT_14571,10.0,ALLOW,0,
EVT_14572,45.0,CHALLENGE,0,
EVT_14573,10.0,ALLOW,0,
EVT_14574,10.0,ALLOW,0,
EVT_14575,10.0,ALLOW,0,
EVT_14576,25.0,ALLOW,0,
EVT_14577,40.0,ALLOW,0,
EVT_14578,25.0,ALLOW,0,
EVT_14579,10.0,ALLOW,0,
EVT_14580,40.0,ALLOW,0,
EVT_14581,10.0,ALLOW,0,
EVT_14582,15.0,ALLOW,0,
EVT_14583,10.0,ALLOW,0,
EVT_14584,10.0,ALLOW,0,
EVT_14585,10.0,ALLOW,0,
EVT_14586,30.0,ALLOW,0,
EVT_14587,10.0,ALLOW,0,
EVT_14588,25.0,ALLOW,0,
EVT_14589,45.0,CHALLENGE,0,
EVT_14590,10.0,ALLOW,0,
EVT_14591,10.0,ALLOW,0,
EVT_14592,10.0,ALLOW,0,
EVT_14593,10.0,ALLOW,0,
EVT_14594,25.0,ALLOW,0,
EVT_14595,10.0,ALLOW,0,
EVT_14596,15.0,ALLOW,0,
EVT_14597,80.0,BLOCK,1,New_Device_Sensitive
EVT_14598,25.0,ALLOW,0,
EVT_14599,25.0,ALLOW,0,
EVT_14600,10.0,ALLOW,0,
EVT_14601,25.0,ALLOW,0,
EVT_14602,10.0,ALLOW,0,
EVT_14603,15.0,ALLOW,0,
EVT_14604,10.0,ALLOW,0,
EVT_14605,10.0,ALLOW,0,
EVT_14606,20.0,ALLOW,0,
EVT_14607,40.0,ALLOW,0,
EVT_14608,10.0,ALLOW,0,
EVT_14609,10.0,ALLOW,0,
EVT_14610,10.0,ALLOW,0,
EVT_14611,10.0,ALLOW,0,
EVT_14612,15.0,ALLOW,0,
EVT_14613,10.0,ALLOW,0,
EVT_14614,10.0,ALLOW,0,
EVT_14615,10.0,ALLOW,0,
EVT_14616,15.0,ALLOW,0,
EVT_14617,15.0,ALLOW,0,
EVT_14618,10.0,ALLOW,0,
EVT_14619,25.0,ALLOW,0,
EVT_14620,10.0,ALLOW,0,
EVT_14621,10.0,ALLOW,0,
EVT_14622,15.0,ALLOW,0,
EVT_14623,45.0,CHALLENGE,0,
EVT_14624,15.0,ALLOW,0,
EVT_14625,10.0,ALLOW,0,
EVT_14626,25.0,ALLOW,0,
EVT_14627,25.0,ALLOW,0,
EVT_14628,45.0,CHALLENGE,1,Impossible_Travel
EVT_14629,25.0,ALLOW,0,
EVT_14630,45.0,CHALLENGE,0,
EVT_14631,10.0,ALLOW,0,
EVT_14632,10.0,ALLOW,0,
EVT_14633,25.0,ALLOW,0,
EVT_14634,10.0,ALLOW,0,
EVT_14635,25.0,ALLOW,0,
EVT_14636,15.0,ALLOW,0,
EVT_14637,30.0,ALLOW,0,
EVT_14638,25.0,ALLOW,0,
EVT_14639,10.0,ALLOW,0,
EVT_14640,35.0,ALLOW,0,
EVT_14641,30.0,ALLOW,0,
EVT_14642,10.0,ALLOW,0,
EVT_14643,60.0,CHALLENGE,1,Impossible_Travel
EVT_14644,25.0,ALLOW,0,
EVT_14645,10.0,ALLOW,0,
EVT_14646,10.0,ALLOW,0,
EVT_14647,40.0,ALLOW,0,
EVT_14648,10.0,ALLOW,0,
EVT_14649,25.0,ALLOW,0,
EVT_14650,10.0,ALLOW,0,
EVT_14651,10.0,ALLOW,0,
EVT_14652,25.0,ALLOW,0,
EVT_14653,35.0,ALLOW,0,
EVT_14654,15.0,ALLOW,0,
EVT_14655,45.0,CHALLENGE,0,
EVT_14656,10.0,ALLOW,0,
EVT_14657,45.0,CHALLENGE,0,
EVT_14658,10.0,ALLOW,0,
EVT_14659,25.0,ALLOW,0,
EVT_14660,15.0,ALLOW,0,
EVT_14661,15.0,ALLOW,0,
EVT_14662,25.0,ALLOW,0,
EVT_14663,10.0,ALLOW,0,
EVT_14664,35.0,ALLOW,0,
EVT_14665,25.0,ALLOW,0,
EVT_14666,15.0,ALLOW,0,
EVT_14667,10.0,ALLOW,0,
EVT_14668,10.0,ALLOW,0,
EVT_14669,25.0,ALLOW,0,
EVT_14670,10.0,ALLOW,0,
EVT_14671,10.0,ALLOW,0,
EVT_14672,10.0,ALLOW,0,
EVT_14673,10.0,ALLOW,0,
EVT_14674,25.0,ALLOW,0,
EVT_14675,10.0,ALLOW,0,
EVT_14676,10.0,ALLOW,0,
EVT_14677,15.0,ALLOW,0,
EVT_14678,55.0,CHALLENGE,0,
EVT_14679,10.0,ALLOW,0,
EVT_14680,10.0,ALLOW,0,
EVT_14681,10.0,ALLOW,0,
EVT_14682,25.0,ALLOW,0,
EVT_14683,10.0,ALLOW,0,
EVT_14684,10.0,ALLOW,0,
EVT_14685,25.0,ALLOW,0,
EVT_14686,10.0,ALLOW,0,
EVT_14687,25.0,ALLOW,0,
EVT_14688,25.0,ALLOW,0,
EVT_14689,45.0,CHALLENGE,0,
EVT_14690,10.0,ALLOW,0,
EVT_14691,25.0,ALLOW,0,
EVT_14692,25.0,ALLOW,0,
EVT_14693,10.0,ALLOW,0,
EVT_14694,10.0,ALLOW,0,
EVT_14695,15.0,ALLOW,0,
EVT_14696,10.0,ALLOW,0,
EVT_14697,25.0,ALLOW,0,
EVT_14698,15.0,ALLOW,0,
EVT_14699,30.0,ALLOW,0,
EVT_14700,35.0,ALLOW,0,
EVT_14701,25.0,ALLOW,0,
EVT_14702,15.0,ALLOW,0,
EVT_14703,25.0,ALLOW,1,Unusual_Resource_Access
EVT_14704,25.0,ALLOW,0,
EVT_14705,30.0,ALLOW,0,
EVT_14706,30.0,ALLOW,0,
EVT_14707,10.0,ALLOW,0,
EVT_14708,40.0,ALLOW,0,
EVT_14709,10.0,ALLOW,0,
EVT_14710,10.0,ALLOW,0,
EVT_14711,25.0,ALLOW,0,
EVT_14712,10.0,ALLOW,0,
EVT_14713,10.0,ALLOW,0,
EVT_14714,20.0,ALLOW,0,
EVT_14715,25.0,ALLOW,0,
EVT_14716,10.0,ALLOW,0,
EVT_14717,25.0,ALLOW,0,
EVT_14718,30.0,ALLOW,0,
EVT_14719,10.0,ALLOW,0,
EVT_14720,10.0,ALLOW,0,
EVT_14721,10.0,ALLOW,0,
EVT_14722,10.0,ALLOW,0,
EVT_14723,45.0,CHALLENGE,0,
EVT_14724,10.0,ALLOW,0,
EVT_14725,25.0,ALLOW,0,
EVT_14726,10.0,ALLOW,0,
EVT_14727,25.0,ALLOW,0,
EVT_14728,95.0,BLOCK,1,New_Device_Sensitive
EVT_14729,25.0,ALLOW,0,
EVT_14730,10.0,ALLOW,0,
EVT_14731,25.0,ALLOW,0,
EVT_14732,10.0,ALLOW,0,
EVT_14733,10.0,ALLOW,0,
EVT_14734,10.0,ALLOW,0,
EVT_14735,10.0,ALLOW,0,
EVT_14736,10.0,ALLOW,0,
EVT_14737,10.0,ALLOW,0,
EVT_14738,45.0,CHALLENGE,0,
EVT_14739,10.0,ALLOW,0,
EVT_14740,25.0,ALLOW,0,
EVT_14741,10.0,ALLOW,0,
EVT_14742,25.0,ALLOW,0,
EVT_14743,10.0,ALLOW,0,
EVT_14744,45.0,CHALLENGE,0,
EVT_14745,10.0,ALLOW,0,
EVT_14746,25.0,ALLOW,0,
EVT_14747,25.0,ALLOW,0,
EVT_14748,45.0,CHALLENGE,0,
EVT_14749,15.0,ALLOW,0,
EVT_14750,15.0,ALLOW,0,
EVT_14751,10.0,ALLOW,0,
EVT_14752,10.0,ALLOW,0,
EVT_14753,20.0,ALLOW,0,
EVT_14754,40.0,ALLOW,0,
EVT_14755,10.0,ALLOW,0,
EVT_14756,45.0,CHALLENGE,0,
EVT_14757,25.0,ALLOW,0,
EVT_14758,10.0,ALLOW,0,
EVT_14759,10.0,ALLOW,0,
EVT_14760,10.0,ALLOW,0,
EVT_14761,10.0,ALLOW,0,
EVT_14762,20.0,ALLOW,0,
EVT_14763,10.0,ALLOW,0,
EVT_14764,30.0,ALLOW,0,
EVT_14765,15.0,ALLOW,0,
EVT_14766,15.0,ALLOW,0,
EVT_14767,10.0,ALLOW,0,
EVT_14768,45.0,CHALLENGE,0,
EVT_14769,10.0,ALLOW,0,
EVT_14770,10.0,ALLOW,0,
EVT_14771,10.0,ALLOW,0,
EVT_14772,25.0,ALLOW,0,
EVT_14773,15.0,ALLOW,0,
EVT_14774,10.0,ALLOW,0,
EVT_14775,10.0,ALLOW,0,
EVT_14776,10.0,ALLOW,0,
EVT_14777,10.0,ALLOW,0,
EVT_14778,25.0,ALLOW,0,
EVT_14779,45.0,CHALLENGE,0,
EVT_14780,10.0,ALLOW,0,
EVT_14781,25.0,ALLOW,0,
EVT_14782,10.0,ALLOW,0,
EVT_14783,30.0,ALLOW,0,
EVT_14784,15.0,ALLOW,0,
EVT_14785,15.0,ALLOW,0,
EVT_14786,10.0,ALLOW,0,
EVT_14787,15.0,ALLOW,0,
EVT_14788,40.0,ALLOW,0,
EVT_14789,30.0,ALLOW,0,
EVT_14790,25.0,ALLOW,0,
EVT_14791,10.0,ALLOW,0,
EVT_14792,45.0,CHALLENGE,1,Impossible_Travel
EVT_14793,25.0,ALLOW,0,
EVT_14794,70.0,CHALLENGE,0,
EVT_14795,20.0,ALLOW,0,
EVT_14796,85.0,BLOCK,1,New_Device_Sensitive
EVT_14797,25.0,ALLOW,0,
EVT_14798,25.0,ALLOW,0,
EVT_14799,10.0,ALLOW,0,
EVT_14800,10.0,ALLOW,0,
EVT_14801,10.0,ALLOW,0,
EVT_14802,10.0,ALLOW,0,
EVT_14803,10.0,ALLOW,0,
EVT_14804,30.0,ALLOW,0,
EVT_14805,10.0,ALLOW,0,
EVT_14806,10.0,ALLOW,0,
EVT_14807,10.0,ALLOW,0,
EVT_14808,35.0,ALLOW,0,
EVT_14809,15.0,ALLOW,0,
EVT_14810,25.0,ALLOW,0,
EVT_14811,25.0,ALLOW,0,
EVT_14812,25.0,ALLOW,0,
EVT_14813,10.0,ALLOW,0,
EVT_14814,25.0,ALLOW,0,
EVT_14815,25.0,ALLOW,0,
EVT_14816,10.0,ALLOW,0,
EVT_14817,25.0,ALLOW,0,
EVT_14818,30.0,ALLOW,0,
EVT_14819,25.0,ALLOW,0,
EVT_14820,10.0,ALLOW,0,
EVT_14821,10.0,ALLOW,0,
EVT_14822,15.0,ALLOW,0,
EVT_14823,25.0,ALLOW,0,
EVT_14824,10.0,ALLOW,0,
EVT_14825,15.0,ALLOW,0,
EVT_14826,40.0,ALLOW,0,
EVT_14827,25.0,ALLOW,0,
EVT_14828,45.0,CHALLENGE,0,
EVT_14829,10.0,ALLOW,0,
EVT_14830,10.0,ALLOW,0,
EVT_14831,85.0,BLOCK,1,New_Device_Sensitive
EVT_14832,35.0,ALLOW,0,
EVT_14833,25.0,ALLOW,0,
EVT_14834,30.0,ALLOW,0,
EVT_14835,45.0,CHALLENGE,0,
EVT_14836,10.0,ALLOW,0,
EVT_14837,10.0,ALLOW,0,
EVT_14838,10.0,ALLOW,0,
EVT_14839,10.0,ALLOW,0,
EVT_14840,10.0,ALLOW,0,
EVT_14841,35.0,ALLOW,1,Unusual_Resource_Access
EVT_14842,10.0,ALLOW,0,
EVT_14843,25.0,ALLOW,0,
EVT_14844,15.0,ALLOW,0,
EVT_14845,10.0,ALLOW,0,
EVT_14846,10.0,ALLOW,0,
EVT_14847,15.0,ALLOW,0,
EVT_14848,10.0,ALLOW,0,
EVT_14849,10.0,ALLOW,0,
EVT_14850,10.0,ALLOW,0,
EVT_14851,10.0,ALLOW,0,
EVT_14852,35.0,ALLOW,0,
EVT_14853,10.0,ALLOW,0,
EVT_14854,25.0,ALLOW,0,
EVT_14855,25.0,ALLOW,0,
EVT_14856,10.0,ALLOW,0,
EVT_14857,25.0,ALLOW,0,
EVT_14858,10.0,ALLOW,0,
EVT_14859,30.0,ALLOW,0,
EVT_14860,25.0,ALLOW,0,
EVT_14861,10.0,ALLOW,0,
EVT_14862,40.0,ALLOW,0,
EVT_14863,25.0,ALLOW,0,
EVT_14864,30.0,ALLOW,0,
EVT_14865,25.0,ALLOW,0,
EVT_14866,20.0,ALLOW,0,
EVT_14867,10.0,ALLOW,0,
EVT_14868,10.0,ALLOW,0,
EVT_14869,10.0,ALLOW,0,
EVT_14870,10.0,ALLOW,0,
EVT_14871,10.0,ALLOW,0,
EVT_14872,45.0,CHALLENGE,0,
EVT_14873,40.0,ALLOW,0,
EVT_14874,10.0,ALLOW,0,
EVT_14875,25.0,ALLOW,0,
EVT_14876,10.0,ALLOW,0,
EVT_14877,10.0,ALLOW,0,
EVT_14878,55.0,CHALLENGE,0,
EVT_14879,10.0,ALLOW,0,
EVT_14880,10.0,ALLOW,0,
EVT_14881,35.0,ALLOW,0,
EVT_14882,10.0,ALLOW,0,
EVT_14883,10.0,ALLOW,0,
EVT_14884,10.0,ALLOW,0,
EVT_14885,25.0,ALLOW,0,
EVT_14886,25.0,ALLOW,0,
EVT_14887,10.0,ALLOW,0,
EVT_14888,10.0,ALLOW,0,
EVT_14889,10.0,ALLOW,0,
EVT_14890,10.0,ALLOW,0,
EVT_14891,10.0,ALLOW,0,
EVT_14892,45.0,CHALLENGE,1,Impossible_Travel
EVT_14893,10.0,ALLOW,0,
EVT_14894,10.0,ALLOW,0,
EVT_14895,15.0,ALLOW,0,
EVT_14896,25.0,ALLOW,0,
EVT_14897,45.0,CHALLENGE,1,Impossible_Travel
EVT_14898,25.0,ALLOW,0,
EVT_14899,15.0,ALLOW,0,
EVT_14900,15.0,ALLOW,0,
EVT_14901,85.0,BLOCK,1,New_Device_Sensitive
EVT_14902,10.0,ALLOW,0,
EVT_14903,10.0,ALLOW,0,
EVT_14904,50.0,CHALLENGE,0,
EVT_14905,10.0,ALLOW,0,
EVT_14906,40.0,ALLOW,0,
EVT_14907,25.0,ALLOW,0,
EVT_14908,40.0,ALLOW,0,
EVT_14909,10.0,ALLOW,0,
EVT_14910,25.0,ALLOW,0,
EVT_14911,25.0,ALLOW,0,
EVT_14912,25.0,ALLOW,0,
EVT_14913,25.0,ALLOW,0,
EVT_14914,10.0,ALLOW,0,
EVT_14915,30.0,ALLOW,0,
EVT_14916,25.0,ALLOW,0,
EVT_14917,10.0,ALLOW,0,
EVT_14918,10.0,ALLOW,0,
EVT_14919,25.0,ALLOW,0,
EVT_14920,10.0,ALLOW,0,
EVT_14921,25.0,ALLOW,0,
EVT_14922,25.0,ALLOW,0,
EVT_14923,10.0,ALLOW,0,
EVT_14924,40.0,ALLOW,0,
EVT_14925,10.0,ALLOW,0,
EVT_14926,15.0,ALLOW,0,
EVT_14927,15.0,ALLOW,0,
EVT_14928,25.0,ALLOW,0,
EVT_14929,10.0,ALLOW,0,
EVT_14930,50.0,CHALLENGE,0,
EVT_14931,15.0,ALLOW,0,
EVT_14932,10.0,ALLOW,0,
EVT_14933,10.0,ALLOW,0,
EVT_14934,40.0,ALLOW,0,
EVT_14935,30.0,ALLOW,0,
EVT_14936,10.0,ALLOW,0,
EVT_14937,10.0,ALLOW,0,
EVT_14938,10.0,ALLOW,0,
EVT_14939,25.0,ALLOW,0,
EVT_14940,10.0,ALLOW,0,
EVT_14941,25.0,ALLOW,0,
EVT_14942,10.0,ALLOW,0,
EVT_14943,25.0,ALLOW,0,
EVT_14944,15.0,ALLOW,0,
EVT_14945,10.0,ALLOW,0,
EVT_14946,10.0,ALLOW,0,
EVT_14947,25.0,ALLOW,0,
EVT_14948,10.0,ALLOW,0,
EVT_14949,25.0,ALLOW,0,
EVT_14950,10.0,ALLOW,0,
EVT_14951,25.0,ALLOW,0,
EVT_14952,45.0,CHALLENGE,0,
EVT_14953,25.0,ALLOW,0,
EVT_14954,15.0,ALLOW,0,
EVT_14955,10.0,ALLOW,0,
EVT_14956,10.0,ALLOW,0,
EVT_14957,10.0,ALLOW,0,
EVT_14958,10.0,ALLOW,0,
EVT_14959,25.0,ALLOW,0,
EVT_14960,10.0,ALLOW,0,
EVT_14961,25.0,ALLOW,0,
EVT_14962,35.0,ALLOW,0,
EVT_14963,10.0,ALLOW,0,
EVT_14964,25.0,ALLOW,0,
EVT_14965,45.0,CHALLENGE,0,
EVT_14966,10.0,ALLOW,0,
EVT_14967,15.0,ALLOW,0,
EVT_14968,10.0,ALLOW,0,
EVT_14969,10.0,ALLOW,0,
EVT_14970,15.0,ALLOW,0,
EVT_14971,10.0,ALLOW,0,
EVT_14972,10.0,ALLOW,0,
EVT_14973,10.0,ALLOW,0,
EVT_14974,10.0,ALLOW,0,
EVT_14975,10.0,ALLOW,0,
EVT_14976,15.0,ALLOW,0,
EVT_14977,30.0,ALLOW,0,
EVT_14978,10.0,ALLOW,0,
EVT_14979,10.0,ALLOW,0,
EVT_14980,15.0,ALLOW,0,
EVT_14981,10.0,ALLOW,0,
EVT_14982,15.0,ALLOW,0,
EVT_14983,10.0,ALLOW,0,
EVT_14984,25.0,ALLOW,0,
EVT_14985,10.0,ALLOW,0,
EVT_14986,20.0,ALLOW,0,
EVT_14987,10.0,ALLOW,0,
EVT_14988,25.0,ALLOW,0,
EVT_14989,25.0,ALLOW,0,
EVT_14990,10.0,ALLOW,0,
EVT_14991,10.0,ALLOW,0,
EVT_14992,25.0,ALLOW,0,
EVT_14993,25.0,ALLOW,0,
EVT_14994,40.0,ALLOW,0,
EVT_14995,25.0,ALLOW,0,
EVT_14996,20.0,ALLOW,0,
EVT_14997,25.0,ALLOW,0,
EVT_14998,45.0,CHALLENGE,0,
EVT_14999,40.0,ALLOW,0,
